{"type":"FeatureCollection","id":"Distributed Denial of Secrets: USA","swarm_geo_partition_by":"hexagon","swarm_hexagon_resolution":5,"swarm_size_min":3,"swarm_features_size":51373,"data_version":"20260510","btiha_size":25,"features":[{"type":"Feature","properties":{"country_code":"CHN","city":"Nanjing","geoname_id":"1799962","h3_hexagon":599833147210727423,"downloaders":{"size":17647,"mobile":39,"satellite":0,"tor":0,"tor_exit_nodes":0,"vpn":284,"relay":0,"proxy":2,"hosting":9,"service":0},"uploaders":{"size":6328,"mobile":0,"satellite":0,"tor":0,"tor_exit_nodes":0,"vpn":71,"relay":0,"proxy":0,"hosting":0,"service":0}},"geometry":{"type":"Point","coordinates":[118.77778,32.06167]}},{"type":"Feature","properties":{"country_code":"KOR","city":"Seoul","geoname_id":"1835848","h3_hexagon":599838696308473855,"downloaders":{"size":16485,"mobile":418,"satellite":0,"tor":3,"tor_exit_nodes":0,"vpn":377,"relay":0,"proxy":4,"hosting":676,"service":84},"uploaders":{"size":5,"mobile":0,"satellite":0,"tor":0,"tor_exit_nodes":0,"vpn":0,"relay":0,"proxy":0,"hosting":1,"service":0}},"geometry":{"type":"Point","coordinates":[126.9784,37.566]}},{"type":"Feature","properties":{"country_code":"NLD","city":"Lelystad","geoname_id":"2751738","h3_hexagon":599425828618502143,"downloaders":{"size":8389,"mobile":1,"satellite":0,"tor":56,"tor_exit_nodes":5,"vpn":1325,"relay":0,"proxy":62,"hosting":8375,"service":974},"uploaders":{"size":619,"mobile":0,"satellite":0,"tor":23,"tor_exit_nodes":3,"vpn":383,"relay":0,"proxy":2,"hosting":619,"service":354}},"geometry":{"type":"Point","coordinates":[5.475,52.50833]}},{"type":"Feature","properties":{"country_code":"RUS","city":"Moscow","geoname_id":"524901","h3_hexagon":599289533200072703,"downloaders":{"size":7715,"mobile":64,"satellite":0,"tor":0,"tor_exit_nodes":0,"vpn":491,"relay":7,"proxy":17,"hosting":1275,"service":86},"uploaders":{"size":58,"mobile":0,"satellite":0,"tor":0,"tor_exit_nodes":0,"vpn":0,"relay":0,"proxy":0,"hosting":31,"service":0}},"geometry":{"type":"Point","coordinates":[37.61781,55.75204]}},{"type":"Feature","properties":{"country_code":"NLD","city":"Amsterdam","geoname_id":"2759794","h3_hexagon":599425793185021951,"downloaders":{"size":6620,"mobile":24,"satellite":0,"tor":1,"tor_exit_nodes":0,"vpn":2923,"relay":2,"proxy":9,"hosting":5816,"service":1971},"uploaders":{"size":833,"mobile":1,"satellite":0,"tor":1,"tor_exit_nodes":0,"vpn":714,"relay":0,"proxy":2,"hosting":648,"service":653}},"geometry":{"type":"Point","coordinates":[4.88969,52.37403]}},{"type":"Feature","properties":{"country_code":"CHN","city":"Shanghai","geoname_id":"1796236","h3_hexagon":599833714146410495,"downloaders":{"size":5265,"mobile":146,"satellite":0,"tor":0,"tor_exit_nodes":0,"vpn":227,"relay":0,"proxy":3,"hosting":1247,"service":0},"uploaders":{"size":28,"mobile":3,"satellite":0,"tor":0,"tor_exit_nodes":0,"vpn":0,"relay":0,"proxy":0,"hosting":6,"service":0}},"geometry":{"type":"Point","coordinates":[121.45806,31.22222]}},{"type":"Feature","properties":{"country_code":"RUS","city":"Saint Petersburg","geoname_id":"498817","h3_hexagon":599278232067375103,"downloaders":{"size":4456,"mobile":23,"satellite":0,"tor":0,"tor_exit_nodes":0,"vpn":135,"relay":5,"proxy":1,"hosting":256,"service":12},"uploaders":{"size":7,"mobile":0,"satellite":0,"tor":0,"tor_exit_nodes":0,"vpn":0,"relay":0,"proxy":0,"hosting":0,"service":0}},"geometry":{"type":"Point","coordinates":[30.31413,59.93863]}},{"type":"Feature","properties":{"country_code":"CHN","city":"Shenzhen","geoname_id":"1795565","h3_hexagon":600124212849410047,"downloaders":{"size":3472,"mobile":21,"satellite":0,"tor":0,"tor_exit_nodes":0,"vpn":136,"relay":0,"proxy":0,"hosting":37,"service":0},"uploaders":{"size":4,"mobile":0,"satellite":0,"tor":0,"tor_exit_nodes":0,"vpn":1,"relay":0,"proxy":0,"hosting":0,"service":0}},"geometry":{"type":"Point","coordinates":[114.0683,22.54554]}},{"type":"Feature","properties":{"country_code":"GBR","city":"London","geoname_id":"2643743","h3_hexagon":599423697240981503,"downloaders":{"size":3344,"mobile":146,"satellite":1,"tor":10,"tor_exit_nodes":0,"vpn":613,"relay":1,"proxy":24,"hosting":682,"service":559},"uploaders":{"size":264,"mobile":8,"satellite":0,"tor":0,"tor_exit_nodes":0,"vpn":198,"relay":0,"proxy":20,"hosting":204,"service":190}},"geometry":{"type":"Point","coordinates":[-0.12574,51.50853]}},{"type":"Feature","properties":{"country_code":"TUR","city":"Istanbul","geoname_id":"745044","h3_hexagon":599520334005141503,"downloaders":{"size":3045,"mobile":64,"satellite":0,"tor":0,"tor_exit_nodes":0,"vpn":8,"relay":0,"proxy":1,"hosting":29,"service":3},"uploaders":{"size":15,"mobile":0,"satellite":0,"tor":0,"tor_exit_nodes":0,"vpn":0,"relay":0,"proxy":0,"hosting":13,"service":0}},"geometry":{"type":"Point","coordinates":[28.94966,41.01384]}},{"type":"Feature","properties":{"country_code":"CAN","city":"Toronto","geoname_id":"6167865","h3_hexagon":599745919646171135,"downloaders":{"size":2791,"mobile":34,"satellite":4,"tor":0,"tor_exit_nodes":39,"vpn":2030,"relay":0,"proxy":2,"hosting":2166,"service":1966},"uploaders":{"size":977,"mobile":2,"satellite":0,"tor":0,"tor_exit_nodes":26,"vpn":873,"relay":0,"proxy":0,"hosting":866,"service":848}},"geometry":{"type":"Point","coordinates":[-79.39864,43.70643]}},{"type":"Feature","properties":{"country_code":"HUN","city":"Budapest","geoname_id":"3054643","h3_hexagon":599506755466035199,"downloaders":{"size":2679,"mobile":85,"satellite":0,"tor":0,"tor_exit_nodes":0,"vpn":181,"relay":0,"proxy":0,"hosting":201,"service":96},"uploaders":{"size":60,"mobile":8,"satellite":0,"tor":0,"tor_exit_nodes":0,"vpn":46,"relay":0,"proxy":0,"hosting":38,"service":38}},"geometry":{"type":"Point","coordinates":[19.04045,47.49835]}},{"type":"Feature","properties":{"country_code":"FRA","city":"Paris","geoname_id":"2988507","h3_hexagon":599536505630752767,"downloaders":{"size":2545,"mobile":307,"satellite":1,"tor":0,"tor_exit_nodes":0,"vpn":713,"relay":0,"proxy":4,"hosting":1389,"service":609},"uploaders":{"size":82,"mobile":0,"satellite":0,"tor":0,"tor_exit_nodes":0,"vpn":61,"relay":0,"proxy":0,"hosting":56,"service":58}},"geometry":{"type":"Point","coordinates":[2.3488,48.85341]}},{"type":"Feature","properties":{"country_code":"USA","city":"Jersey City","geoname_id":"5099836","h3_hexagon":599718752904282111,"downloaders":{"size":2121,"mobile":5,"satellite":0,"tor":13,"tor_exit_nodes":0,"vpn":1581,"relay":0,"proxy":1,"hosting":1494,"service":1560},"uploaders":{"size":554,"mobile":3,"satellite":0,"tor":12,"tor_exit_nodes":0,"vpn":522,"relay":0,"proxy":0,"hosting":486,"service":522}},"geometry":{"type":"Point","coordinates":[-74.07764,40.72816]}},{"type":"Feature","properties":{"country_code":"KOR","city":"Busan","geoname_id":"1838524","h3_hexagon":599836467220447231,"downloaders":{"size":1822,"mobile":18,"satellite":0,"tor":0,"tor_exit_nodes":0,"vpn":18,"relay":0,"proxy":0,"hosting":1,"service":3},"uploaders":{"size":3,"mobile":2,"satellite":0,"tor":0,"tor_exit_nodes":0,"vpn":0,"relay":0,"proxy":0,"hosting":0,"service":0}},"geometry":{"type":"Point","coordinates":[129.03004,35.10168]}},{"type":"Feature","properties":{"country_code":"CAN","city":"Montréal","geoname_id":"6077243","h3_hexagon":599746916078583807,"downloaders":{"size":1723,"mobile":34,"satellite":0,"tor":2,"tor_exit_nodes":3,"vpn":743,"relay":0,"proxy":99,"hosting":655,"service":728},"uploaders":{"size":255,"mobile":0,"satellite":0,"tor":0,"tor_exit_nodes":0,"vpn":243,"relay":0,"proxy":42,"hosting":114,"service":242}},"geometry":{"type":"Point","coordinates":[-73.58781,45.50884]}},{"type":"Feature","properties":{"country_code":"DEU","city":"Frankfurt am Main","geoname_id":"2925533","h3_hexagon":599536111567503359,"downloaders":{"size":1556,"mobile":0,"satellite":0,"tor":17,"tor_exit_nodes":8,"vpn":760,"relay":0,"proxy":5,"hosting":1480,"service":744},"uploaders":{"size":347,"mobile":0,"satellite":0,"tor":12,"tor_exit_nodes":0,"vpn":263,"relay":0,"proxy":0,"hosting":347,"service":263}},"geometry":{"type":"Point","coordinates":[8.6299,50.1025]}},{"type":"Feature","properties":{"country_code":"CHE","city":"Zürich","geoname_id":"2657896","h3_hexagon":599533925429149695,"downloaders":{"size":1434,"mobile":81,"satellite":0,"tor":2,"tor_exit_nodes":1,"vpn":1182,"relay":0,"proxy":0,"hosting":1171,"service":1157},"uploaders":{"size":424,"mobile":0,"satellite":0,"tor":1,"tor_exit_nodes":1,"vpn":415,"relay":0,"proxy":0,"hosting":394,"service":403}},"geometry":{"type":"Point","coordinates":[8.55,47.36667]}},{"type":"Feature","properties":{"country_code":"USA","city":"Seattle","geoname_id":"5809844","h3_hexagon":599697093384208383,"downloaders":{"size":1329,"mobile":12,"satellite":79,"tor":0,"tor_exit_nodes":0,"vpn":1050,"relay":0,"proxy":0,"hosting":1075,"service":1047},"uploaders":{"size":500,"mobile":7,"satellite":44,"tor":0,"tor_exit_nodes":0,"vpn":412,"relay":0,"proxy":0,"hosting":414,"service":412}},"geometry":{"type":"Point","coordinates":[-122.33207,47.60621]}},{"type":"Feature","properties":{"country_code":"JPN","city":"Tokyo","geoname_id":"1850147","h3_hexagon":599811782969655295,"downloaders":{"size":1247,"mobile":331,"satellite":0,"tor":0,"tor_exit_nodes":0,"vpn":199,"relay":3,"proxy":0,"hosting":282,"service":178},"uploaders":{"size":38,"mobile":0,"satellite":0,"tor":0,"tor_exit_nodes":0,"vpn":37,"relay":0,"proxy":0,"hosting":37,"service":37}},"geometry":{"type":"Point","coordinates":[139.69171,35.6895]}},{"type":"Feature","properties":{"country_code":"USA","city":"Los Angeles","geoname_id":"5368361","h3_hexagon":599711151885910015,"downloaders":{"size":1236,"mobile":11,"satellite":1,"tor":0,"tor_exit_nodes":0,"vpn":787,"relay":1,"proxy":0,"hosting":1078,"service":775},"uploaders":{"size":375,"mobile":1,"satellite":0,"tor":0,"tor_exit_nodes":0,"vpn":327,"relay":0,"proxy":0,"hosting":364,"service":322}},"geometry":{"type":"Point","coordinates":[-118.24368,34.05223]}},{"type":"Feature","properties":{"country_code":"ESP","city":"Madrid","geoname_id":"3117735","h3_hexagon":599982373701943295,"downloaders":{"size":1198,"mobile":13,"satellite":1,"tor":0,"tor_exit_nodes":0,"vpn":192,"relay":1,"proxy":0,"hosting":216,"service":174},"uploaders":{"size":84,"mobile":0,"satellite":0,"tor":0,"tor_exit_nodes":0,"vpn":34,"relay":0,"proxy":0,"hosting":44,"service":34}},"geometry":{"type":"Point","coordinates":[-3.70256,40.4165]}},{"type":"Feature","properties":{"country_code":"POL","city":"Warsaw","geoname_id":"756135","h3_hexagon":599529866685054975,"downloaders":{"size":1145,"mobile":13,"satellite":2,"tor":0,"tor_exit_nodes":0,"vpn":115,"relay":0,"proxy":1,"hosting":176,"service":94},"uploaders":{"size":40,"mobile":0,"satellite":0,"tor":0,"tor_exit_nodes":0,"vpn":31,"relay":0,"proxy":0,"hosting":33,"service":31}},"geometry":{"type":"Point","coordinates":[21.01178,52.22977]}},{"type":"Feature","properties":{"country_code":"CAN","city":"Vancouver","geoname_id":"6173331","h3_hexagon":599697732260593663,"downloaders":{"size":1138,"mobile":293,"satellite":1,"tor":4,"tor_exit_nodes":0,"vpn":656,"relay":0,"proxy":0,"hosting":307,"service":602},"uploaders":{"size":288,"mobile":10,"satellite":0,"tor":0,"tor_exit_nodes":0,"vpn":260,"relay":0,"proxy":0,"hosting":68,"service":233}},"geometry":{"type":"Point","coordinates":[-123.11934,49.24966]}},{"type":"Feature","properties":{"country_code":"HKG","city":"Hong Kong","geoname_id":"1819729","h3_hexagon":600122469092687871,"downloaders":{"size":1128,"mobile":12,"satellite":0,"tor":0,"tor_exit_nodes":0,"vpn":133,"relay":12,"proxy":0,"hosting":156,"service":74},"uploaders":{"size":24,"mobile":0,"satellite":0,"tor":0,"tor_exit_nodes":0,"vpn":21,"relay":0,"proxy":0,"hosting":22,"service":21}},"geometry":{"type":"Point","coordinates":[114.17469,22.27832]}},{"type":"Feature","properties":{"country_code":"TUR","city":"Ankara","geoname_id":"323786","h3_hexagon":599773917464231935,"downloaders":{"size":1057,"mobile":21,"satellite":0,"tor":0,"tor_exit_nodes":0,"vpn":1,"relay":0,"proxy":1,"hosting":0,"service":0},"uploaders":{"size":3,"mobile":0,"satellite":0,"tor":0,"tor_exit_nodes":0,"vpn":0,"relay":0,"proxy":0,"hosting":0,"service":0}},"geometry":{"type":"Point","coordinates":[32.85427,39.91987]}},{"type":"Feature","properties":{"country_code":"USA","city":"Ashburn","geoname_id":"4744870","h3_hexagon":599729341072408575,"downloaders":{"size":1041,"mobile":0,"satellite":1,"tor":0,"tor_exit_nodes":0,"vpn":174,"relay":0,"proxy":0,"hosting":1024,"service":174},"uploaders":{"size":208,"mobile":0,"satellite":0,"tor":0,"tor_exit_nodes":0,"vpn":45,"relay":0,"proxy":0,"hosting":202,"service":45}},"geometry":{"type":"Point","coordinates":[-77.48749,39.04372]}},{"type":"Feature","properties":{"country_code":"BGR","city":"Sofia","geoname_id":"727011","h3_hexagon":599520012956336127,"downloaders":{"size":981,"mobile":13,"satellite":0,"tor":0,"tor_exit_nodes":0,"vpn":149,"relay":20,"proxy":0,"hosting":228,"service":134},"uploaders":{"size":34,"mobile":0,"satellite":0,"tor":0,"tor_exit_nodes":0,"vpn":15,"relay":2,"proxy":0,"hosting":17,"service":17}},"geometry":{"type":"Point","coordinates":[23.32415,42.69751]}},{"type":"Feature","properties":{"country_code":"SWE","city":"Stockholm","geoname_id":"2673730","h3_hexagon":599128723182059519,"downloaders":{"size":936,"mobile":0,"satellite":8,"tor":10,"tor_exit_nodes":3,"vpn":591,"relay":0,"proxy":1,"hosting":618,"service":576},"uploaders":{"size":176,"mobile":0,"satellite":4,"tor":4,"tor_exit_nodes":1,"vpn":169,"relay":0,"proxy":0,"hosting":171,"service":169}},"geometry":{"type":"Point","coordinates":[18.06871,59.32938]}},{"type":"Feature","properties":{"country_code":"USA","city":"Miami","geoname_id":"4164138","h3_hexagon":600186088295759871,"downloaders":{"size":934,"mobile":2,"satellite":1,"tor":0,"tor_exit_nodes":0,"vpn":409,"relay":52,"proxy":1,"hosting":863,"service":461},"uploaders":{"size":122,"mobile":0,"satellite":0,"tor":0,"tor_exit_nodes":0,"vpn":103,"relay":10,"proxy":0,"hosting":111,"service":113}},"geometry":{"type":"Point","coordinates":[-80.19366,25.77427]}},{"type":"Feature","properties":{"country_code":"CHN","city":"Beijing","geoname_id":"1816670","h3_hexagon":599852468121108479,"downloaders":{"size":895,"mobile":3,"satellite":0,"tor":0,"tor_exit_nodes":0,"vpn":24,"relay":0,"proxy":0,"hosting":91,"service":0},"uploaders":{"size":100,"mobile":0,"satellite":0,"tor":0,"tor_exit_nodes":0,"vpn":0,"relay":0,"proxy":0,"hosting":0,"service":0}},"geometry":{"type":"Point","coordinates":[116.39723,39.9075]}},{"type":"Feature","properties":{"country_code":"USA","city":"Chicago","geoname_id":"4887398","h3_hexagon":599654181292212223,"downloaders":{"size":856,"mobile":11,"satellite":2,"tor":5,"tor_exit_nodes":0,"vpn":676,"relay":0,"proxy":0,"hosting":658,"service":606},"uploaders":{"size":199,"mobile":4,"satellite":0,"tor":0,"tor_exit_nodes":0,"vpn":182,"relay":0,"proxy":0,"hosting":190,"service":181}},"geometry":{"type":"Point","coordinates":[-87.65005,41.85003]}},{"type":"Feature","properties":{"country_code":"FRA","city":"Lille","geoname_id":"2998324","h3_hexagon":599423858302255103,"downloaders":{"size":852,"mobile":52,"satellite":0,"tor":0,"tor_exit_nodes":0,"vpn":42,"relay":0,"proxy":4,"hosting":699,"service":27},"uploaders":{"size":24,"mobile":0,"satellite":0,"tor":0,"tor_exit_nodes":0,"vpn":4,"relay":0,"proxy":0,"hosting":24,"service":4}},"geometry":{"type":"Point","coordinates":[3.05512,50.63391]}},{"type":"Feature","properties":{"country_code":"UKR","city":"Kyiv","geoname_id":"703448","h3_hexagon":599513355757027327,"downloaders":{"size":848,"mobile":5,"satellite":7,"tor":1,"tor_exit_nodes":0,"vpn":56,"relay":0,"proxy":0,"hosting":175,"service":29},"uploaders":{"size":6,"mobile":0,"satellite":0,"tor":0,"tor_exit_nodes":0,"vpn":0,"relay":0,"proxy":0,"hosting":6,"service":0}},"geometry":{"type":"Point","coordinates":[30.5238,50.45466]}},{"type":"Feature","properties":{"country_code":"RUS","city":"Samara","geoname_id":"499099","h3_hexagon":599269108483096575,"downloaders":{"size":826,"mobile":1,"satellite":0,"tor":0,"tor_exit_nodes":0,"vpn":43,"relay":4,"proxy":0,"hosting":9,"service":30},"uploaders":{"size":3,"mobile":0,"satellite":0,"tor":0,"tor_exit_nodes":0,"vpn":0,"relay":0,"proxy":0,"hosting":0,"service":0}},"geometry":{"type":"Point","coordinates":[50.13553,53.20767]}},{"type":"Feature","properties":{"country_code":"AUS","city":"Sydney","geoname_id":"2147714","h3_hexagon":602322242893774847,"downloaders":{"size":803,"mobile":27,"satellite":2,"tor":0,"tor_exit_nodes":0,"vpn":162,"relay":1,"proxy":1,"hosting":284,"service":148},"uploaders":{"size":82,"mobile":0,"satellite":0,"tor":0,"tor_exit_nodes":0,"vpn":36,"relay":0,"proxy":0,"hosting":42,"service":36}},"geometry":{"type":"Point","coordinates":[151.20732,-33.86785]}},{"type":"Feature","properties":{"country_code":"SGP","city":"Singapore","geoname_id":"1880252","h3_hexagon":600757819309817855,"downloaders":{"size":756,"mobile":18,"satellite":0,"tor":0,"tor_exit_nodes":0,"vpn":368,"relay":9,"proxy":1,"hosting":564,"service":364},"uploaders":{"size":191,"mobile":0,"satellite":0,"tor":0,"tor_exit_nodes":0,"vpn":165,"relay":1,"proxy":0,"hosting":183,"service":166}},"geometry":{"type":"Point","coordinates":[103.85007,1.28967]}},{"type":"Feature","properties":{"country_code":"RUS","city":"Ufa","geoname_id":"479561","h3_hexagon":599274971113455615,"downloaders":{"size":731,"mobile":8,"satellite":0,"tor":0,"tor_exit_nodes":0,"vpn":6,"relay":0,"proxy":0,"hosting":0,"service":0},"uploaders":{"size":3,"mobile":0,"satellite":0,"tor":0,"tor_exit_nodes":0,"vpn":0,"relay":0,"proxy":0,"hosting":0,"service":0}},"geometry":{"type":"Point","coordinates":[55.96779,54.74306]}},{"type":"Feature","properties":{"country_code":"USA","city":"Leesburg","geoname_id":"4769125","h3_hexagon":599729339998666751,"downloaders":{"size":720,"mobile":0,"satellite":0,"tor":0,"tor_exit_nodes":0,"vpn":36,"relay":0,"proxy":0,"hosting":714,"service":36},"uploaders":{"size":47,"mobile":0,"satellite":0,"tor":0,"tor_exit_nodes":0,"vpn":11,"relay":0,"proxy":0,"hosting":47,"service":11}},"geometry":{"type":"Point","coordinates":[-77.5636,39.11566]}},{"type":"Feature","properties":{"country_code":"USA","city":"Denver","geoname_id":"5419384","h3_hexagon":599656933292507135,"downloaders":{"size":710,"mobile":1,"satellite":0,"tor":0,"tor_exit_nodes":0,"vpn":457,"relay":1,"proxy":0,"hosting":602,"service":454},"uploaders":{"size":178,"mobile":0,"satellite":0,"tor":0,"tor_exit_nodes":0,"vpn":178,"relay":0,"proxy":0,"hosting":178,"service":178}},"geometry":{"type":"Point","coordinates":[-104.9847,39.73915]}},{"type":"Feature","properties":{"country_code":"ITA","city":"Milan","geoname_id":"3173435","h3_hexagon":599534678122168319,"downloaders":{"size":683,"mobile":19,"satellite":8,"tor":2,"tor_exit_nodes":0,"vpn":210,"relay":0,"proxy":1,"hosting":295,"service":200},"uploaders":{"size":76,"mobile":0,"satellite":3,"tor":0,"tor_exit_nodes":0,"vpn":69,"relay":0,"proxy":0,"hosting":71,"service":69}},"geometry":{"type":"Point","coordinates":[9.18951,45.46427]}},{"type":"Feature","properties":{"country_code":"RUS","city":"Pushkino","geoname_id":"503977","h3_hexagon":599289527831363583,"downloaders":{"size":675,"mobile":0,"satellite":0,"tor":0,"tor_exit_nodes":0,"vpn":24,"relay":0,"proxy":0,"hosting":19,"service":0},"uploaders":{"size":4,"mobile":0,"satellite":0,"tor":0,"tor_exit_nodes":0,"vpn":0,"relay":0,"proxy":0,"hosting":0,"service":0}},"geometry":{"type":"Point","coordinates":[37.82897,55.99456]}},{"type":"Feature","properties":{"country_code":"USA","city":"Santa Clara","geoname_id":"5393015","h3_hexagon":599686042433355775,"downloaders":{"size":664,"mobile":2,"satellite":11,"tor":1,"tor_exit_nodes":0,"vpn":357,"relay":0,"proxy":0,"hosting":480,"service":320},"uploaders":{"size":96,"mobile":0,"satellite":7,"tor":0,"tor_exit_nodes":0,"vpn":64,"relay":0,"proxy":0,"hosting":69,"service":64}},"geometry":{"type":"Point","coordinates":[-121.95524,37.35411]}},{"type":"Feature","properties":{"country_code":"BRA","city":"São Paulo","geoname_id":"3448439","h3_hexagon":601935341502332927,"downloaders":{"size":660,"mobile":7,"satellite":2,"tor":0,"tor_exit_nodes":0,"vpn":38,"relay":0,"proxy":1,"hosting":121,"service":34},"uploaders":{"size":10,"mobile":0,"satellite":0,"tor":0,"tor_exit_nodes":0,"vpn":7,"relay":0,"proxy":0,"hosting":8,"service":7}},"geometry":{"type":"Point","coordinates":[-46.63611,-23.5475]}},{"type":"Feature","properties":{"country_code":"ROU","city":"Bucharest","geoname_id":"683506","h3_hexagon":599522920649195519,"downloaders":{"size":653,"mobile":18,"satellite":0,"tor":0,"tor_exit_nodes":0,"vpn":276,"relay":0,"proxy":0,"hosting":288,"service":262},"uploaders":{"size":128,"mobile":4,"satellite":0,"tor":0,"tor_exit_nodes":0,"vpn":111,"relay":0,"proxy":0,"hosting":117,"service":111}},"geometry":{"type":"Point","coordinates":[26.10626,44.43225]}},{"type":"Feature","properties":{"country_code":"LVA","city":"Riga","geoname_id":"456172","h3_hexagon":599530737489674239,"downloaders":{"size":651,"mobile":4,"satellite":1,"tor":1,"tor_exit_nodes":0,"vpn":92,"relay":1,"proxy":0,"hosting":149,"service":77},"uploaders":{"size":34,"mobile":0,"satellite":0,"tor":0,"tor_exit_nodes":0,"vpn":15,"relay":0,"proxy":0,"hosting":15,"service":15}},"geometry":{"type":"Point","coordinates":[24.10589,56.946]}},{"type":"Feature","properties":{"country_code":"AUS","city":"Melbourne","geoname_id":"2158177","h3_hexagon":602328092639231999,"downloaders":{"size":643,"mobile":9,"satellite":1,"tor":0,"tor_exit_nodes":0,"vpn":133,"relay":0,"proxy":0,"hosting":112,"service":101},"uploaders":{"size":63,"mobile":0,"satellite":0,"tor":0,"tor_exit_nodes":0,"vpn":22,"relay":0,"proxy":0,"hosting":18,"service":18}},"geometry":{"type":"Point","coordinates":[144.96332,-37.814]}},{"type":"Feature","properties":{"country_code":"CHN","city":"Wuxi","geoname_id":"1790923","h3_hexagon":599833677639188479,"downloaders":{"size":634,"mobile":0,"satellite":0,"tor":0,"tor_exit_nodes":0,"vpn":10,"relay":0,"proxy":0,"hosting":0,"service":0},"uploaders":{"size":438,"mobile":0,"satellite":0,"tor":0,"tor_exit_nodes":0,"vpn":7,"relay":0,"proxy":0,"hosting":0,"service":0}},"geometry":{"type":"Point","coordinates":[120.28857000000001,31.56887]}},{"type":"Feature","properties":{"country_code":"DEU","city":"Berlin","geoname_id":"2950159","h3_hexagon":599526122547314687,"downloaders":{"size":586,"mobile":26,"satellite":0,"tor":5,"tor_exit_nodes":6,"vpn":129,"relay":0,"proxy":0,"hosting":91,"service":63},"uploaders":{"size":214,"mobile":1,"satellite":0,"tor":2,"tor_exit_nodes":3,"vpn":99,"relay":0,"proxy":0,"hosting":44,"service":46}},"geometry":{"type":"Point","coordinates":[13.41053,52.52437]}},{"type":"Feature","properties":{"country_code":"FIN","city":"Helsinki","geoname_id":"658225","h3_hexagon":599280485851463679,"downloaders":{"size":586,"mobile":10,"satellite":0,"tor":1,"tor_exit_nodes":0,"vpn":239,"relay":0,"proxy":0,"hosting":480,"service":187},"uploaders":{"size":84,"mobile":0,"satellite":0,"tor":0,"tor_exit_nodes":0,"vpn":71,"relay":0,"proxy":0,"hosting":83,"service":71}},"geometry":{"type":"Point","coordinates":[24.93545,60.16952]}},{"type":"Feature","properties":{"country_code":"USA","city":"Dallas","geoname_id":"4684888","h3_hexagon":599661245439672319,"downloaders":{"size":537,"mobile":13,"satellite":1,"tor":0,"tor_exit_nodes":0,"vpn":453,"relay":0,"proxy":0,"hosting":482,"service":449},"uploaders":{"size":119,"mobile":8,"satellite":0,"tor":0,"tor_exit_nodes":0,"vpn":111,"relay":0,"proxy":0,"hosting":109,"service":111}},"geometry":{"type":"Point","coordinates":[-96.80667,32.78306]}},{"type":"Feature","properties":{"country_code":"NLD","city":"Rotterdam","geoname_id":"2747891","h3_hexagon":599425957467521023,"downloaders":{"size":535,"mobile":21,"satellite":0,"tor":2,"tor_exit_nodes":0,"vpn":244,"relay":0,"proxy":0,"hosting":275,"service":34},"uploaders":{"size":52,"mobile":0,"satellite":0,"tor":0,"tor_exit_nodes":0,"vpn":31,"relay":0,"proxy":0,"hosting":50,"service":19}},"geometry":{"type":"Point","coordinates":[4.47917,51.9225]}},{"type":"Feature","properties":{"country_code":"CZE","city":"Prague","geoname_id":"3067696","h3_hexagon":599510176407486463,"downloaders":{"size":529,"mobile":6,"satellite":1,"tor":0,"tor_exit_nodes":0,"vpn":210,"relay":0,"proxy":0,"hosting":238,"service":194},"uploaders":{"size":81,"mobile":0,"satellite":0,"tor":0,"tor_exit_nodes":0,"vpn":68,"relay":0,"proxy":0,"hosting":68,"service":68}},"geometry":{"type":"Point","coordinates":[14.42076,50.08804]}},{"type":"Feature","properties":{"country_code":"PRT","city":"Amadora","geoname_id":"2271772","h3_hexagon":599985036581666815,"downloaders":{"size":524,"mobile":31,"satellite":0,"tor":0,"tor_exit_nodes":0,"vpn":75,"relay":0,"proxy":0,"hosting":69,"service":69},"uploaders":{"size":18,"mobile":1,"satellite":0,"tor":0,"tor_exit_nodes":0,"vpn":17,"relay":0,"proxy":0,"hosting":17,"service":17}},"geometry":{"type":"Point","coordinates":[-9.23083,38.75382]}},{"type":"Feature","properties":{"country_code":"CHN","city":"Zhengzhou","geoname_id":"1784658","h3_hexagon":600114582458990591,"downloaders":{"size":517,"mobile":2,"satellite":0,"tor":0,"tor_exit_nodes":0,"vpn":6,"relay":0,"proxy":1,"hosting":0,"service":0},"uploaders":{"size":9,"mobile":0,"satellite":0,"tor":0,"tor_exit_nodes":0,"vpn":0,"relay":0,"proxy":0,"hosting":0,"service":0}},"geometry":{"type":"Point","coordinates":[113.64861,34.75778]}},{"type":"Feature","properties":{"country_code":"CHN","city":"Shaoxing","geoname_id":"1795855","h3_hexagon":599833788234596351,"downloaders":{"size":510,"mobile":0,"satellite":0,"tor":0,"tor_exit_nodes":0,"vpn":3,"relay":0,"proxy":3,"hosting":263,"service":0},"uploaders":{"size":5,"mobile":0,"satellite":0,"tor":0,"tor_exit_nodes":0,"vpn":0,"relay":0,"proxy":0,"hosting":0,"service":0}},"geometry":{"type":"Point","coordinates":[120.57864,30.00237]}},{"type":"Feature","properties":{"country_code":"BEL","city":"Brussels","geoname_id":"2800866","h3_hexagon":599535396455448575,"downloaders":{"size":508,"mobile":0,"satellite":1,"tor":0,"tor_exit_nodes":0,"vpn":138,"relay":0,"proxy":0,"hosting":115,"service":128},"uploaders":{"size":19,"mobile":0,"satellite":0,"tor":0,"tor_exit_nodes":0,"vpn":18,"relay":0,"proxy":0,"hosting":10,"service":18}},"geometry":{"type":"Point","coordinates":[4.34878,50.85045]}},{"type":"Feature","properties":{"country_code":"SVN","city":"Ljubljana","geoname_id":"3196359","h3_hexagon":599507759414640639,"downloaders":{"size":506,"mobile":15,"satellite":0,"tor":0,"tor_exit_nodes":0,"vpn":23,"relay":0,"proxy":1,"hosting":14,"service":14},"uploaders":{"size":4,"mobile":0,"satellite":0,"tor":0,"tor_exit_nodes":0,"vpn":4,"relay":0,"proxy":0,"hosting":4,"service":4}},"geometry":{"type":"Point","coordinates":[14.50513,46.05108]}},{"type":"Feature","properties":{"country_code":"FRA","city":"Dunkerque","geoname_id":"3020686","h3_hexagon":599423551212093439,"downloaders":{"size":482,"mobile":6,"satellite":0,"tor":1,"tor_exit_nodes":0,"vpn":19,"relay":0,"proxy":0,"hosting":473,"service":1},"uploaders":{"size":15,"mobile":0,"satellite":0,"tor":0,"tor_exit_nodes":0,"vpn":0,"relay":0,"proxy":0,"hosting":15,"service":0}},"geometry":{"type":"Point","coordinates":[2.37681,51.0344]}},{"type":"Feature","properties":{"country_code":"RUS","city":"Kazan","geoname_id":"551487","h3_hexagon":599271775657787391,"downloaders":{"size":482,"mobile":15,"satellite":0,"tor":0,"tor_exit_nodes":0,"vpn":25,"relay":0,"proxy":0,"hosting":0,"service":16},"uploaders":{"size":3,"mobile":0,"satellite":0,"tor":0,"tor_exit_nodes":0,"vpn":0,"relay":0,"proxy":0,"hosting":0,"service":0}},"geometry":{"type":"Point","coordinates":[49.12214,55.78874]}},{"type":"Feature","properties":{"country_code":"USA","city":"Atlanta","geoname_id":"4180439","h3_hexagon":600188328121204735,"downloaders":{"size":476,"mobile":3,"satellite":1,"tor":0,"tor_exit_nodes":0,"vpn":325,"relay":0,"proxy":0,"hosting":346,"service":320},"uploaders":{"size":89,"mobile":0,"satellite":0,"tor":0,"tor_exit_nodes":0,"vpn":74,"relay":0,"proxy":0,"hosting":74,"service":74}},"geometry":{"type":"Point","coordinates":[-84.38798,33.749]}},{"type":"Feature","properties":{"country_code":"NOR","city":"Oslo","geoname_id":"3143244","h3_hexagon":599147610300743679,"downloaders":{"size":458,"mobile":26,"satellite":12,"tor":0,"tor_exit_nodes":0,"vpn":203,"relay":0,"proxy":0,"hosting":199,"service":190},"uploaders":{"size":100,"mobile":2,"satellite":12,"tor":0,"tor_exit_nodes":0,"vpn":70,"relay":0,"proxy":0,"hosting":70,"service":70}},"geometry":{"type":"Point","coordinates":[10.7461,59.9127]}},{"type":"Feature","properties":{"country_code":"DNK","city":"Copenhagen","geoname_id":"2618425","h3_hexagon":599524487238516735,"downloaders":{"size":449,"mobile":5,"satellite":0,"tor":1,"tor_exit_nodes":0,"vpn":270,"relay":0,"proxy":0,"hosting":288,"service":264},"uploaders":{"size":147,"mobile":0,"satellite":0,"tor":1,"tor_exit_nodes":0,"vpn":133,"relay":0,"proxy":0,"hosting":145,"service":133}},"geometry":{"type":"Point","coordinates":[12.56553,55.67594]}},{"type":"Feature","properties":{"country_code":"ESP","city":"Barcelona","geoname_id":"3128760","h3_hexagon":599986204812771327,"downloaders":{"size":437,"mobile":4,"satellite":0,"tor":0,"tor_exit_nodes":0,"vpn":38,"relay":0,"proxy":0,"hosting":38,"service":38},"uploaders":{"size":21,"mobile":0,"satellite":0,"tor":0,"tor_exit_nodes":0,"vpn":11,"relay":0,"proxy":0,"hosting":11,"service":11}},"geometry":{"type":"Point","coordinates":[2.15899,41.38879]}},{"type":"Feature","properties":{"country_code":"JPN","city":"Osaka","geoname_id":"1853909","h3_hexagon":599794658935046143,"downloaders":{"size":433,"mobile":72,"satellite":0,"tor":0,"tor_exit_nodes":0,"vpn":65,"relay":0,"proxy":0,"hosting":79,"service":56},"uploaders":{"size":22,"mobile":0,"satellite":0,"tor":0,"tor_exit_nodes":0,"vpn":21,"relay":0,"proxy":0,"hosting":22,"service":21}},"geometry":{"type":"Point","coordinates":[135.50107,34.69379]}},{"type":"Feature","properties":{"country_code":"FRA","city":"Lauterbourg","geoname_id":"3005948","h3_hexagon":599533262930444287,"downloaders":{"size":425,"mobile":0,"satellite":0,"tor":0,"tor_exit_nodes":0,"vpn":2,"relay":0,"proxy":2,"hosting":419,"service":0},"uploaders":{"size":5,"mobile":0,"satellite":0,"tor":0,"tor_exit_nodes":0,"vpn":0,"relay":0,"proxy":0,"hosting":5,"service":0}},"geometry":{"type":"Point","coordinates":[8.17846,48.97515]}},{"type":"Feature","properties":{"country_code":"FRA","city":"Marseille","geoname_id":"2995469","h3_hexagon":599988658312839167,"downloaders":{"size":409,"mobile":27,"satellite":0,"tor":0,"tor_exit_nodes":0,"vpn":214,"relay":0,"proxy":0,"hosting":255,"service":214},"uploaders":{"size":82,"mobile":0,"satellite":0,"tor":0,"tor_exit_nodes":0,"vpn":82,"relay":0,"proxy":0,"hosting":82,"service":82}},"geometry":{"type":"Point","coordinates":[5.38107,43.29695]}},{"type":"Feature","properties":{"country_code":"ITA","city":"Rome","geoname_id":"3169070","h3_hexagon":599515334663208959,"downloaders":{"size":407,"mobile":9,"satellite":0,"tor":0,"tor_exit_nodes":0,"vpn":8,"relay":0,"proxy":0,"hosting":19,"service":2},"uploaders":{"size":13,"mobile":0,"satellite":0,"tor":0,"tor_exit_nodes":0,"vpn":1,"relay":0,"proxy":0,"hosting":1,"service":1}},"geometry":{"type":"Point","coordinates":[12.51133,41.89193]}},{"type":"Feature","properties":{"country_code":"CHE","city":"Zürich","geoname_id":"2657896","h3_hexagon":599533157703745535,"downloaders":{"size":396,"mobile":0,"satellite":0,"tor":0,"tor_exit_nodes":0,"vpn":383,"relay":0,"proxy":1,"hosting":382,"service":382},"uploaders":{"size":182,"mobile":0,"satellite":0,"tor":0,"tor_exit_nodes":0,"vpn":182,"relay":0,"proxy":0,"hosting":182,"service":182}},"geometry":{"type":"Point","coordinates":[8.4488,47.395]}},{"type":"Feature","properties":{"country_code":"NZL","city":"Auckland","geoname_id":"2193733","h3_hexagon":602273987862462463,"downloaders":{"size":395,"mobile":100,"satellite":2,"tor":0,"tor_exit_nodes":0,"vpn":113,"relay":0,"proxy":0,"hosting":126,"service":107},"uploaders":{"size":60,"mobile":14,"satellite":0,"tor":0,"tor_exit_nodes":0,"vpn":24,"relay":0,"proxy":0,"hosting":24,"service":24}},"geometry":{"type":"Point","coordinates":[174.76349,-36.84853]}},{"type":"Feature","properties":{"country_code":"AUS","city":"Brisbane","geoname_id":"2174003","h3_hexagon":602330960603643903,"downloaders":{"size":357,"mobile":15,"satellite":4,"tor":0,"tor_exit_nodes":0,"vpn":103,"relay":0,"proxy":0,"hosting":91,"service":88},"uploaders":{"size":18,"mobile":0,"satellite":0,"tor":0,"tor_exit_nodes":0,"vpn":13,"relay":0,"proxy":0,"hosting":13,"service":13}},"geometry":{"type":"Point","coordinates":[153.02809,-27.46794]}},{"type":"Feature","properties":{"country_code":"LTU","city":"Vilnius","geoname_id":"593116","h3_hexagon":599528520212807679,"downloaders":{"size":346,"mobile":6,"satellite":0,"tor":0,"tor_exit_nodes":0,"vpn":15,"relay":0,"proxy":1,"hosting":25,"service":10},"uploaders":{"size":6,"mobile":0,"satellite":0,"tor":0,"tor_exit_nodes":0,"vpn":0,"relay":0,"proxy":0,"hosting":0,"service":0}},"geometry":{"type":"Point","coordinates":[25.2798,54.68916]}},{"type":"Feature","properties":{"country_code":"CHN","city":"Hefei","geoname_id":"1808722","h3_hexagon":599833494029336575,"downloaders":{"size":346,"mobile":0,"satellite":0,"tor":0,"tor_exit_nodes":0,"vpn":17,"relay":0,"proxy":0,"hosting":0,"service":0},"uploaders":{"size":10,"mobile":0,"satellite":0,"tor":0,"tor_exit_nodes":0,"vpn":0,"relay":0,"proxy":0,"hosting":0,"service":0}},"geometry":{"type":"Point","coordinates":[117.28083,31.86389]}},{"type":"Feature","properties":{"country_code":"JPN","city":"Yokohama","geoname_id":"1848354","h3_hexagon":599811813034426367,"downloaders":{"size":334,"mobile":121,"satellite":0,"tor":0,"tor_exit_nodes":0,"vpn":16,"relay":0,"proxy":0,"hosting":0,"service":6},"uploaders":{"size":3,"mobile":0,"satellite":0,"tor":0,"tor_exit_nodes":0,"vpn":0,"relay":0,"proxy":0,"hosting":0,"service":0}},"geometry":{"type":"Point","coordinates":[139.65,35.43333]}},{"type":"Feature","properties":{"country_code":"USA","city":"Phoenix","geoname_id":"5308655","h3_hexagon":599712593921179647,"downloaders":{"size":321,"mobile":1,"satellite":0,"tor":18,"tor_exit_nodes":0,"vpn":115,"relay":0,"proxy":0,"hosting":152,"service":114},"uploaders":{"size":44,"mobile":0,"satellite":0,"tor":12,"tor_exit_nodes":0,"vpn":40,"relay":0,"proxy":0,"hosting":40,"service":40}},"geometry":{"type":"Point","coordinates":[-112.07404,33.44838]}},{"type":"Feature","properties":{"country_code":"DEU","city":"Auerbach","geoname_id":"2954602","h3_hexagon":599510146342715391,"downloaders":{"size":320,"mobile":0,"satellite":0,"tor":0,"tor_exit_nodes":0,"vpn":1,"relay":0,"proxy":0,"hosting":318,"service":1},"uploaders":{"size":25,"mobile":0,"satellite":0,"tor":0,"tor_exit_nodes":0,"vpn":0,"relay":0,"proxy":0,"hosting":25,"service":0}},"geometry":{"type":"Point","coordinates":[12.40083,50.51155]}},{"type":"Feature","properties":{"country_code":"CHN","city":"Xi’an","geoname_id":"1790630","h3_hexagon":600114020892016639,"downloaders":{"size":317,"mobile":14,"satellite":0,"tor":0,"tor_exit_nodes":0,"vpn":4,"relay":0,"proxy":0,"hosting":0,"service":0},"uploaders":{"size":104,"mobile":0,"satellite":0,"tor":0,"tor_exit_nodes":0,"vpn":0,"relay":0,"proxy":0,"hosting":0,"service":0}},"geometry":{"type":"Point","coordinates":[108.92861,34.25833]}},{"type":"Feature","properties":{"country_code":"IRL","city":"Dublin","geoname_id":"2964574","h3_hexagon":599403993004769279,"downloaders":{"size":314,"mobile":6,"satellite":0,"tor":0,"tor_exit_nodes":0,"vpn":115,"relay":0,"proxy":0,"hosting":157,"service":114},"uploaders":{"size":52,"mobile":0,"satellite":0,"tor":0,"tor_exit_nodes":0,"vpn":49,"relay":0,"proxy":0,"hosting":49,"service":49}},"geometry":{"type":"Point","coordinates":[-6.24889,53.33306]}},{"type":"Feature","properties":{"country_code":"AUS","city":"Perth","geoname_id":"2063523","h3_hexagon":601919312684384255,"downloaders":{"size":310,"mobile":4,"satellite":0,"tor":0,"tor_exit_nodes":0,"vpn":141,"relay":0,"proxy":0,"hosting":141,"service":138},"uploaders":{"size":59,"mobile":0,"satellite":0,"tor":0,"tor_exit_nodes":0,"vpn":54,"relay":0,"proxy":0,"hosting":54,"service":54}},"geometry":{"type":"Point","coordinates":[115.8614,-31.95224]}},{"type":"Feature","properties":{"country_code":"EST","city":"Tallinn","geoname_id":"588409","h3_hexagon":599130146963718143,"downloaders":{"size":302,"mobile":28,"satellite":0,"tor":0,"tor_exit_nodes":0,"vpn":65,"relay":0,"proxy":0,"hosting":126,"service":59},"uploaders":{"size":18,"mobile":5,"satellite":0,"tor":0,"tor_exit_nodes":0,"vpn":5,"relay":0,"proxy":0,"hosting":11,"service":5}},"geometry":{"type":"Point","coordinates":[24.75353,59.43696]}},{"type":"Feature","properties":{"country_code":"FRA","city":"Villepinte","geoname_id":"2968482","h3_hexagon":599536489524625407,"downloaders":{"size":302,"mobile":78,"satellite":0,"tor":0,"tor_exit_nodes":0,"vpn":115,"relay":0,"proxy":0,"hosting":150,"service":115},"uploaders":{"size":7,"mobile":1,"satellite":0,"tor":0,"tor_exit_nodes":0,"vpn":0,"relay":0,"proxy":0,"hosting":6,"service":0}},"geometry":{"type":"Point","coordinates":[2.53253,48.96203]}},{"type":"Feature","properties":{"country_code":"THA","city":"Bangkok","geoname_id":"1609350","h3_hexagon":600749287357284351,"downloaders":{"size":301,"mobile":52,"satellite":0,"tor":0,"tor_exit_nodes":0,"vpn":28,"relay":0,"proxy":0,"hosting":41,"service":23},"uploaders":{"size":19,"mobile":9,"satellite":0,"tor":0,"tor_exit_nodes":0,"vpn":9,"relay":0,"proxy":0,"hosting":9,"service":9}},"geometry":{"type":"Point","coordinates":[100.50144,13.75398]}},{"type":"Feature","properties":{"country_code":"SWE","city":"Göteborg","geoname_id":"2711537","h3_hexagon":599526696999190527,"downloaders":{"size":298,"mobile":6,"satellite":0,"tor":0,"tor_exit_nodes":0,"vpn":142,"relay":0,"proxy":0,"hosting":132,"service":140},"uploaders":{"size":44,"mobile":1,"satellite":0,"tor":0,"tor_exit_nodes":0,"vpn":41,"relay":0,"proxy":0,"hosting":40,"service":41}},"geometry":{"type":"Point","coordinates":[11.96679,57.70716]}},{"type":"Feature","properties":{"country_code":"AUT","city":"Vienna","geoname_id":"2761369","h3_hexagon":599508008522743807,"downloaders":{"size":295,"mobile":40,"satellite":1,"tor":0,"tor_exit_nodes":0,"vpn":89,"relay":0,"proxy":1,"hosting":115,"service":89},"uploaders":{"size":78,"mobile":16,"satellite":0,"tor":0,"tor_exit_nodes":0,"vpn":52,"relay":0,"proxy":0,"hosting":52,"service":52}},"geometry":{"type":"Point","coordinates":[16.37208,48.20849]}},{"type":"Feature","properties":{"country_code":"MYS","city":"Kuala Lumpur","geoname_id":"1735161","h3_hexagon":600755908049371135,"downloaders":{"size":282,"mobile":27,"satellite":0,"tor":0,"tor_exit_nodes":0,"vpn":13,"relay":0,"proxy":0,"hosting":18,"service":13},"uploaders":{"size":13,"mobile":0,"satellite":0,"tor":0,"tor_exit_nodes":0,"vpn":0,"relay":0,"proxy":0,"hosting":0,"service":0}},"geometry":{"type":"Point","coordinates":[101.68653,3.1412]}},{"type":"Feature","properties":{"country_code":"FRA","city":"Argenteuil","geoname_id":"3037044","h3_hexagon":599536509925720063,"downloaders":{"size":281,"mobile":67,"satellite":0,"tor":0,"tor_exit_nodes":0,"vpn":108,"relay":0,"proxy":0,"hosting":108,"service":107},"uploaders":{"size":10,"mobile":1,"satellite":0,"tor":0,"tor_exit_nodes":0,"vpn":7,"relay":0,"proxy":0,"hosting":7,"service":7}},"geometry":{"type":"Point","coordinates":[2.24744,48.94788]}},{"type":"Feature","properties":{"country_code":"SWE","city":"Kista","geoname_id":"2700791","h3_hexagon":599128728550768639,"downloaders":{"size":280,"mobile":4,"satellite":0,"tor":0,"tor_exit_nodes":0,"vpn":84,"relay":0,"proxy":0,"hosting":81,"service":81},"uploaders":{"size":39,"mobile":1,"satellite":0,"tor":0,"tor_exit_nodes":0,"vpn":35,"relay":0,"proxy":0,"hosting":35,"service":35}},"geometry":{"type":"Point","coordinates":[17.94479,59.40316]}},{"type":"Feature","properties":{"country_code":"JPN","city":"Chūō","geoname_id":"13353695","h3_hexagon":599811815181910015,"downloaders":{"size":275,"mobile":11,"satellite":0,"tor":0,"tor_exit_nodes":0,"vpn":159,"relay":0,"proxy":1,"hosting":247,"service":158},"uploaders":{"size":80,"mobile":0,"satellite":0,"tor":0,"tor_exit_nodes":0,"vpn":70,"relay":0,"proxy":0,"hosting":80,"service":70}},"geometry":{"type":"Point","coordinates":[139.77544,35.67004]}},{"type":"Feature","properties":{"country_code":"NLD","city":"Haarlem","geoname_id":"2755003","h3_hexagon":599425712654385151,"downloaders":{"size":260,"mobile":0,"satellite":0,"tor":0,"tor_exit_nodes":0,"vpn":229,"relay":0,"proxy":0,"hosting":238,"service":0},"uploaders":{"size":10,"mobile":0,"satellite":0,"tor":0,"tor_exit_nodes":0,"vpn":0,"relay":0,"proxy":0,"hosting":0,"service":0}},"geometry":{"type":"Point","coordinates":[4.63683,52.38084]}},{"type":"Feature","properties":{"country_code":"GRC","city":"Athens","geoname_id":"264371","h3_hexagon":599521529079791615,"downloaders":{"size":250,"mobile":18,"satellite":2,"tor":0,"tor_exit_nodes":0,"vpn":29,"relay":0,"proxy":0,"hosting":28,"service":27},"uploaders":{"size":17,"mobile":2,"satellite":0,"tor":0,"tor_exit_nodes":0,"vpn":12,"relay":0,"proxy":0,"hosting":12,"service":12}},"geometry":{"type":"Point","coordinates":[23.72784,37.98376]}},{"type":"Feature","properties":{"country_code":"NLD","city":"Amsterdam","geoname_id":"2759794","h3_hexagon":599425825397276671,"downloaders":{"size":247,"mobile":0,"satellite":0,"tor":0,"tor_exit_nodes":0,"vpn":47,"relay":0,"proxy":0,"hosting":242,"service":0},"uploaders":{"size":16,"mobile":0,"satellite":0,"tor":0,"tor_exit_nodes":0,"vpn":0,"relay":0,"proxy":0,"hosting":16,"service":0}},"geometry":{"type":"Point","coordinates":[4.9056,52.389]}},{"type":"Feature","properties":{"country_code":"CAN","city":"Beauharnois","geoname_id":"5896495","h3_hexagon":599746925742260223,"downloaders":{"size":240,"mobile":0,"satellite":0,"tor":0,"tor_exit_nodes":0,"vpn":5,"relay":0,"proxy":1,"hosting":240,"service":3},"uploaders":{"size":12,"mobile":0,"satellite":0,"tor":0,"tor_exit_nodes":0,"vpn":0,"relay":0,"proxy":0,"hosting":12,"service":0}},"geometry":{"type":"Point","coordinates":[-73.8725,45.31341]}},{"type":"Feature","properties":{"country_code":"NLD","city":"Breda","geoname_id":"2758401","h3_hexagon":599535414709059583,"downloaders":{"size":240,"mobile":1,"satellite":0,"tor":0,"tor_exit_nodes":0,"vpn":103,"relay":0,"proxy":0,"hosting":221,"service":103},"uploaders":{"size":25,"mobile":0,"satellite":0,"tor":0,"tor_exit_nodes":0,"vpn":21,"relay":0,"proxy":0,"hosting":25,"service":21}},"geometry":{"type":"Point","coordinates":[4.77596,51.58656]}},{"type":"Feature","properties":{"country_code":"ARG","city":"Buenos Aires","geoname_id":"3435910","h3_hexagon":602407239222820863,"downloaders":{"size":237,"mobile":11,"satellite":13,"tor":0,"tor_exit_nodes":0,"vpn":16,"relay":0,"proxy":0,"hosting":18,"service":15},"uploaders":{"size":12,"mobile":0,"satellite":7,"tor":0,"tor_exit_nodes":0,"vpn":4,"relay":0,"proxy":0,"hosting":4,"service":4}},"geometry":{"type":"Point","coordinates":[-58.37723,-34.61315]}},{"type":"Feature","properties":{"country_code":"POL","city":"Poznań","geoname_id":"3088171","h3_hexagon":599509036093669375,"downloaders":{"size":229,"mobile":1,"satellite":0,"tor":1,"tor_exit_nodes":0,"vpn":0,"relay":0,"proxy":0,"hosting":1,"service":0},"uploaders":{"size":10,"mobile":0,"satellite":0,"tor":0,"tor_exit_nodes":0,"vpn":0,"relay":0,"proxy":0,"hosting":0,"service":0}},"geometry":{"type":"Point","coordinates":[16.92993,52.40692]}},{"type":"Feature","properties":{"country_code":"GBR","city":"Manchester","geoname_id":"2643123","h3_hexagon":599424170761125887,"downloaders":{"size":223,"mobile":28,"satellite":0,"tor":0,"tor_exit_nodes":0,"vpn":126,"relay":0,"proxy":0,"hosting":126,"service":120},"uploaders":{"size":38,"mobile":0,"satellite":0,"tor":0,"tor_exit_nodes":0,"vpn":38,"relay":0,"proxy":0,"hosting":38,"service":37}},"geometry":{"type":"Point","coordinates":[-2.23743,53.48095]}},{"type":"Feature","properties":{"country_code":"USA","city":"Kansas City","geoname_id":"4393217","h3_hexagon":599653166606188543,"downloaders":{"size":222,"mobile":2,"satellite":1,"tor":0,"tor_exit_nodes":0,"vpn":46,"relay":0,"proxy":0,"hosting":113,"service":43},"uploaders":{"size":33,"mobile":0,"satellite":0,"tor":0,"tor_exit_nodes":0,"vpn":17,"relay":0,"proxy":0,"hosting":19,"service":17}},"geometry":{"type":"Point","coordinates":[-94.57857,39.09973]}},{"type":"Feature","properties":{"country_code":"USA","city":"Boston","geoname_id":"4930956","h3_hexagon":599720948706312191,"downloaders":{"size":222,"mobile":2,"satellite":0,"tor":0,"tor_exit_nodes":0,"vpn":173,"relay":0,"proxy":0,"hosting":173,"service":173},"uploaders":{"size":67,"mobile":0,"satellite":0,"tor":0,"tor_exit_nodes":0,"vpn":61,"relay":0,"proxy":0,"hosting":61,"service":61}},"geometry":{"type":"Point","coordinates":[-71.05977,42.35843]}},{"type":"Feature","properties":{"country_code":"ITA","city":"Naples","geoname_id":"3172394","h3_hexagon":599515530084220927,"downloaders":{"size":215,"mobile":6,"satellite":0,"tor":0,"tor_exit_nodes":0,"vpn":3,"relay":0,"proxy":0,"hosting":2,"service":0},"uploaders":{"size":9,"mobile":0,"satellite":0,"tor":0,"tor_exit_nodes":0,"vpn":0,"relay":0,"proxy":0,"hosting":0,"service":0}},"geometry":{"type":"Point","coordinates":[14.26811,40.85216]}},{"type":"Feature","properties":{"country_code":"UZB","city":"Tashkent","geoname_id":"1512569","h3_hexagon":599552803957899263,"downloaders":{"size":215,"mobile":4,"satellite":0,"tor":0,"tor_exit_nodes":0,"vpn":17,"relay":0,"proxy":0,"hosting":144,"service":10},"uploaders":{"size":11,"mobile":0,"satellite":0,"tor":0,"tor_exit_nodes":0,"vpn":0,"relay":0,"proxy":0,"hosting":11,"service":0}},"geometry":{"type":"Point","coordinates":[69.21627,41.26465]}},{"type":"Feature","properties":{"country_code":"BGR","city":"Plovdiv","geoname_id":"728193","h3_hexagon":599519834715193343,"downloaders":{"size":200,"mobile":0,"satellite":0,"tor":0,"tor_exit_nodes":0,"vpn":4,"relay":0,"proxy":0,"hosting":17,"service":0},"uploaders":{"size":13,"mobile":0,"satellite":0,"tor":0,"tor_exit_nodes":0,"vpn":0,"relay":0,"proxy":0,"hosting":0,"service":0}},"geometry":{"type":"Point","coordinates":[24.75001,42.15387]}},{"type":"Feature","properties":{"country_code":"RUS","city":"Surgut","geoname_id":"1490624","h3_hexagon":599172692909752319,"downloaders":{"size":198,"mobile":0,"satellite":0,"tor":0,"tor_exit_nodes":0,"vpn":2,"relay":0,"proxy":0,"hosting":0,"service":0},"uploaders":{"size":3,"mobile":0,"satellite":0,"tor":0,"tor_exit_nodes":0,"vpn":0,"relay":0,"proxy":0,"hosting":0,"service":0}},"geometry":{"type":"Point","coordinates":[73.41775,61.25757]}},{"type":"Feature","properties":{"country_code":"ISL","city":"Reykjavík","geoname_id":"3413829","h3_hexagon":599108344635981823,"downloaders":{"size":198,"mobile":10,"satellite":0,"tor":0,"tor_exit_nodes":0,"vpn":57,"relay":0,"proxy":0,"hosting":10,"service":51},"uploaders":{"size":32,"mobile":0,"satellite":0,"tor":0,"tor_exit_nodes":0,"vpn":29,"relay":0,"proxy":0,"hosting":0,"service":29}},"geometry":{"type":"Point","coordinates":[-21.89541,64.13548]}},{"type":"Feature","properties":{"country_code":"POL","city":"Gdańsk","geoname_id":"3099434","h3_hexagon":599524775001325567,"downloaders":{"size":197,"mobile":0,"satellite":0,"tor":0,"tor_exit_nodes":0,"vpn":2,"relay":0,"proxy":0,"hosting":4,"service":1},"uploaders":{"size":23,"mobile":0,"satellite":0,"tor":0,"tor_exit_nodes":0,"vpn":0,"relay":0,"proxy":0,"hosting":0,"service":0}},"geometry":{"type":"Point","coordinates":[18.64912,54.35227]}},{"type":"Feature","properties":{"country_code":"HRV","city":"Zagreb","geoname_id":"3186886","h3_hexagon":599507825986633727,"downloaders":{"size":196,"mobile":12,"satellite":1,"tor":0,"tor_exit_nodes":0,"vpn":14,"relay":0,"proxy":0,"hosting":17,"service":13},"uploaders":{"size":5,"mobile":2,"satellite":0,"tor":0,"tor_exit_nodes":0,"vpn":0,"relay":0,"proxy":0,"hosting":0,"service":0}},"geometry":{"type":"Point","coordinates":[15.97798,45.81444]}},{"type":"Feature","properties":{"country_code":"USA","city":"Portland","geoname_id":"5746545","h3_hexagon":599698931630211071,"downloaders":{"size":192,"mobile":6,"satellite":1,"tor":0,"tor_exit_nodes":0,"vpn":28,"relay":0,"proxy":0,"hosting":57,"service":13},"uploaders":{"size":18,"mobile":0,"satellite":0,"tor":0,"tor_exit_nodes":0,"vpn":1,"relay":0,"proxy":0,"hosting":2,"service":0}},"geometry":{"type":"Point","coordinates":[-122.67621,45.52345]}},{"type":"Feature","properties":{"country_code":"CHN","city":"Changsha","geoname_id":"1815577","h3_hexagon":600131658175217663,"downloaders":{"size":191,"mobile":0,"satellite":0,"tor":0,"tor_exit_nodes":0,"vpn":6,"relay":0,"proxy":0,"hosting":0,"service":0},"uploaders":{"size":16,"mobile":0,"satellite":0,"tor":0,"tor_exit_nodes":0,"vpn":0,"relay":0,"proxy":0,"hosting":0,"service":0}},"geometry":{"type":"Point","coordinates":[112.97087,28.19874]}},{"type":"Feature","properties":{"country_code":"USA","city":"Philadelphia","geoname_id":"4560349","h3_hexagon":599718949399035903,"downloaders":{"size":185,"mobile":1,"satellite":4,"tor":0,"tor_exit_nodes":0,"vpn":7,"relay":0,"proxy":0,"hosting":5,"service":5},"uploaders":{"size":4,"mobile":0,"satellite":0,"tor":0,"tor_exit_nodes":0,"vpn":0,"relay":0,"proxy":0,"hosting":0,"service":0}},"geometry":{"type":"Point","coordinates":[-75.16362,39.95238]}},{"type":"Feature","properties":{"country_code":"FRA","city":"Lyon","geoname_id":"2996944","h3_hexagon":599534014549721087,"downloaders":{"size":184,"mobile":31,"satellite":0,"tor":0,"tor_exit_nodes":0,"vpn":2,"relay":0,"proxy":0,"hosting":10,"service":0},"uploaders":{"size":11,"mobile":0,"satellite":0,"tor":0,"tor_exit_nodes":0,"vpn":0,"relay":0,"proxy":0,"hosting":0,"service":0}},"geometry":{"type":"Point","coordinates":[4.84789,45.74906]}},{"type":"Feature","properties":{"country_code":"USA","city":"Washington","geoname_id":"4140963","h3_hexagon":599729186453585919,"downloaders":{"size":179,"mobile":0,"satellite":0,"tor":0,"tor_exit_nodes":0,"vpn":29,"relay":0,"proxy":0,"hosting":103,"service":27},"uploaders":{"size":8,"mobile":0,"satellite":0,"tor":0,"tor_exit_nodes":0,"vpn":6,"relay":0,"proxy":0,"hosting":6,"service":6}},"geometry":{"type":"Point","coordinates":[-77.03637,38.89511]}},{"type":"Feature","properties":{"country_code":"SWE","city":"Malmö","geoname_id":"2692969","h3_hexagon":599524502270902271,"downloaders":{"size":177,"mobile":1,"satellite":0,"tor":0,"tor_exit_nodes":0,"vpn":83,"relay":0,"proxy":0,"hosting":80,"service":70},"uploaders":{"size":20,"mobile":0,"satellite":0,"tor":0,"tor_exit_nodes":0,"vpn":20,"relay":0,"proxy":0,"hosting":20,"service":20}},"geometry":{"type":"Point","coordinates":[13.00073,55.60587]}},{"type":"Feature","properties":{"country_code":"USA","city":"Oakland","geoname_id":"5378538","h3_hexagon":599685771850416127,"downloaders":{"size":174,"mobile":6,"satellite":0,"tor":0,"tor_exit_nodes":0,"vpn":28,"relay":0,"proxy":0,"hosting":29,"service":22},"uploaders":{"size":19,"mobile":0,"satellite":0,"tor":0,"tor_exit_nodes":0,"vpn":1,"relay":0,"proxy":0,"hosting":2,"service":1}},"geometry":{"type":"Point","coordinates":[-122.2708,37.80437]}},{"type":"Feature","properties":{"country_code":"POL","city":"Kraków","geoname_id":"3094802","h3_hexagon":599509706108567551,"downloaders":{"size":174,"mobile":1,"satellite":0,"tor":0,"tor_exit_nodes":0,"vpn":1,"relay":0,"proxy":0,"hosting":0,"service":0},"uploaders":{"size":9,"mobile":0,"satellite":0,"tor":0,"tor_exit_nodes":0,"vpn":0,"relay":0,"proxy":0,"hosting":0,"service":0}},"geometry":{"type":"Point","coordinates":[19.93658,50.06143]}},{"type":"Feature","properties":{"country_code":"PHL","city":"Manila","geoname_id":"1701668","h3_hexagon":600831342707474431,"downloaders":{"size":173,"mobile":43,"satellite":1,"tor":0,"tor_exit_nodes":0,"vpn":6,"relay":0,"proxy":0,"hosting":3,"service":2},"uploaders":{"size":9,"mobile":2,"satellite":0,"tor":0,"tor_exit_nodes":0,"vpn":0,"relay":0,"proxy":0,"hosting":0,"service":0}},"geometry":{"type":"Point","coordinates":[120.9822,14.6042]}},{"type":"Feature","properties":{"country_code":"CAN","city":"Edmonton","geoname_id":"5946768","h3_hexagon":599311682346418175,"downloaders":{"size":172,"mobile":98,"satellite":0,"tor":0,"tor_exit_nodes":0,"vpn":1,"relay":0,"proxy":0,"hosting":0,"service":0},"uploaders":{"size":8,"mobile":8,"satellite":0,"tor":0,"tor_exit_nodes":0,"vpn":0,"relay":0,"proxy":0,"hosting":0,"service":0}},"geometry":{"type":"Point","coordinates":[-113.46871,53.55014]}},{"type":"Feature","properties":{"country_code":"SRB","city":"Stari Grad","geoname_id":"865971","h3_hexagon":599508383258640383,"downloaders":{"size":172,"mobile":32,"satellite":0,"tor":0,"tor_exit_nodes":0,"vpn":40,"relay":0,"proxy":0,"hosting":79,"service":40},"uploaders":{"size":12,"mobile":0,"satellite":0,"tor":0,"tor_exit_nodes":0,"vpn":12,"relay":0,"proxy":0,"hosting":12,"service":12}},"geometry":{"type":"Point","coordinates":[20.46186,44.81789]}},{"type":"Feature","properties":{"country_code":"AUS","city":"Adelaide","geoname_id":"2078025","h3_hexagon":602234852120461311,"downloaders":{"size":171,"mobile":8,"satellite":0,"tor":0,"tor_exit_nodes":0,"vpn":55,"relay":0,"proxy":0,"hosting":52,"service":51},"uploaders":{"size":15,"mobile":0,"satellite":0,"tor":0,"tor_exit_nodes":0,"vpn":15,"relay":0,"proxy":0,"hosting":15,"service":15}},"geometry":{"type":"Point","coordinates":[138.59863000000001,-34.92866]}},{"type":"Feature","properties":{"country_code":"USA","city":"Buffalo","geoname_id":"5110629","h3_hexagon":599729084448112639,"downloaders":{"size":166,"mobile":0,"satellite":0,"tor":1,"tor_exit_nodes":1,"vpn":15,"relay":0,"proxy":0,"hosting":148,"service":15},"uploaders":{"size":25,"mobile":0,"satellite":0,"tor":0,"tor_exit_nodes":0,"vpn":5,"relay":0,"proxy":0,"hosting":25,"service":5}},"geometry":{"type":"Point","coordinates":[-78.87837,42.88645]}},{"type":"Feature","properties":{"country_code":"ZAF","city":"Johannesburg","geoname_id":"993800","h3_hexagon":602299504263167999,"downloaders":{"size":165,"mobile":7,"satellite":0,"tor":0,"tor_exit_nodes":0,"vpn":31,"relay":0,"proxy":0,"hosting":69,"service":30},"uploaders":{"size":14,"mobile":0,"satellite":0,"tor":0,"tor_exit_nodes":0,"vpn":13,"relay":0,"proxy":0,"hosting":13,"service":13}},"geometry":{"type":"Point","coordinates":[28.04363,-26.20227]}},{"type":"Feature","properties":{"country_code":"ITA","city":"Turin","geoname_id":"3165524","h3_hexagon":599534571821727743,"downloaders":{"size":160,"mobile":3,"satellite":0,"tor":0,"tor_exit_nodes":0,"vpn":3,"relay":0,"proxy":0,"hosting":0,"service":0},"uploaders":{"size":3,"mobile":0,"satellite":0,"tor":0,"tor_exit_nodes":0,"vpn":0,"relay":0,"proxy":0,"hosting":0,"service":0}},"geometry":{"type":"Point","coordinates":[7.68682,45.07049]}},{"type":"Feature","properties":{"country_code":"ESP","city":"Valencia","geoname_id":"2509954","h3_hexagon":599987280702078975,"downloaders":{"size":159,"mobile":1,"satellite":0,"tor":0,"tor_exit_nodes":0,"vpn":0,"relay":0,"proxy":0,"hosting":0,"service":0},"uploaders":{"size":10,"mobile":0,"satellite":0,"tor":0,"tor_exit_nodes":0,"vpn":0,"relay":0,"proxy":0,"hosting":0,"service":0}},"geometry":{"type":"Point","coordinates":[-0.37966,39.47391]}},{"type":"Feature","properties":{"country_code":"USA","city":"Minneapolis","geoname_id":"5037649","h3_hexagon":599670509684129791,"downloaders":{"size":158,"mobile":14,"satellite":0,"tor":0,"tor_exit_nodes":0,"vpn":4,"relay":11,"proxy":0,"hosting":11,"service":11},"uploaders":{"size":60,"mobile":10,"satellite":0,"tor":0,"tor_exit_nodes":0,"vpn":0,"relay":0,"proxy":0,"hosting":0,"service":0}},"geometry":{"type":"Point","coordinates":[-93.26384,44.97997]}},{"type":"Feature","properties":{"country_code":"BEL","city":"Wortegem","geoname_id":"2783449","h3_hexagon":599423892661993471,"downloaders":{"size":152,"mobile":0,"satellite":0,"tor":0,"tor_exit_nodes":0,"vpn":0,"relay":0,"proxy":0,"hosting":0,"service":0},"uploaders":{"size":9,"mobile":0,"satellite":0,"tor":0,"tor_exit_nodes":0,"vpn":0,"relay":0,"proxy":0,"hosting":0,"service":0}},"geometry":{"type":"Point","coordinates":[3.51,50.85357]}},{"type":"Feature","properties":{"country_code":"SVK","city":"Bratislava","geoname_id":"3060972","h3_hexagon":599506695336493055,"downloaders":{"size":151,"mobile":0,"satellite":0,"tor":0,"tor_exit_nodes":0,"vpn":34,"relay":0,"proxy":0,"hosting":35,"service":33},"uploaders":{"size":20,"mobile":0,"satellite":0,"tor":0,"tor_exit_nodes":0,"vpn":9,"relay":0,"proxy":0,"hosting":9,"service":9}},"geometry":{"type":"Point","coordinates":[17.10674,48.14816]}},{"type":"Feature","properties":{"country_code":"USA","city":"Salt Lake City","geoname_id":"5780993","h3_hexagon":599657607602372607,"downloaders":{"size":151,"mobile":0,"satellite":0,"tor":0,"tor_exit_nodes":0,"vpn":72,"relay":0,"proxy":0,"hosting":78,"service":71},"uploaders":{"size":27,"mobile":0,"satellite":0,"tor":0,"tor_exit_nodes":0,"vpn":24,"relay":0,"proxy":0,"hosting":24,"service":24}},"geometry":{"type":"Point","coordinates":[-111.89105,40.76078]}},{"type":"Feature","properties":{"country_code":"CAN","city":"Calgary","geoname_id":"5913490","h3_hexagon":599309485470646271,"downloaders":{"size":145,"mobile":38,"satellite":1,"tor":0,"tor_exit_nodes":0,"vpn":27,"relay":0,"proxy":0,"hosting":14,"service":25},"uploaders":{"size":13,"mobile":0,"satellite":0,"tor":0,"tor_exit_nodes":0,"vpn":8,"relay":0,"proxy":0,"hosting":4,"service":8}},"geometry":{"type":"Point","coordinates":[-114.08529,51.05011]}},{"type":"Feature","properties":{"country_code":"CAN","city":"Windsor","geoname_id":"6182962","h3_hexagon":599729908008091647,"downloaders":{"size":144,"mobile":3,"satellite":54,"tor":0,"tor_exit_nodes":0,"vpn":18,"relay":0,"proxy":0,"hosting":17,"service":16},"uploaders":{"size":54,"mobile":0,"satellite":48,"tor":0,"tor_exit_nodes":0,"vpn":2,"relay":0,"proxy":0,"hosting":2,"service":2}},"geometry":{"type":"Point","coordinates":[-83.01654,42.30008]}},{"type":"Feature","properties":{"country_code":"USA","city":"Kent","geoname_id":"5799625","h3_hexagon":599697129891430399,"downloaders":{"size":144,"mobile":0,"satellite":0,"tor":0,"tor_exit_nodes":0,"vpn":7,"relay":0,"proxy":0,"hosting":125,"service":7},"uploaders":{"size":10,"mobile":0,"satellite":0,"tor":0,"tor_exit_nodes":0,"vpn":1,"relay":0,"proxy":0,"hosting":9,"service":1}},"geometry":{"type":"Point","coordinates":[-122.23484,47.38093]}},{"type":"Feature","properties":{"country_code":"USA","city":"Miami","geoname_id":"4164138","h3_hexagon":600186133392916479,"downloaders":{"size":143,"mobile":0,"satellite":0,"tor":0,"tor_exit_nodes":0,"vpn":140,"relay":0,"proxy":0,"hosting":140,"service":140},"uploaders":{"size":35,"mobile":0,"satellite":0,"tor":0,"tor_exit_nodes":0,"vpn":35,"relay":0,"proxy":0,"hosting":35,"service":35}},"geometry":{"type":"Point","coordinates":[-80.3549,25.8141]}},{"type":"Feature","properties":{"country_code":"CAN","city":"Willowdale","geoname_id":"8558534","h3_hexagon":599745918572429311,"downloaders":{"size":140,"mobile":21,"satellite":0,"tor":0,"tor_exit_nodes":0,"vpn":1,"relay":0,"proxy":0,"hosting":0,"service":0},"uploaders":{"size":20,"mobile":0,"satellite":0,"tor":0,"tor_exit_nodes":0,"vpn":0,"relay":0,"proxy":0,"hosting":0,"service":0}},"geometry":{"type":"Point","coordinates":[-79.39909,43.76672]}},{"type":"Feature","properties":{"country_code":"MDA","city":"Chisinau","geoname_id":"618426","h3_hexagon":599511080498102271,"downloaders":{"size":139,"mobile":2,"satellite":0,"tor":1,"tor_exit_nodes":0,"vpn":5,"relay":0,"proxy":0,"hosting":38,"service":3},"uploaders":{"size":11,"mobile":0,"satellite":0,"tor":0,"tor_exit_nodes":0,"vpn":0,"relay":0,"proxy":0,"hosting":11,"service":0}},"geometry":{"type":"Point","coordinates":[28.85938,47.00902]}},{"type":"Feature","properties":{"country_code":"GBR","city":"Bexley","geoname_id":"2655775","h3_hexagon":599423945275342847,"downloaders":{"size":137,"mobile":2,"satellite":0,"tor":0,"tor_exit_nodes":0,"vpn":1,"relay":0,"proxy":1,"hosting":94,"service":1},"uploaders":{"size":12,"mobile":0,"satellite":0,"tor":0,"tor_exit_nodes":0,"vpn":0,"relay":0,"proxy":0,"hosting":12,"service":0}},"geometry":{"type":"Point","coordinates":[0.14866,51.44162]}},{"type":"Feature","properties":{"country_code":"GUY","city":"Georgetown","geoname_id":"3378644","h3_hexagon":600650648064622591,"downloaders":{"size":136,"mobile":0,"satellite":0,"tor":0,"tor_exit_nodes":0,"vpn":0,"relay":0,"proxy":0,"hosting":0,"service":0},"uploaders":{"size":28,"mobile":0,"satellite":0,"tor":0,"tor_exit_nodes":0,"vpn":0,"relay":0,"proxy":0,"hosting":0,"service":0}},"geometry":{"type":"Point","coordinates":[-58.15527,6.80448]}},{"type":"Feature","properties":{"country_code":"UKR","city":"Kyiv","geoname_id":"703448","h3_hexagon":599513367568187391,"downloaders":{"size":135,"mobile":0,"satellite":0,"tor":0,"tor_exit_nodes":0,"vpn":32,"relay":0,"proxy":0,"hosting":32,"service":32},"uploaders":{"size":19,"mobile":0,"satellite":0,"tor":0,"tor_exit_nodes":0,"vpn":19,"relay":0,"proxy":0,"hosting":19,"service":19}},"geometry":{"type":"Point","coordinates":[30.583,50.5211]}},{"type":"Feature","properties":{"country_code":"USA","city":"Las Vegas","geoname_id":"5506956","h3_hexagon":599709288943845375,"downloaders":{"size":134,"mobile":3,"satellite":0,"tor":0,"tor_exit_nodes":0,"vpn":18,"relay":0,"proxy":0,"hosting":53,"service":16},"uploaders":{"size":6,"mobile":0,"satellite":0,"tor":0,"tor_exit_nodes":0,"vpn":1,"relay":0,"proxy":0,"hosting":6,"service":1}},"geometry":{"type":"Point","coordinates":[-115.13722,36.17497]}},{"type":"Feature","properties":{"country_code":"USA","city":"San Diego","geoname_id":"5391811","h3_hexagon":599711305430990847,"downloaders":{"size":117,"mobile":3,"satellite":0,"tor":0,"tor_exit_nodes":0,"vpn":8,"relay":0,"proxy":0,"hosting":0,"service":0},"uploaders":{"size":20,"mobile":0,"satellite":0,"tor":0,"tor_exit_nodes":0,"vpn":2,"relay":0,"proxy":0,"hosting":0,"service":0}},"geometry":{"type":"Point","coordinates":[-117.16472,32.71571]}},{"type":"Feature","properties":{"country_code":"USA","city":"Columbus","geoname_id":"4509177","h3_hexagon":599727890447204351,"downloaders":{"size":116,"mobile":3,"satellite":0,"tor":0,"tor_exit_nodes":0,"vpn":1,"relay":0,"proxy":0,"hosting":82,"service":1},"uploaders":{"size":4,"mobile":0,"satellite":0,"tor":0,"tor_exit_nodes":0,"vpn":0,"relay":0,"proxy":0,"hosting":0,"service":0}},"geometry":{"type":"Point","coordinates":[-82.99879,39.96118]}},{"type":"Feature","properties":{"country_code":"CZE","city":"Ostrava","geoname_id":"3068799","h3_hexagon":599506918674792447,"downloaders":{"size":114,"mobile":4,"satellite":0,"tor":0,"tor_exit_nodes":0,"vpn":5,"relay":0,"proxy":0,"hosting":1,"service":0},"uploaders":{"size":15,"mobile":0,"satellite":0,"tor":0,"tor_exit_nodes":0,"vpn":0,"relay":0,"proxy":0,"hosting":0,"service":0}},"geometry":{"type":"Point","coordinates":[18.28204,49.83465]}},{"type":"Feature","properties":{"country_code":"DEU","city":"Düsseldorf","geoname_id":"2934246","h3_hexagon":599535458732474367,"downloaders":{"size":112,"mobile":13,"satellite":0,"tor":0,"tor_exit_nodes":0,"vpn":24,"relay":0,"proxy":0,"hosting":31,"service":23},"uploaders":{"size":7,"mobile":3,"satellite":0,"tor":0,"tor_exit_nodes":0,"vpn":2,"relay":0,"proxy":0,"hosting":2,"service":2}},"geometry":{"type":"Point","coordinates":[6.77927,51.22319]}},{"type":"Feature","properties":{"country_code":"USA","city":"Austin","geoname_id":"4671654","h3_hexagon":600256260545183743,"downloaders":{"size":111,"mobile":8,"satellite":0,"tor":0,"tor_exit_nodes":0,"vpn":1,"relay":0,"proxy":0,"hosting":0,"service":0},"uploaders":{"size":25,"mobile":2,"satellite":0,"tor":0,"tor_exit_nodes":0,"vpn":0,"relay":0,"proxy":0,"hosting":0,"service":0}},"geometry":{"type":"Point","coordinates":[-97.74306,30.26715]}},{"type":"Feature","properties":{"country_code":"IDN","city":"Jakarta","geoname_id":"1642911","h3_hexagon":601442789284118527,"downloaders":{"size":110,"mobile":5,"satellite":1,"tor":0,"tor_exit_nodes":0,"vpn":11,"relay":0,"proxy":0,"hosting":10,"service":10},"uploaders":{"size":13,"mobile":0,"satellite":0,"tor":0,"tor_exit_nodes":0,"vpn":3,"relay":0,"proxy":0,"hosting":3,"service":3}},"geometry":{"type":"Point","coordinates":[106.84513,-6.21462]}},{"type":"Feature","properties":{"country_code":"FRA","city":"Bordeaux","geoname_id":"3031582","h3_hexagon":599408345954123775,"downloaders":{"size":108,"mobile":18,"satellite":0,"tor":0,"tor_exit_nodes":0,"vpn":18,"relay":0,"proxy":0,"hosting":18,"service":18},"uploaders":{"size":4,"mobile":0,"satellite":0,"tor":0,"tor_exit_nodes":0,"vpn":4,"relay":0,"proxy":0,"hosting":4,"service":4}},"geometry":{"type":"Point","coordinates":[-0.58046,44.84124]}},{"type":"Feature","properties":{"country_code":"MEX","city":"Santiago de Querétaro","geoname_id":"3991164","h3_hexagon":600272041328771071,"downloaders":{"size":105,"mobile":0,"satellite":0,"tor":0,"tor_exit_nodes":0,"vpn":59,"relay":0,"proxy":0,"hosting":59,"service":59},"uploaders":{"size":16,"mobile":0,"satellite":0,"tor":0,"tor_exit_nodes":0,"vpn":16,"relay":0,"proxy":0,"hosting":16,"service":16}},"geometry":{"type":"Point","coordinates":[-100.38806,20.58806]}},{"type":"Feature","properties":{"country_code":"BEL","city":"Zaventem","geoname_id":"2783310","h3_hexagon":599535397529190399,"downloaders":{"size":102,"mobile":0,"satellite":0,"tor":3,"tor_exit_nodes":0,"vpn":96,"relay":0,"proxy":0,"hosting":99,"service":95},"uploaders":{"size":5,"mobile":0,"satellite":0,"tor":0,"tor_exit_nodes":0,"vpn":5,"relay":0,"proxy":0,"hosting":5,"service":5}},"geometry":{"type":"Point","coordinates":[4.47298,50.88365]}},{"type":"Feature","properties":{"country_code":"CAN","city":"Winnipeg","geoname_id":"6183235","h3_hexagon":599666810643546111,"downloaders":{"size":102,"mobile":1,"satellite":3,"tor":0,"tor_exit_nodes":0,"vpn":3,"relay":0,"proxy":0,"hosting":0,"service":0},"uploaders":{"size":7,"mobile":0,"satellite":0,"tor":0,"tor_exit_nodes":0,"vpn":0,"relay":0,"proxy":0,"hosting":0,"service":0}},"geometry":{"type":"Point","coordinates":[-97.14704,49.8844]}},{"type":"Feature","properties":{"country_code":"IND","city":"Dehradun","geoname_id":"1273313","h3_hexagon":600053001217900543,"downloaders":{"size":101,"mobile":101,"satellite":0,"tor":0,"tor_exit_nodes":0,"vpn":0,"relay":0,"proxy":0,"hosting":0,"service":0},"uploaders":{"size":12,"mobile":12,"satellite":0,"tor":0,"tor_exit_nodes":0,"vpn":0,"relay":0,"proxy":0,"hosting":0,"service":0}},"geometry":{"type":"Point","coordinates":[78.03392,30.32443]}},{"type":"Feature","properties":{"country_code":"IND","city":"Bengaluru","geoname_id":"1277333","h3_hexagon":600668999386136575,"downloaders":{"size":98,"mobile":11,"satellite":0,"tor":0,"tor_exit_nodes":0,"vpn":0,"relay":0,"proxy":0,"hosting":0,"service":0},"uploaders":{"size":3,"mobile":0,"satellite":0,"tor":0,"tor_exit_nodes":0,"vpn":0,"relay":0,"proxy":0,"hosting":0,"service":0}},"geometry":{"type":"Point","coordinates":[77.59369,12.97194]}},{"type":"Feature","properties":{"country_code":"USA","city":"Raleigh","geoname_id":"4487042","h3_hexagon":599732370098094079,"downloaders":{"size":97,"mobile":1,"satellite":0,"tor":0,"tor_exit_nodes":0,"vpn":22,"relay":0,"proxy":0,"hosting":26,"service":21},"uploaders":{"size":30,"mobile":0,"satellite":0,"tor":0,"tor_exit_nodes":0,"vpn":2,"relay":0,"proxy":0,"hosting":6,"service":2}},"geometry":{"type":"Point","coordinates":[-78.63861,35.7721]}},{"type":"Feature","properties":{"country_code":"USA","city":"Chicago","geoname_id":"4887398","h3_hexagon":599654178070986751,"downloaders":{"size":95,"mobile":0,"satellite":0,"tor":0,"tor_exit_nodes":0,"vpn":94,"relay":0,"proxy":0,"hosting":94,"service":93},"uploaders":{"size":47,"mobile":0,"satellite":0,"tor":0,"tor_exit_nodes":0,"vpn":47,"relay":0,"proxy":0,"hosting":47,"service":47}},"geometry":{"type":"Point","coordinates":[-87.6386,41.8868]}},{"type":"Feature","properties":{"country_code":"BGR","city":"Burgas","geoname_id":"732770","h3_hexagon":599522698384637951,"downloaders":{"size":94,"mobile":0,"satellite":0,"tor":0,"tor_exit_nodes":0,"vpn":1,"relay":0,"proxy":0,"hosting":1,"service":0},"uploaders":{"size":6,"mobile":0,"satellite":0,"tor":0,"tor_exit_nodes":0,"vpn":1,"relay":0,"proxy":0,"hosting":0,"service":0}},"geometry":{"type":"Point","coordinates":[27.46886,42.50651]}},{"type":"Feature","properties":{"country_code":"GBR","city":"Oldham","geoname_id":"2641022","h3_hexagon":599423112051687423,"downloaders":{"size":93,"mobile":7,"satellite":0,"tor":0,"tor_exit_nodes":0,"vpn":5,"relay":0,"proxy":0,"hosting":0,"service":0},"uploaders":{"size":3,"mobile":0,"satellite":0,"tor":0,"tor_exit_nodes":0,"vpn":0,"relay":0,"proxy":0,"hosting":0,"service":0}},"geometry":{"type":"Point","coordinates":[-2.1183,53.54051]}},{"type":"Feature","properties":{"country_code":"TWN","city":"Hsinchu","geoname_id":"1675151","h3_hexagon":600309164878594047,"downloaders":{"size":90,"mobile":0,"satellite":0,"tor":0,"tor_exit_nodes":0,"vpn":4,"relay":0,"proxy":0,"hosting":0,"service":0},"uploaders":{"size":3,"mobile":0,"satellite":0,"tor":0,"tor_exit_nodes":0,"vpn":0,"relay":0,"proxy":0,"hosting":0,"service":0}},"geometry":{"type":"Point","coordinates":[120.96861,24.80361]}},{"type":"Feature","properties":{"country_code":"UKR","city":"Bila Tserkva","geoname_id":"712165","h3_hexagon":599513352535801855,"downloaders":{"size":90,"mobile":0,"satellite":0,"tor":0,"tor_exit_nodes":0,"vpn":2,"relay":0,"proxy":0,"hosting":0,"service":0},"uploaders":{"size":11,"mobile":0,"satellite":0,"tor":0,"tor_exit_nodes":0,"vpn":0,"relay":0,"proxy":0,"hosting":0,"service":0}},"geometry":{"type":"Point","coordinates":[30.12851,49.8004]}},{"type":"Feature","properties":{"country_code":"DNK","city":"Ballerup","geoname_id":"2624341","h3_hexagon":599524491533484031,"downloaders":{"size":87,"mobile":0,"satellite":0,"tor":0,"tor_exit_nodes":0,"vpn":80,"relay":0,"proxy":1,"hosting":79,"service":79},"uploaders":{"size":36,"mobile":0,"satellite":0,"tor":0,"tor_exit_nodes":0,"vpn":36,"relay":0,"proxy":0,"hosting":36,"service":36}},"geometry":{"type":"Point","coordinates":[12.36328,55.73165]}},{"type":"Feature","properties":{"country_code":"CAN","city":"Ottawa","geoname_id":"6094817","h3_hexagon":599744265010020351,"downloaders":{"size":83,"mobile":3,"satellite":0,"tor":0,"tor_exit_nodes":0,"vpn":0,"relay":0,"proxy":0,"hosting":0,"service":0},"uploaders":{"size":12,"mobile":0,"satellite":0,"tor":0,"tor_exit_nodes":0,"vpn":0,"relay":0,"proxy":0,"hosting":0,"service":0}},"geometry":{"type":"Point","coordinates":[-75.69812,45.41117]}},{"type":"Feature","properties":{"country_code":"POL","city":"Lublin","geoname_id":"765876","h3_hexagon":599509611619287039,"downloaders":{"size":83,"mobile":3,"satellite":0,"tor":0,"tor_exit_nodes":0,"vpn":0,"relay":0,"proxy":0,"hosting":0,"service":0},"uploaders":{"size":6,"mobile":0,"satellite":0,"tor":0,"tor_exit_nodes":0,"vpn":0,"relay":0,"proxy":0,"hosting":0,"service":0}},"geometry":{"type":"Point","coordinates":[22.57009,51.25058]}},{"type":"Feature","properties":{"country_code":"DEU","city":"Munich","geoname_id":"2867714","h3_hexagon":599533816981225471,"downloaders":{"size":81,"mobile":8,"satellite":0,"tor":0,"tor_exit_nodes":0,"vpn":0,"relay":0,"proxy":0,"hosting":0,"service":0},"uploaders":{"size":9,"mobile":0,"satellite":0,"tor":0,"tor_exit_nodes":0,"vpn":0,"relay":0,"proxy":0,"hosting":0,"service":0}},"geometry":{"type":"Point","coordinates":[11.57549,48.13743]}},{"type":"Feature","properties":{"country_code":"IND","city":"New Delhi","geoname_id":"1261481","h3_hexagon":600062944067190783,"downloaders":{"size":80,"mobile":13,"satellite":0,"tor":0,"tor_exit_nodes":0,"vpn":2,"relay":0,"proxy":0,"hosting":11,"service":0},"uploaders":{"size":4,"mobile":0,"satellite":0,"tor":0,"tor_exit_nodes":0,"vpn":0,"relay":0,"proxy":0,"hosting":0,"service":0}},"geometry":{"type":"Point","coordinates":[77.2148,28.62137]}},{"type":"Feature","properties":{"country_code":"CAN","city":"Hamilton","geoname_id":"5969782","h3_hexagon":599745899245076479,"downloaders":{"size":79,"mobile":12,"satellite":0,"tor":0,"tor_exit_nodes":0,"vpn":0,"relay":0,"proxy":0,"hosting":0,"service":0},"uploaders":{"size":8,"mobile":8,"satellite":0,"tor":0,"tor_exit_nodes":0,"vpn":0,"relay":0,"proxy":0,"hosting":0,"service":0}},"geometry":{"type":"Point","coordinates":[-79.84963,43.25011]}},{"type":"Feature","properties":{"country_code":"ITA","city":"Bologna","geoname_id":"3181928","h3_hexagon":599517535833948159,"downloaders":{"size":78,"mobile":4,"satellite":0,"tor":0,"tor_exit_nodes":0,"vpn":0,"relay":0,"proxy":0,"hosting":0,"service":0},"uploaders":{"size":8,"mobile":0,"satellite":0,"tor":0,"tor_exit_nodes":0,"vpn":0,"relay":0,"proxy":0,"hosting":0,"service":0}},"geometry":{"type":"Point","coordinates":[11.33875,44.49381]}},{"type":"Feature","properties":{"country_code":"DNK","city":"Århus","geoname_id":"2624652","h3_hexagon":599526495135727615,"downloaders":{"size":77,"mobile":1,"satellite":0,"tor":0,"tor_exit_nodes":0,"vpn":3,"relay":0,"proxy":0,"hosting":0,"service":0},"uploaders":{"size":14,"mobile":0,"satellite":0,"tor":0,"tor_exit_nodes":0,"vpn":0,"relay":0,"proxy":0,"hosting":0,"service":0}},"geometry":{"type":"Point","coordinates":[10.21076,56.15674]}},{"type":"Feature","properties":{"country_code":"USA","city":"Hialeah","geoname_id":"4158476","h3_hexagon":600186129097949183,"downloaders":{"size":76,"mobile":0,"satellite":0,"tor":0,"tor_exit_nodes":0,"vpn":74,"relay":0,"proxy":0,"hosting":74,"service":74},"uploaders":{"size":25,"mobile":0,"satellite":0,"tor":0,"tor_exit_nodes":0,"vpn":25,"relay":0,"proxy":0,"hosting":25,"service":25}},"geometry":{"type":"Point","coordinates":[-80.3889,25.9098]}},{"type":"Feature","properties":{"country_code":"USA","city":"Piscataway","geoname_id":"5102713","h3_hexagon":599718750756798463,"downloaders":{"size":75,"mobile":0,"satellite":0,"tor":0,"tor_exit_nodes":0,"vpn":15,"relay":0,"proxy":0,"hosting":54,"service":14},"uploaders":{"size":18,"mobile":0,"satellite":0,"tor":0,"tor_exit_nodes":0,"vpn":2,"relay":0,"proxy":0,"hosting":18,"service":2}},"geometry":{"type":"Point","coordinates":[-74.39904,40.49927]}},{"type":"Feature","properties":{"country_code":"IND","city":"Mumbai","geoname_id":"1275339","h3_hexagon":600677175930126335,"downloaders":{"size":73,"mobile":9,"satellite":0,"tor":0,"tor_exit_nodes":0,"vpn":4,"relay":1,"proxy":0,"hosting":33,"service":4},"uploaders":{"size":13,"mobile":0,"satellite":0,"tor":0,"tor_exit_nodes":0,"vpn":0,"relay":0,"proxy":0,"hosting":10,"service":0}},"geometry":{"type":"Point","coordinates":[72.88261,19.07283]}},{"type":"Feature","properties":{"country_code":"CAN","city":"Markham","geoname_id":"6066513","h3_hexagon":599745689865420799,"downloaders":{"size":73,"mobile":8,"satellite":0,"tor":0,"tor_exit_nodes":0,"vpn":9,"relay":0,"proxy":0,"hosting":0,"service":0},"uploaders":{"size":9,"mobile":0,"satellite":0,"tor":0,"tor_exit_nodes":0,"vpn":9,"relay":0,"proxy":0,"hosting":0,"service":0}},"geometry":{"type":"Point","coordinates":[-79.2663,43.86682]}},{"type":"Feature","properties":{"country_code":"THA","city":"Bang Lamung","geoname_id":"1619423","h3_hexagon":600765172293828607,"downloaders":{"size":72,"mobile":0,"satellite":0,"tor":0,"tor_exit_nodes":0,"vpn":0,"relay":0,"proxy":0,"hosting":0,"service":0},"uploaders":{"size":45,"mobile":0,"satellite":0,"tor":0,"tor_exit_nodes":0,"vpn":0,"relay":0,"proxy":0,"hosting":0,"service":0}},"geometry":{"type":"Point","coordinates":[100.92891,13.04704]}},{"type":"Feature","properties":{"country_code":"USA","city":"Pittsburgh","geoname_id":"5206379","h3_hexagon":599726724363583487,"downloaders":{"size":71,"mobile":1,"satellite":0,"tor":0,"tor_exit_nodes":0,"vpn":9,"relay":0,"proxy":0,"hosting":9,"service":9},"uploaders":{"size":5,"mobile":0,"satellite":0,"tor":0,"tor_exit_nodes":0,"vpn":1,"relay":0,"proxy":0,"hosting":1,"service":1}},"geometry":{"type":"Point","coordinates":[-79.99589,40.44062]}},{"type":"Feature","properties":{"country_code":"LUX","city":"Luxembourg","geoname_id":"2960316","h3_hexagon":599535365316935679,"downloaders":{"size":70,"mobile":0,"satellite":0,"tor":0,"tor_exit_nodes":0,"vpn":30,"relay":0,"proxy":19,"hosting":51,"service":26},"uploaders":{"size":16,"mobile":0,"satellite":0,"tor":0,"tor_exit_nodes":0,"vpn":16,"relay":0,"proxy":0,"hosting":16,"service":16}},"geometry":{"type":"Point","coordinates":[6.13268,49.60982]}},{"type":"Feature","properties":{"country_code":"DEU","city":"Berlin","geoname_id":"2950159","h3_hexagon":599526121473572863,"downloaders":{"size":70,"mobile":1,"satellite":0,"tor":0,"tor_exit_nodes":0,"vpn":31,"relay":0,"proxy":0,"hosting":31,"service":29},"uploaders":{"size":14,"mobile":0,"satellite":0,"tor":0,"tor_exit_nodes":0,"vpn":8,"relay":0,"proxy":0,"hosting":8,"service":8}},"geometry":{"type":"Point","coordinates":[13.3643,52.5073]}},{"type":"Feature","properties":{"country_code":"USA","city":"Bothell","geoname_id":"5787829","h3_hexagon":599697096605433855,"downloaders":{"size":69,"mobile":6,"satellite":0,"tor":0,"tor_exit_nodes":0,"vpn":12,"relay":0,"proxy":0,"hosting":0,"service":0},"uploaders":{"size":22,"mobile":4,"satellite":0,"tor":0,"tor_exit_nodes":0,"vpn":10,"relay":0,"proxy":0,"hosting":0,"service":0}},"geometry":{"type":"Point","coordinates":[-122.2054,47.76232]}},{"type":"Feature","properties":{"country_code":"DEU","city":"Stuttgart","geoname_id":"2825297","h3_hexagon":599535823804694527,"downloaders":{"size":67,"mobile":2,"satellite":0,"tor":0,"tor_exit_nodes":0,"vpn":0,"relay":0,"proxy":0,"hosting":0,"service":0},"uploaders":{"size":11,"mobile":0,"satellite":0,"tor":0,"tor_exit_nodes":0,"vpn":0,"relay":0,"proxy":0,"hosting":0,"service":0}},"geometry":{"type":"Point","coordinates":[9.17702,48.78232]}},{"type":"Feature","properties":{"country_code":"BGD","city":"Kafrul","geoname_id":"1199503","h3_hexagon":600050847291801599,"downloaders":{"size":67,"mobile":0,"satellite":0,"tor":0,"tor_exit_nodes":0,"vpn":0,"relay":0,"proxy":0,"hosting":0,"service":0},"uploaders":{"size":31,"mobile":0,"satellite":0,"tor":0,"tor_exit_nodes":0,"vpn":0,"relay":0,"proxy":0,"hosting":0,"service":0}},"geometry":{"type":"Point","coordinates":[90.37359,23.78822]}},{"type":"Feature","properties":{"country_code":"NZL","city":"Christchurch","geoname_id":"2192362","h3_hexagon":602824066872639487,"downloaders":{"size":66,"mobile":7,"satellite":0,"tor":0,"tor_exit_nodes":0,"vpn":0,"relay":0,"proxy":0,"hosting":4,"service":0},"uploaders":{"size":12,"mobile":0,"satellite":0,"tor":0,"tor_exit_nodes":0,"vpn":0,"relay":0,"proxy":0,"hosting":0,"service":0}},"geometry":{"type":"Point","coordinates":[172.63333,-43.53333]}},{"type":"Feature","properties":{"country_code":"USA","city":"St. Louis","geoname_id":"4407066","h3_hexagon":599651706317307903,"downloaders":{"size":64,"mobile":10,"satellite":0,"tor":0,"tor_exit_nodes":0,"vpn":5,"relay":0,"proxy":0,"hosting":38,"service":5},"uploaders":{"size":7,"mobile":7,"satellite":0,"tor":0,"tor_exit_nodes":0,"vpn":0,"relay":0,"proxy":0,"hosting":0,"service":0}},"geometry":{"type":"Point","coordinates":[-90.19789,38.62727]}},{"type":"Feature","properties":{"country_code":"USA","city":"Silver Spring","geoname_id":"4369596","h3_hexagon":599729185379844095,"downloaders":{"size":62,"mobile":0,"satellite":0,"tor":0,"tor_exit_nodes":0,"vpn":0,"relay":0,"proxy":0,"hosting":0,"service":0},"uploaders":{"size":27,"mobile":0,"satellite":0,"tor":0,"tor_exit_nodes":0,"vpn":0,"relay":0,"proxy":0,"hosting":0,"service":0}},"geometry":{"type":"Point","coordinates":[-77.02609,38.99067]}},{"type":"Feature","properties":{"country_code":"MYS","city":"Cyberjaya","geoname_id":"6930887","h3_hexagon":600755905901887487,"downloaders":{"size":62,"mobile":2,"satellite":0,"tor":0,"tor_exit_nodes":0,"vpn":23,"relay":0,"proxy":0,"hosting":21,"service":13},"uploaders":{"size":10,"mobile":0,"satellite":0,"tor":0,"tor_exit_nodes":0,"vpn":8,"relay":0,"proxy":0,"hosting":8,"service":4}},"geometry":{"type":"Point","coordinates":[101.65718,2.92281]}},{"type":"Feature","properties":{"country_code":"IND","city":"Chennai","geoname_id":"1264527","h3_hexagon":600694833614422015,"downloaders":{"size":61,"mobile":7,"satellite":0,"tor":0,"tor_exit_nodes":0,"vpn":0,"relay":0,"proxy":0,"hosting":0,"service":0},"uploaders":{"size":5,"mobile":0,"satellite":0,"tor":0,"tor_exit_nodes":0,"vpn":0,"relay":0,"proxy":0,"hosting":0,"service":0}},"geometry":{"type":"Point","coordinates":[80.27847,13.08784]}},{"type":"Feature","properties":{"country_code":"USA","city":"Orlando","geoname_id":"4167147","h3_hexagon":600186634830348287,"downloaders":{"size":60,"mobile":5,"satellite":0,"tor":0,"tor_exit_nodes":0,"vpn":0,"relay":0,"proxy":0,"hosting":0,"service":0},"uploaders":{"size":23,"mobile":0,"satellite":0,"tor":0,"tor_exit_nodes":0,"vpn":0,"relay":0,"proxy":0,"hosting":0,"service":0}},"geometry":{"type":"Point","coordinates":[-81.37924,28.53834]}},{"type":"Feature","properties":{"country_code":"USA","city":"Edinburg","geoname_id":"4688275","h3_hexagon":600257725129031679,"downloaders":{"size":58,"mobile":0,"satellite":0,"tor":0,"tor_exit_nodes":0,"vpn":18,"relay":0,"proxy":0,"hosting":18,"service":18},"uploaders":{"size":33,"mobile":0,"satellite":0,"tor":0,"tor_exit_nodes":0,"vpn":5,"relay":0,"proxy":0,"hosting":5,"service":5}},"geometry":{"type":"Point","coordinates":[-98.16334,26.30174]}},{"type":"Feature","properties":{"country_code":"ITA","city":"Florence","geoname_id":"3176959","h3_hexagon":599517649650581503,"downloaders":{"size":58,"mobile":0,"satellite":0,"tor":0,"tor_exit_nodes":0,"vpn":1,"relay":0,"proxy":0,"hosting":0,"service":0},"uploaders":{"size":6,"mobile":0,"satellite":0,"tor":0,"tor_exit_nodes":0,"vpn":0,"relay":0,"proxy":0,"hosting":0,"service":0}},"geometry":{"type":"Point","coordinates":[11.24626,43.77925]}},{"type":"Feature","properties":{"country_code":"USA","city":"Jacksonville","geoname_id":"4160021","h3_hexagon":600191514986938367,"downloaders":{"size":58,"mobile":24,"satellite":0,"tor":0,"tor_exit_nodes":0,"vpn":0,"relay":0,"proxy":0,"hosting":0,"service":0},"uploaders":{"size":10,"mobile":10,"satellite":0,"tor":0,"tor_exit_nodes":0,"vpn":0,"relay":0,"proxy":0,"hosting":0,"service":0}},"geometry":{"type":"Point","coordinates":[-81.65565,30.33218]}},{"type":"Feature","properties":{"country_code":"NOR","city":"Trondheim","geoname_id":"3133880","h3_hexagon":599120969692348415,"downloaders":{"size":58,"mobile":6,"satellite":0,"tor":0,"tor_exit_nodes":0,"vpn":1,"relay":0,"proxy":0,"hosting":1,"service":0},"uploaders":{"size":4,"mobile":3,"satellite":0,"tor":0,"tor_exit_nodes":0,"vpn":0,"relay":0,"proxy":0,"hosting":0,"service":0}},"geometry":{"type":"Point","coordinates":[10.39506,63.43049]}},{"type":"Feature","properties":{"country_code":"SWE","city":"Umeå","geoname_id":"602150","h3_hexagon":599136405804810239,"downloaders":{"size":57,"mobile":0,"satellite":0,"tor":0,"tor_exit_nodes":0,"vpn":0,"relay":0,"proxy":0,"hosting":0,"service":0},"uploaders":{"size":11,"mobile":0,"satellite":0,"tor":0,"tor_exit_nodes":0,"vpn":0,"relay":0,"proxy":0,"hosting":0,"service":0}},"geometry":{"type":"Point","coordinates":[20.25972,63.82842]}},{"type":"Feature","properties":{"country_code":"USA","city":"Charlotte","geoname_id":"4460243","h3_hexagon":600189883973107711,"downloaders":{"size":56,"mobile":5,"satellite":0,"tor":0,"tor_exit_nodes":0,"vpn":23,"relay":0,"proxy":0,"hosting":21,"service":22},"uploaders":{"size":5,"mobile":2,"satellite":0,"tor":0,"tor_exit_nodes":0,"vpn":2,"relay":0,"proxy":0,"hosting":2,"service":2}},"geometry":{"type":"Point","coordinates":[-80.84313,35.22709]}},{"type":"Feature","properties":{"country_code":"NLD","city":"Roosendaal","geoname_id":"2747930","h3_hexagon":599535413635317759,"downloaders":{"size":56,"mobile":0,"satellite":0,"tor":0,"tor_exit_nodes":0,"vpn":8,"relay":0,"proxy":0,"hosting":39,"service":8},"uploaders":{"size":12,"mobile":0,"satellite":0,"tor":0,"tor_exit_nodes":0,"vpn":0,"relay":0,"proxy":0,"hosting":1,"service":0}},"geometry":{"type":"Point","coordinates":[4.46528,51.53083]}},{"type":"Feature","properties":{"country_code":"ROU","city":"Fundeni","geoname_id":"677811","h3_hexagon":599522762809147391,"downloaders":{"size":56,"mobile":0,"satellite":0,"tor":0,"tor_exit_nodes":0,"vpn":51,"relay":0,"proxy":0,"hosting":55,"service":51},"uploaders":{"size":15,"mobile":0,"satellite":0,"tor":0,"tor_exit_nodes":0,"vpn":15,"relay":0,"proxy":0,"hosting":15,"service":15}},"geometry":{"type":"Point","coordinates":[26.16565,44.45892]}},{"type":"Feature","properties":{"country_code":"CAN","city":"Brampton","geoname_id":"5907364","h3_hexagon":599745920719912959,"downloaders":{"size":55,"mobile":2,"satellite":0,"tor":0,"tor_exit_nodes":0,"vpn":0,"relay":0,"proxy":0,"hosting":0,"service":0},"uploaders":{"size":10,"mobile":0,"satellite":0,"tor":0,"tor_exit_nodes":0,"vpn":0,"relay":0,"proxy":0,"hosting":0,"service":0}},"geometry":{"type":"Point","coordinates":[-79.76633,43.68341]}},{"type":"Feature","properties":{"country_code":"USA","city":"Garden Grove","geoname_id":"5351515","h3_hexagon":599711074576498687,"downloaders":{"size":53,"mobile":8,"satellite":0,"tor":0,"tor_exit_nodes":0,"vpn":2,"relay":0,"proxy":0,"hosting":0,"service":1},"uploaders":{"size":8,"mobile":8,"satellite":0,"tor":0,"tor_exit_nodes":0,"vpn":0,"relay":0,"proxy":0,"hosting":0,"service":0}},"geometry":{"type":"Point","coordinates":[-117.94145,33.77391]}},{"type":"Feature","properties":{"country_code":"NLD","city":"Heerhugowaard","geoname_id":"2754659","h3_hexagon":599425749161607167,"downloaders":{"size":53,"mobile":0,"satellite":0,"tor":0,"tor_exit_nodes":0,"vpn":40,"relay":0,"proxy":0,"hosting":39,"service":39},"uploaders":{"size":16,"mobile":0,"satellite":0,"tor":0,"tor_exit_nodes":0,"vpn":16,"relay":0,"proxy":0,"hosting":16,"service":16}},"geometry":{"type":"Point","coordinates":[4.84862,52.67144]}},{"type":"Feature","properties":{"country_code":"USA","city":"San Antonio","geoname_id":"4726206","h3_hexagon":600256113442553855,"downloaders":{"size":52,"mobile":10,"satellite":0,"tor":0,"tor_exit_nodes":0,"vpn":0,"relay":0,"proxy":0,"hosting":0,"service":0},"uploaders":{"size":8,"mobile":6,"satellite":0,"tor":0,"tor_exit_nodes":0,"vpn":0,"relay":0,"proxy":0,"hosting":0,"service":0}},"geometry":{"type":"Point","coordinates":[-98.49363,29.42412]}},{"type":"Feature","properties":{"country_code":"NLD","city":"Wijchen","geoname_id":"2744514","h3_hexagon":599425785668829183,"downloaders":{"size":52,"mobile":11,"satellite":0,"tor":0,"tor_exit_nodes":0,"vpn":0,"relay":0,"proxy":0,"hosting":12,"service":0},"uploaders":{"size":23,"mobile":10,"satellite":0,"tor":0,"tor_exit_nodes":0,"vpn":0,"relay":0,"proxy":0,"hosting":1,"service":0}},"geometry":{"type":"Point","coordinates":[5.725,51.80917]}},{"type":"Feature","properties":{"country_code":"GBR","city":"Liverpool","geoname_id":"2644210","h3_hexagon":599424123516485631,"downloaders":{"size":52,"mobile":12,"satellite":0,"tor":0,"tor_exit_nodes":0,"vpn":0,"relay":0,"proxy":0,"hosting":0,"service":0},"uploaders":{"size":6,"mobile":0,"satellite":0,"tor":0,"tor_exit_nodes":0,"vpn":0,"relay":0,"proxy":0,"hosting":0,"service":0}},"geometry":{"type":"Point","coordinates":[-2.97794,53.41058]}},{"type":"Feature","properties":{"country_code":"BGD","city":"Dhaka","geoname_id":"1185241","h3_hexagon":600050875209089023,"downloaders":{"size":52,"mobile":1,"satellite":4,"tor":0,"tor_exit_nodes":0,"vpn":8,"relay":0,"proxy":0,"hosting":3,"service":0},"uploaders":{"size":5,"mobile":0,"satellite":4,"tor":0,"tor_exit_nodes":0,"vpn":0,"relay":0,"proxy":0,"hosting":0,"service":0}},"geometry":{"type":"Point","coordinates":[90.40744,23.7104]}},{"type":"Feature","properties":{"country_code":"ISL","city":"Reykjanesbær","geoname_id":"8644037","h3_hexagon":599108287727665151,"downloaders":{"size":51,"mobile":0,"satellite":0,"tor":0,"tor_exit_nodes":0,"vpn":51,"relay":0,"proxy":0,"hosting":51,"service":51},"uploaders":{"size":40,"mobile":0,"satellite":0,"tor":0,"tor_exit_nodes":0,"vpn":40,"relay":0,"proxy":0,"hosting":40,"service":40}},"geometry":{"type":"Point","coordinates":[-22.56111,63.99813]}},{"type":"Feature","properties":{"country_code":"ROU","city":"Târgu Mureş","geoname_id":"665004","h3_hexagon":599512447371444223,"downloaders":{"size":50,"mobile":1,"satellite":0,"tor":0,"tor_exit_nodes":0,"vpn":0,"relay":0,"proxy":0,"hosting":0,"service":0},"uploaders":{"size":6,"mobile":0,"satellite":0,"tor":0,"tor_exit_nodes":0,"vpn":0,"relay":0,"proxy":0,"hosting":0,"service":0}},"geometry":{"type":"Point","coordinates":[24.55747,46.54245]}},{"type":"Feature","properties":{"country_code":"AUT","city":"Vienna","geoname_id":"2761369","h3_hexagon":599508003154034687,"downloaders":{"size":50,"mobile":1,"satellite":0,"tor":0,"tor_exit_nodes":0,"vpn":37,"relay":0,"proxy":0,"hosting":36,"service":36},"uploaders":{"size":24,"mobile":0,"satellite":0,"tor":0,"tor_exit_nodes":0,"vpn":24,"relay":0,"proxy":0,"hosting":24,"service":24}},"geometry":{"type":"Point","coordinates":[16.2934,48.1433]}},{"type":"Feature","properties":{"country_code":"USA","city":"Richardson","geoname_id":"4722625","h3_hexagon":599661009216471039,"downloaders":{"size":50,"mobile":1,"satellite":0,"tor":0,"tor_exit_nodes":0,"vpn":7,"relay":0,"proxy":0,"hosting":7,"service":0},"uploaders":{"size":3,"mobile":0,"satellite":0,"tor":0,"tor_exit_nodes":0,"vpn":3,"relay":0,"proxy":0,"hosting":0,"service":0}},"geometry":{"type":"Point","coordinates":[-96.72972,32.94818]}},{"type":"Feature","properties":{"country_code":"BRA","city":"Fortaleza","geoname_id":"3399415","h3_hexagon":601231671240425471,"downloaders":{"size":50,"mobile":0,"satellite":1,"tor":0,"tor_exit_nodes":0,"vpn":0,"relay":3,"proxy":0,"hosting":4,"service":3},"uploaders":{"size":3,"mobile":0,"satellite":0,"tor":0,"tor_exit_nodes":0,"vpn":0,"relay":2,"proxy":0,"hosting":2,"service":2}},"geometry":{"type":"Point","coordinates":[-38.54306,-3.71722]}},{"type":"Feature","properties":{"country_code":"NLD","city":"Zwolle","geoname_id":"2743477","h3_hexagon":599425811438632959,"downloaders":{"size":50,"mobile":1,"satellite":0,"tor":1,"tor_exit_nodes":1,"vpn":30,"relay":0,"proxy":0,"hosting":32,"service":30},"uploaders":{"size":13,"mobile":0,"satellite":0,"tor":0,"tor_exit_nodes":0,"vpn":13,"relay":0,"proxy":0,"hosting":13,"service":13}},"geometry":{"type":"Point","coordinates":[6.09444,52.5125]}},{"type":"Feature","properties":{"country_code":"NLD","city":"Zoetermeer","geoname_id":"2743856","h3_hexagon":599425956393779199,"downloaders":{"size":48,"mobile":0,"satellite":0,"tor":0,"tor_exit_nodes":0,"vpn":1,"relay":0,"proxy":0,"hosting":6,"service":0},"uploaders":{"size":3,"mobile":0,"satellite":0,"tor":0,"tor_exit_nodes":0,"vpn":0,"relay":0,"proxy":0,"hosting":3,"service":0}},"geometry":{"type":"Point","coordinates":[4.49306,52.0575]}},{"type":"Feature","properties":{"country_code":"USA","city":"Vancouver","geoname_id":"5814616","h3_hexagon":599698934851436543,"downloaders":{"size":47,"mobile":0,"satellite":0,"tor":0,"tor_exit_nodes":0,"vpn":2,"relay":0,"proxy":0,"hosting":0,"service":0},"uploaders":{"size":6,"mobile":0,"satellite":0,"tor":0,"tor_exit_nodes":0,"vpn":1,"relay":0,"proxy":0,"hosting":0,"service":0}},"geometry":{"type":"Point","coordinates":[-122.66149,45.63873]}},{"type":"Feature","properties":{"country_code":"USA","city":"Dallas","geoname_id":"4684888","h3_hexagon":599661243292188671,"downloaders":{"size":47,"mobile":0,"satellite":0,"tor":0,"tor_exit_nodes":0,"vpn":47,"relay":0,"proxy":0,"hosting":47,"service":47},"uploaders":{"size":27,"mobile":0,"satellite":0,"tor":0,"tor_exit_nodes":0,"vpn":27,"relay":0,"proxy":0,"hosting":27,"service":27}},"geometry":{"type":"Point","coordinates":[-96.7776,32.7673]}},{"type":"Feature","properties":{"country_code":"CHE","city":"Bellinzona","geoname_id":"2661567","h3_hexagon":599534929377755135,"downloaders":{"size":45,"mobile":0,"satellite":0,"tor":0,"tor_exit_nodes":0,"vpn":25,"relay":0,"proxy":0,"hosting":44,"service":21},"uploaders":{"size":3,"mobile":0,"satellite":0,"tor":0,"tor_exit_nodes":0,"vpn":3,"relay":0,"proxy":0,"hosting":3,"service":3}},"geometry":{"type":"Point","coordinates":[9.01703,46.19278]}},{"type":"Feature","properties":{"country_code":"USA","city":"Tampa","geoname_id":"4174757","h3_hexagon":600176843378655231,"downloaders":{"size":44,"mobile":0,"satellite":0,"tor":0,"tor_exit_nodes":0,"vpn":1,"relay":0,"proxy":0,"hosting":2,"service":0},"uploaders":{"size":9,"mobile":0,"satellite":0,"tor":0,"tor_exit_nodes":0,"vpn":0,"relay":0,"proxy":0,"hosting":0,"service":0}},"geometry":{"type":"Point","coordinates":[-82.45843,27.94752]}},{"type":"Feature","properties":{"country_code":"GBR","city":"Edinburgh","geoname_id":"2650225","h3_hexagon":599426421323988991,"downloaders":{"size":44,"mobile":7,"satellite":0,"tor":0,"tor_exit_nodes":0,"vpn":11,"relay":0,"proxy":0,"hosting":1,"service":11},"uploaders":{"size":4,"mobile":0,"satellite":0,"tor":0,"tor_exit_nodes":0,"vpn":3,"relay":0,"proxy":0,"hosting":1,"service":3}},"geometry":{"type":"Point","coordinates":[-3.19648,55.95206]}},{"type":"Feature","properties":{"country_code":"FRA","city":"Grenoble","geoname_id":"3014728","h3_hexagon":599534225003118591,"downloaders":{"size":42,"mobile":6,"satellite":0,"tor":0,"tor_exit_nodes":0,"vpn":0,"relay":0,"proxy":0,"hosting":0,"service":0},"uploaders":{"size":7,"mobile":0,"satellite":0,"tor":0,"tor_exit_nodes":0,"vpn":0,"relay":0,"proxy":0,"hosting":0,"service":0}},"geometry":{"type":"Point","coordinates":[5.71479,45.17869]}},{"type":"Feature","properties":{"country_code":"ROU","city":"Bistriţa","geoname_id":"684657","h3_hexagon":599512483878666239,"downloaders":{"size":42,"mobile":0,"satellite":0,"tor":0,"tor_exit_nodes":0,"vpn":11,"relay":0,"proxy":0,"hosting":0,"service":0},"uploaders":{"size":31,"mobile":0,"satellite":0,"tor":0,"tor_exit_nodes":0,"vpn":11,"relay":0,"proxy":0,"hosting":0,"service":0}},"geometry":{"type":"Point","coordinates":[24.50011,47.13316]}},{"type":"Feature","properties":{"country_code":"THA","city":"Pattaya","geoname_id":"1614295","h3_hexagon":600765170146344959,"downloaders":{"size":42,"mobile":0,"satellite":0,"tor":0,"tor_exit_nodes":0,"vpn":10,"relay":0,"proxy":0,"hosting":0,"service":0},"uploaders":{"size":10,"mobile":0,"satellite":0,"tor":0,"tor_exit_nodes":0,"vpn":10,"relay":0,"proxy":0,"hosting":0,"service":0}},"geometry":{"type":"Point","coordinates":[100.88333,12.93333]}},{"type":"Feature","properties":{"country_code":"USA","city":"Rochester","geoname_id":"5134086","h3_hexagon":599745738183802879,"downloaders":{"size":41,"mobile":0,"satellite":0,"tor":14,"tor_exit_nodes":0,"vpn":2,"relay":0,"proxy":0,"hosting":0,"service":0},"uploaders":{"size":17,"mobile":0,"satellite":0,"tor":12,"tor_exit_nodes":0,"vpn":0,"relay":0,"proxy":0,"hosting":0,"service":0}},"geometry":{"type":"Point","coordinates":[-77.61556,43.15478]}},{"type":"Feature","properties":{"country_code":"SWE","city":"Linköping","geoname_id":"2694762","h3_hexagon":599131845623283711,"downloaders":{"size":41,"mobile":0,"satellite":0,"tor":0,"tor_exit_nodes":0,"vpn":1,"relay":0,"proxy":0,"hosting":0,"service":0},"uploaders":{"size":12,"mobile":0,"satellite":0,"tor":0,"tor_exit_nodes":0,"vpn":0,"relay":0,"proxy":0,"hosting":0,"service":0}},"geometry":{"type":"Point","coordinates":[15.62157,58.41086]}},{"type":"Feature","properties":{"country_code":"USA","city":"Union","geoname_id":"5105608","h3_hexagon":599718755051765759,"downloaders":{"size":41,"mobile":0,"satellite":0,"tor":0,"tor_exit_nodes":0,"vpn":1,"relay":0,"proxy":0,"hosting":0,"service":0},"uploaders":{"size":15,"mobile":0,"satellite":0,"tor":0,"tor_exit_nodes":0,"vpn":0,"relay":0,"proxy":0,"hosting":0,"service":0}},"geometry":{"type":"Point","coordinates":[-74.2632,40.6976]}},{"type":"Feature","properties":{"country_code":"SWE","city":"Norrköping","geoname_id":"2688368","h3_hexagon":599131796231159807,"downloaders":{"size":41,"mobile":0,"satellite":0,"tor":0,"tor_exit_nodes":0,"vpn":1,"relay":0,"proxy":0,"hosting":0,"service":0},"uploaders":{"size":10,"mobile":0,"satellite":0,"tor":0,"tor_exit_nodes":0,"vpn":0,"relay":0,"proxy":0,"hosting":0,"service":0}},"geometry":{"type":"Point","coordinates":[16.1826,58.59419]}},{"type":"Feature","properties":{"country_code":"HUN","city":"Cegléd","geoname_id":"3054543","h3_hexagon":599508546467397631,"downloaders":{"size":41,"mobile":1,"satellite":0,"tor":0,"tor_exit_nodes":0,"vpn":1,"relay":0,"proxy":0,"hosting":1,"service":0},"uploaders":{"size":3,"mobile":0,"satellite":0,"tor":0,"tor_exit_nodes":0,"vpn":0,"relay":0,"proxy":0,"hosting":0,"service":0}},"geometry":{"type":"Point","coordinates":[19.79952,47.17266]}},{"type":"Feature","properties":{"country_code":"USA","city":"Richmond","geoname_id":"4781708","h3_hexagon":599727353576292351,"downloaders":{"size":40,"mobile":0,"satellite":0,"tor":0,"tor_exit_nodes":0,"vpn":0,"relay":0,"proxy":0,"hosting":0,"service":0},"uploaders":{"size":11,"mobile":0,"satellite":0,"tor":0,"tor_exit_nodes":0,"vpn":0,"relay":0,"proxy":0,"hosting":0,"service":0}},"geometry":{"type":"Point","coordinates":[-77.46026,37.55376]}},{"type":"Feature","properties":{"country_code":"POL","city":"Toruń","geoname_id":"3083271","h3_hexagon":599530040631230463,"downloaders":{"size":40,"mobile":0,"satellite":0,"tor":0,"tor_exit_nodes":0,"vpn":21,"relay":0,"proxy":0,"hosting":21,"service":21},"uploaders":{"size":19,"mobile":0,"satellite":0,"tor":0,"tor_exit_nodes":0,"vpn":19,"relay":0,"proxy":0,"hosting":19,"service":19}},"geometry":{"type":"Point","coordinates":[18.59814,53.01375]}},{"type":"Feature","properties":{"country_code":"CHE","city":"Bern","geoname_id":"2661552","h3_hexagon":599533128712716287,"downloaders":{"size":39,"mobile":0,"satellite":0,"tor":0,"tor_exit_nodes":0,"vpn":1,"relay":0,"proxy":0,"hosting":0,"service":0},"uploaders":{"size":9,"mobile":0,"satellite":0,"tor":0,"tor_exit_nodes":0,"vpn":0,"relay":0,"proxy":0,"hosting":0,"service":0}},"geometry":{"type":"Point","coordinates":[7.44744,46.94809]}},{"type":"Feature","properties":{"country_code":"POL","city":"Ruda Śląska","geoname_id":"3086800","h3_hexagon":599508933014454271,"downloaders":{"size":39,"mobile":0,"satellite":0,"tor":0,"tor_exit_nodes":0,"vpn":0,"relay":0,"proxy":0,"hosting":0,"service":0},"uploaders":{"size":10,"mobile":0,"satellite":0,"tor":0,"tor_exit_nodes":0,"vpn":0,"relay":0,"proxy":0,"hosting":0,"service":0}},"geometry":{"type":"Point","coordinates":[18.85632,50.2584]}},{"type":"Feature","properties":{"country_code":"BIH","city":"Banja Luka","geoname_id":"3204541","h3_hexagon":599518416302243839,"downloaders":{"size":38,"mobile":0,"satellite":0,"tor":0,"tor_exit_nodes":0,"vpn":1,"relay":0,"proxy":0,"hosting":0,"service":0},"uploaders":{"size":10,"mobile":0,"satellite":0,"tor":0,"tor_exit_nodes":0,"vpn":0,"relay":0,"proxy":0,"hosting":0,"service":0}},"geometry":{"type":"Point","coordinates":[17.20629,44.77879]}},{"type":"Feature","properties":{"country_code":"USA","city":"Boise","geoname_id":"5586437","h3_hexagon":599691524959109119,"downloaders":{"size":38,"mobile":0,"satellite":1,"tor":0,"tor_exit_nodes":0,"vpn":4,"relay":0,"proxy":0,"hosting":4,"service":4},"uploaders":{"size":10,"mobile":0,"satellite":0,"tor":0,"tor_exit_nodes":0,"vpn":0,"relay":0,"proxy":0,"hosting":0,"service":0}},"geometry":{"type":"Point","coordinates":[-116.20345,43.6135]}},{"type":"Feature","properties":{"country_code":"ROU","city":"Braşov","geoname_id":"683844","h3_hexagon":599512182157213695,"downloaders":{"size":36,"mobile":0,"satellite":0,"tor":0,"tor_exit_nodes":0,"vpn":1,"relay":0,"proxy":0,"hosting":0,"service":0},"uploaders":{"size":3,"mobile":0,"satellite":0,"tor":0,"tor_exit_nodes":0,"vpn":0,"relay":0,"proxy":0,"hosting":0,"service":0}},"geometry":{"type":"Point","coordinates":[25.60613,45.64861]}},{"type":"Feature","properties":{"country_code":"USA","city":"Lansdowne","geoname_id":"4559077","h3_hexagon":599729490322522111,"downloaders":{"size":35,"mobile":0,"satellite":0,"tor":0,"tor_exit_nodes":0,"vpn":0,"relay":0,"proxy":0,"hosting":0,"service":0},"uploaders":{"size":4,"mobile":0,"satellite":0,"tor":0,"tor_exit_nodes":0,"vpn":0,"relay":0,"proxy":0,"hosting":0,"service":0}},"geometry":{"type":"Point","coordinates":[-75.27185,39.93817]}},{"type":"Feature","properties":{"country_code":"USA","city":"Brandon","geoname_id":"4148757","h3_hexagon":600176859484782591,"downloaders":{"size":35,"mobile":0,"satellite":0,"tor":0,"tor_exit_nodes":0,"vpn":0,"relay":0,"proxy":0,"hosting":0,"service":0},"uploaders":{"size":10,"mobile":0,"satellite":0,"tor":0,"tor_exit_nodes":0,"vpn":0,"relay":0,"proxy":0,"hosting":0,"service":0}},"geometry":{"type":"Point","coordinates":[-82.28592,27.9378]}},{"type":"Feature","properties":{"country_code":"NLD","city":"Vlaardingen","geoname_id":"2745467","h3_hexagon":599425952098811903,"downloaders":{"size":34,"mobile":0,"satellite":0,"tor":0,"tor_exit_nodes":0,"vpn":0,"relay":0,"proxy":0,"hosting":0,"service":0},"uploaders":{"size":10,"mobile":0,"satellite":0,"tor":0,"tor_exit_nodes":0,"vpn":0,"relay":0,"proxy":0,"hosting":0,"service":0}},"geometry":{"type":"Point","coordinates":[4.34167,51.9125]}},{"type":"Feature","properties":{"country_code":"AUT","city":"Langenzersdorf","geoname_id":"2772998","h3_hexagon":599506949813305343,"downloaders":{"size":34,"mobile":2,"satellite":0,"tor":0,"tor_exit_nodes":0,"vpn":25,"relay":0,"proxy":0,"hosting":26,"service":23},"uploaders":{"size":11,"mobile":0,"satellite":0,"tor":0,"tor_exit_nodes":0,"vpn":11,"relay":0,"proxy":0,"hosting":11,"service":11}},"geometry":{"type":"Point","coordinates":[16.36143,48.30432]}},{"type":"Feature","properties":{"country_code":"USA","city":"Oklahoma City","geoname_id":"4544349","h3_hexagon":599660555023679487,"downloaders":{"size":34,"mobile":2,"satellite":9,"tor":0,"tor_exit_nodes":0,"vpn":0,"relay":0,"proxy":0,"hosting":0,"service":0},"uploaders":{"size":8,"mobile":0,"satellite":8,"tor":0,"tor_exit_nodes":0,"vpn":0,"relay":0,"proxy":0,"hosting":0,"service":0}},"geometry":{"type":"Point","coordinates":[-97.51643,35.46756]}},{"type":"Feature","properties":{"country_code":"HRV","city":"Rijeka","geoname_id":"3191648","h3_hexagon":599507781963218943,"downloaders":{"size":33,"mobile":0,"satellite":0,"tor":0,"tor_exit_nodes":0,"vpn":1,"relay":0,"proxy":0,"hosting":0,"service":0},"uploaders":{"size":12,"mobile":0,"satellite":0,"tor":0,"tor_exit_nodes":0,"vpn":0,"relay":0,"proxy":0,"hosting":0,"service":0}},"geometry":{"type":"Point","coordinates":[14.44241,45.32673]}},{"type":"Feature","properties":{"country_code":"ITA","city":"Palermo","geoname_id":"2523920","h3_hexagon":599517103115993087,"downloaders":{"size":33,"mobile":1,"satellite":0,"tor":0,"tor_exit_nodes":0,"vpn":3,"relay":0,"proxy":0,"hosting":3,"service":3},"uploaders":{"size":3,"mobile":0,"satellite":0,"tor":0,"tor_exit_nodes":0,"vpn":2,"relay":0,"proxy":0,"hosting":2,"service":2}},"geometry":{"type":"Point","coordinates":[13.3636,38.1166]}},{"type":"Feature","properties":{"country_code":"CZE","city":"Brno","geoname_id":"3078610","h3_hexagon":599506969140658175,"downloaders":{"size":32,"mobile":0,"satellite":0,"tor":0,"tor_exit_nodes":0,"vpn":1,"relay":0,"proxy":0,"hosting":1,"service":0},"uploaders":{"size":6,"mobile":0,"satellite":0,"tor":0,"tor_exit_nodes":0,"vpn":0,"relay":0,"proxy":0,"hosting":0,"service":0}},"geometry":{"type":"Point","coordinates":[16.60796,49.19522]}},{"type":"Feature","properties":{"country_code":"ITA","city":"Parma","geoname_id":"3171457","h3_hexagon":599517928823455743,"downloaders":{"size":32,"mobile":0,"satellite":0,"tor":0,"tor_exit_nodes":0,"vpn":0,"relay":0,"proxy":0,"hosting":0,"service":0},"uploaders":{"size":7,"mobile":0,"satellite":0,"tor":0,"tor_exit_nodes":0,"vpn":0,"relay":0,"proxy":0,"hosting":0,"service":0}},"geometry":{"type":"Point","coordinates":[10.32618,44.79935]}},{"type":"Feature","properties":{"country_code":"USA","city":"Fremont","geoname_id":"5350734","h3_hexagon":599686038138388479,"downloaders":{"size":32,"mobile":0,"satellite":0,"tor":0,"tor_exit_nodes":0,"vpn":2,"relay":0,"proxy":0,"hosting":10,"service":2},"uploaders":{"size":10,"mobile":0,"satellite":0,"tor":0,"tor_exit_nodes":0,"vpn":0,"relay":0,"proxy":0,"hosting":0,"service":0}},"geometry":{"type":"Point","coordinates":[-121.98857,37.54827]}},{"type":"Feature","properties":{"country_code":"USA","city":"Trenton","geoname_id":"5105496","h3_hexagon":599718983758774271,"downloaders":{"size":32,"mobile":0,"satellite":0,"tor":0,"tor_exit_nodes":0,"vpn":24,"relay":0,"proxy":0,"hosting":24,"service":24},"uploaders":{"size":3,"mobile":0,"satellite":0,"tor":0,"tor_exit_nodes":0,"vpn":3,"relay":0,"proxy":0,"hosting":3,"service":3}},"geometry":{"type":"Point","coordinates":[-74.74294,40.21705]}},{"type":"Feature","properties":{"country_code":"SWE","city":"Västerås","geoname_id":"2664454","h3_hexagon":599128737140703231,"downloaders":{"size":32,"mobile":0,"satellite":0,"tor":0,"tor_exit_nodes":0,"vpn":0,"relay":0,"proxy":0,"hosting":0,"service":0},"uploaders":{"size":9,"mobile":0,"satellite":0,"tor":0,"tor_exit_nodes":0,"vpn":0,"relay":0,"proxy":0,"hosting":0,"service":0}},"geometry":{"type":"Point","coordinates":[16.55276,59.61617]}},{"type":"Feature","properties":{"country_code":"IND","city":"Kolkata","geoname_id":"1275004","h3_hexagon":600050965403402239,"downloaders":{"size":31,"mobile":6,"satellite":0,"tor":0,"tor_exit_nodes":0,"vpn":0,"relay":0,"proxy":0,"hosting":0,"service":0},"uploaders":{"size":4,"mobile":0,"satellite":0,"tor":0,"tor_exit_nodes":0,"vpn":0,"relay":0,"proxy":0,"hosting":0,"service":0}},"geometry":{"type":"Point","coordinates":[88.36304,22.56263]}},{"type":"Feature","properties":{"country_code":"HUN","city":"Szekszárd","geoname_id":"3044760","h3_hexagon":599508223271108607,"downloaders":{"size":31,"mobile":0,"satellite":0,"tor":0,"tor_exit_nodes":0,"vpn":0,"relay":0,"proxy":0,"hosting":0,"service":0},"uploaders":{"size":3,"mobile":0,"satellite":0,"tor":0,"tor_exit_nodes":0,"vpn":0,"relay":0,"proxy":0,"hosting":0,"service":0}},"geometry":{"type":"Point","coordinates":[18.71189,46.34723]}},{"type":"Feature","properties":{"country_code":"CAN","city":"Nepean","geoname_id":"6087029","h3_hexagon":599744260715053055,"downloaders":{"size":30,"mobile":1,"satellite":0,"tor":0,"tor_exit_nodes":0,"vpn":0,"relay":0,"proxy":0,"hosting":0,"service":0},"uploaders":{"size":4,"mobile":0,"satellite":0,"tor":0,"tor_exit_nodes":0,"vpn":0,"relay":0,"proxy":0,"hosting":0,"service":0}},"geometry":{"type":"Point","coordinates":[-75.7225,45.33619]}},{"type":"Feature","properties":{"country_code":"ESP","city":"Las Palmas de Gran Canaria","geoname_id":"2515270","h3_hexagon":599900918573432831,"downloaders":{"size":30,"mobile":1,"satellite":0,"tor":0,"tor_exit_nodes":0,"vpn":0,"relay":0,"proxy":0,"hosting":0,"service":0},"uploaders":{"size":4,"mobile":0,"satellite":0,"tor":0,"tor_exit_nodes":0,"vpn":0,"relay":0,"proxy":0,"hosting":0,"service":0}},"geometry":{"type":"Point","coordinates":[-15.41573,28.10178]}},{"type":"Feature","properties":{"country_code":"USA","city":"Bloomington","geoname_id":"5018739","h3_hexagon":599650334075256831,"downloaders":{"size":30,"mobile":2,"satellite":0,"tor":0,"tor_exit_nodes":0,"vpn":0,"relay":0,"proxy":0,"hosting":0,"service":0},"uploaders":{"size":11,"mobile":0,"satellite":0,"tor":0,"tor_exit_nodes":0,"vpn":0,"relay":0,"proxy":0,"hosting":0,"service":0}},"geometry":{"type":"Point","coordinates":[-93.29828,44.8408]}},{"type":"Feature","properties":{"country_code":"USA","city":"Livonia","geoname_id":"4999837","h3_hexagon":599729876869578751,"downloaders":{"size":29,"mobile":5,"satellite":0,"tor":0,"tor_exit_nodes":0,"vpn":0,"relay":0,"proxy":0,"hosting":0,"service":0},"uploaders":{"size":13,"mobile":1,"satellite":0,"tor":0,"tor_exit_nodes":0,"vpn":0,"relay":0,"proxy":0,"hosting":0,"service":0}},"geometry":{"type":"Point","coordinates":[-83.35271,42.36837]}},{"type":"Feature","properties":{"country_code":"USA","city":"Hillsborough","geoname_id":"5357155","h3_hexagon":599685776145383423,"downloaders":{"size":28,"mobile":0,"satellite":0,"tor":0,"tor_exit_nodes":0,"vpn":2,"relay":0,"proxy":0,"hosting":0,"service":0},"uploaders":{"size":12,"mobile":0,"satellite":0,"tor":0,"tor_exit_nodes":0,"vpn":0,"relay":0,"proxy":0,"hosting":0,"service":0}},"geometry":{"type":"Point","coordinates":[-122.37942,37.5741]}},{"type":"Feature","properties":{"country_code":"USA","city":"Palm Bay","geoname_id":"4167499","h3_hexagon":600186575774547967,"downloaders":{"size":26,"mobile":3,"satellite":0,"tor":0,"tor_exit_nodes":0,"vpn":1,"relay":0,"proxy":0,"hosting":0,"service":0},"uploaders":{"size":12,"mobile":0,"satellite":0,"tor":0,"tor_exit_nodes":0,"vpn":0,"relay":0,"proxy":0,"hosting":0,"service":0}},"geometry":{"type":"Point","coordinates":[-80.58866,28.03446]}},{"type":"Feature","properties":{"country_code":"NLD","city":"Maastricht","geoname_id":"2751283","h3_hexagon":599535139831152639,"downloaders":{"size":26,"mobile":0,"satellite":0,"tor":0,"tor_exit_nodes":0,"vpn":1,"relay":0,"proxy":0,"hosting":0,"service":0},"uploaders":{"size":10,"mobile":0,"satellite":0,"tor":0,"tor_exit_nodes":0,"vpn":0,"relay":0,"proxy":0,"hosting":0,"service":0}},"geometry":{"type":"Point","coordinates":[5.68889,50.84833]}},{"type":"Feature","properties":{"country_code":"USA","city":"Homewood","geoname_id":"4067927","h3_hexagon":600190977042284543,"downloaders":{"size":25,"mobile":2,"satellite":0,"tor":0,"tor_exit_nodes":0,"vpn":6,"relay":0,"proxy":0,"hosting":5,"service":5},"uploaders":{"size":4,"mobile":0,"satellite":0,"tor":0,"tor_exit_nodes":0,"vpn":0,"relay":0,"proxy":0,"hosting":0,"service":0}},"geometry":{"type":"Point","coordinates":[-86.80082,33.47177]}},{"type":"Feature","properties":{"country_code":"USA","city":"Portland","geoname_id":"4975802","h3_hexagon":599721198888157183,"downloaders":{"size":25,"mobile":0,"satellite":0,"tor":0,"tor_exit_nodes":0,"vpn":3,"relay":0,"proxy":0,"hosting":2,"service":2},"uploaders":{"size":5,"mobile":0,"satellite":0,"tor":0,"tor_exit_nodes":0,"vpn":0,"relay":0,"proxy":0,"hosting":0,"service":0}},"geometry":{"type":"Point","coordinates":[-70.2589,43.65737]}},{"type":"Feature","properties":{"country_code":"DEU","city":"Wiesbaden","geoname_id":"2809346","h3_hexagon":599536104051310591,"downloaders":{"size":24,"mobile":0,"satellite":0,"tor":0,"tor_exit_nodes":0,"vpn":0,"relay":0,"proxy":0,"hosting":1,"service":0},"uploaders":{"size":8,"mobile":0,"satellite":0,"tor":0,"tor_exit_nodes":0,"vpn":0,"relay":0,"proxy":0,"hosting":0,"service":0}},"geometry":{"type":"Point","coordinates":[8.24435,50.08601]}},{"type":"Feature","properties":{"country_code":"USA","city":"Baton Rouge","geoname_id":"4315588","h3_hexagon":600179469751156735,"downloaders":{"size":24,"mobile":3,"satellite":0,"tor":0,"tor_exit_nodes":0,"vpn":0,"relay":0,"proxy":0,"hosting":0,"service":0},"uploaders":{"size":4,"mobile":0,"satellite":0,"tor":0,"tor_exit_nodes":0,"vpn":0,"relay":0,"proxy":0,"hosting":0,"service":0}},"geometry":{"type":"Point","coordinates":[-91.18747,30.44332]}},{"type":"Feature","properties":{"country_code":"USA","city":"Elgin","geoname_id":"4890864","h3_hexagon":599670977835565055,"downloaders":{"size":23,"mobile":0,"satellite":0,"tor":0,"tor_exit_nodes":0,"vpn":0,"relay":0,"proxy":0,"hosting":0,"service":0},"uploaders":{"size":14,"mobile":0,"satellite":0,"tor":0,"tor_exit_nodes":0,"vpn":0,"relay":0,"proxy":0,"hosting":0,"service":0}},"geometry":{"type":"Point","coordinates":[-88.28119,42.03725]}},{"type":"Feature","properties":{"country_code":"CAN","city":"Regina","geoname_id":"6119109","h3_hexagon":599675854770929663,"downloaders":{"size":23,"mobile":8,"satellite":1,"tor":4,"tor_exit_nodes":0,"vpn":0,"relay":0,"proxy":0,"hosting":0,"service":0},"uploaders":{"size":5,"mobile":1,"satellite":0,"tor":4,"tor_exit_nodes":0,"vpn":0,"relay":0,"proxy":0,"hosting":0,"service":0}},"geometry":{"type":"Point","coordinates":[-104.6178,50.45008]}},{"type":"Feature","properties":{"country_code":"GBR","city":"Ramsgate","geoname_id":"2639660","h3_hexagon":599423555507060735,"downloaders":{"size":23,"mobile":0,"satellite":0,"tor":0,"tor_exit_nodes":0,"vpn":0,"relay":0,"proxy":0,"hosting":0,"service":0},"uploaders":{"size":11,"mobile":0,"satellite":0,"tor":0,"tor_exit_nodes":0,"vpn":0,"relay":0,"proxy":0,"hosting":0,"service":0}},"geometry":{"type":"Point","coordinates":[1.41797,51.33568]}},{"type":"Feature","properties":{"country_code":"USA","city":"Wylie","geoname_id":"4743275","h3_hexagon":599661007068987391,"downloaders":{"size":23,"mobile":1,"satellite":0,"tor":0,"tor_exit_nodes":0,"vpn":0,"relay":0,"proxy":0,"hosting":0,"service":0},"uploaders":{"size":8,"mobile":0,"satellite":0,"tor":0,"tor_exit_nodes":0,"vpn":0,"relay":0,"proxy":0,"hosting":0,"service":0}},"geometry":{"type":"Point","coordinates":[-96.53888,33.01512]}},{"type":"Feature","properties":{"country_code":"USA","city":"Hayward","geoname_id":"5355933","h3_hexagon":599686041359613951,"downloaders":{"size":21,"mobile":0,"satellite":0,"tor":0,"tor_exit_nodes":0,"vpn":0,"relay":0,"proxy":0,"hosting":0,"service":0},"uploaders":{"size":4,"mobile":0,"satellite":0,"tor":0,"tor_exit_nodes":0,"vpn":0,"relay":0,"proxy":0,"hosting":0,"service":0}},"geometry":{"type":"Point","coordinates":[-122.0808,37.66882]}},{"type":"Feature","properties":{"country_code":"USA","city":"Southfield","geoname_id":"5010636","h3_hexagon":599729906934349823,"downloaders":{"size":21,"mobile":3,"satellite":0,"tor":0,"tor_exit_nodes":0,"vpn":0,"relay":0,"proxy":0,"hosting":0,"service":0},"uploaders":{"size":12,"mobile":0,"satellite":0,"tor":0,"tor_exit_nodes":0,"vpn":0,"relay":0,"proxy":0,"hosting":0,"service":0}},"geometry":{"type":"Point","coordinates":[-83.22187,42.47337]}},{"type":"Feature","properties":{"country_code":"MYS","city":"Rawang","geoname_id":"1735150","h3_hexagon":600755938114142207,"downloaders":{"size":20,"mobile":0,"satellite":0,"tor":0,"tor_exit_nodes":0,"vpn":0,"relay":0,"proxy":0,"hosting":0,"service":0},"uploaders":{"size":9,"mobile":0,"satellite":0,"tor":0,"tor_exit_nodes":0,"vpn":0,"relay":0,"proxy":0,"hosting":0,"service":0}},"geometry":{"type":"Point","coordinates":[101.5767,3.3213]}},{"type":"Feature","properties":{"country_code":"USA","city":"Lacey","geoname_id":"5800112","h3_hexagon":599699164632186879,"downloaders":{"size":20,"mobile":0,"satellite":0,"tor":0,"tor_exit_nodes":0,"vpn":0,"relay":0,"proxy":0,"hosting":0,"service":0},"uploaders":{"size":13,"mobile":0,"satellite":0,"tor":0,"tor_exit_nodes":0,"vpn":0,"relay":0,"proxy":0,"hosting":0,"service":0}},"geometry":{"type":"Point","coordinates":[-122.82319,47.03426]}},{"type":"Feature","properties":{"country_code":"SVN","city":"Kamnik","geoname_id":"3198365","h3_hexagon":599507801290571775,"downloaders":{"size":20,"mobile":0,"satellite":0,"tor":0,"tor_exit_nodes":0,"vpn":0,"relay":0,"proxy":0,"hosting":0,"service":0},"uploaders":{"size":12,"mobile":0,"satellite":0,"tor":0,"tor_exit_nodes":0,"vpn":0,"relay":0,"proxy":0,"hosting":0,"service":0}},"geometry":{"type":"Point","coordinates":[14.61207,46.22587]}},{"type":"Feature","properties":{"country_code":"USA","city":"St. Petersburg","geoname_id":"4171563","h3_hexagon":600176845526138879,"downloaders":{"size":20,"mobile":0,"satellite":0,"tor":0,"tor_exit_nodes":0,"vpn":1,"relay":0,"proxy":0,"hosting":0,"service":0},"uploaders":{"size":10,"mobile":0,"satellite":0,"tor":0,"tor_exit_nodes":0,"vpn":0,"relay":0,"proxy":0,"hosting":0,"service":0}},"geometry":{"type":"Point","coordinates":[-82.67927,27.77086]}},{"type":"Feature","properties":{"country_code":"USA","city":"Fishers","geoname_id":"4257494","h3_hexagon":599727676772581375,"downloaders":{"size":19,"mobile":0,"satellite":0,"tor":0,"tor_exit_nodes":0,"vpn":0,"relay":0,"proxy":0,"hosting":0,"service":0},"uploaders":{"size":10,"mobile":0,"satellite":0,"tor":0,"tor_exit_nodes":0,"vpn":0,"relay":0,"proxy":0,"hosting":0,"service":0}},"geometry":{"type":"Point","coordinates":[-86.01387,39.95559]}},{"type":"Feature","properties":{"country_code":"USA","city":"Germantown","geoname_id":"4624601","h3_hexagon":599653418935517183,"downloaders":{"size":19,"mobile":16,"satellite":0,"tor":0,"tor_exit_nodes":0,"vpn":0,"relay":0,"proxy":0,"hosting":0,"service":0},"uploaders":{"size":11,"mobile":11,"satellite":0,"tor":0,"tor_exit_nodes":0,"vpn":0,"relay":0,"proxy":0,"hosting":0,"service":0}},"geometry":{"type":"Point","coordinates":[-89.81009,35.08676]}},{"type":"Feature","properties":{"country_code":"DEU","city":"Salzgitter","geoname_id":"2842150","h3_hexagon":599525305429786623,"downloaders":{"size":19,"mobile":2,"satellite":0,"tor":0,"tor_exit_nodes":0,"vpn":0,"relay":0,"proxy":0,"hosting":0,"service":0},"uploaders":{"size":9,"mobile":0,"satellite":0,"tor":0,"tor_exit_nodes":0,"vpn":0,"relay":0,"proxy":0,"hosting":0,"service":0}},"geometry":{"type":"Point","coordinates":[10.4154,52.15705]}},{"type":"Feature","properties":{"country_code":"IND","city":"Pune","geoname_id":"1259229","h3_hexagon":600676968697954303,"downloaders":{"size":19,"mobile":0,"satellite":0,"tor":0,"tor_exit_nodes":0,"vpn":0,"relay":0,"proxy":0,"hosting":0,"service":0},"uploaders":{"size":4,"mobile":0,"satellite":0,"tor":0,"tor_exit_nodes":0,"vpn":0,"relay":0,"proxy":0,"hosting":0,"service":0}},"geometry":{"type":"Point","coordinates":[73.85535,18.51957]}},{"type":"Feature","properties":{"country_code":"USA","city":"Saint Peters","geoname_id":"4407237","h3_hexagon":599652079979462655,"downloaders":{"size":19,"mobile":0,"satellite":0,"tor":0,"tor_exit_nodes":0,"vpn":1,"relay":0,"proxy":0,"hosting":0,"service":0},"uploaders":{"size":12,"mobile":0,"satellite":0,"tor":0,"tor_exit_nodes":0,"vpn":0,"relay":0,"proxy":0,"hosting":0,"service":0}},"geometry":{"type":"Point","coordinates":[-90.62651,38.80033]}},{"type":"Feature","properties":{"country_code":"USA","city":"Eagan","geoname_id":"5024825","h3_hexagon":599650335148998655,"downloaders":{"size":19,"mobile":0,"satellite":0,"tor":0,"tor_exit_nodes":0,"vpn":0,"relay":0,"proxy":0,"hosting":0,"service":0},"uploaders":{"size":13,"mobile":0,"satellite":0,"tor":0,"tor_exit_nodes":0,"vpn":0,"relay":0,"proxy":0,"hosting":0,"service":0}},"geometry":{"type":"Point","coordinates":[-93.16689,44.80413]}},{"type":"Feature","properties":{"country_code":"USA","city":"Lowell","geoname_id":"4942618","h3_hexagon":599720954075021311,"downloaders":{"size":19,"mobile":0,"satellite":0,"tor":0,"tor_exit_nodes":0,"vpn":0,"relay":0,"proxy":0,"hosting":0,"service":0},"uploaders":{"size":11,"mobile":0,"satellite":0,"tor":0,"tor_exit_nodes":0,"vpn":0,"relay":0,"proxy":0,"hosting":0,"service":0}},"geometry":{"type":"Point","coordinates":[-71.31617,42.63342]}},{"type":"Feature","properties":{"country_code":"EST","city":"Tallinn","geoname_id":"588409","h3_hexagon":599130193134616575,"downloaders":{"size":19,"mobile":0,"satellite":0,"tor":12,"tor_exit_nodes":0,"vpn":12,"relay":0,"proxy":0,"hosting":13,"service":12},"uploaders":{"size":9,"mobile":0,"satellite":0,"tor":9,"tor_exit_nodes":0,"vpn":9,"relay":0,"proxy":0,"hosting":9,"service":9}},"geometry":{"type":"Point","coordinates":[24.70535,59.40165]}},{"type":"Feature","properties":{"country_code":"USA","city":"Clearwater","geoname_id":"4151316","h3_hexagon":600176842304913407,"downloaders":{"size":19,"mobile":0,"satellite":0,"tor":0,"tor_exit_nodes":0,"vpn":0,"relay":0,"proxy":0,"hosting":0,"service":0},"uploaders":{"size":4,"mobile":0,"satellite":0,"tor":0,"tor_exit_nodes":0,"vpn":0,"relay":0,"proxy":0,"hosting":0,"service":0}},"geometry":{"type":"Point","coordinates":[-82.8001,27.96585]}},{"type":"Feature","properties":{"country_code":"BRA","city":"Santa Luzia","geoname_id":"3450144","h3_hexagon":601943117540622335,"downloaders":{"size":18,"mobile":0,"satellite":0,"tor":0,"tor_exit_nodes":0,"vpn":0,"relay":0,"proxy":0,"hosting":0,"service":0},"uploaders":{"size":12,"mobile":0,"satellite":0,"tor":0,"tor_exit_nodes":0,"vpn":0,"relay":0,"proxy":0,"hosting":0,"service":0}},"geometry":{"type":"Point","coordinates":[-43.85139,-19.76972]}},{"type":"Feature","properties":{"country_code":"USA","city":"Traverse City","geoname_id":"5012495","h3_hexagon":599669351116701695,"downloaders":{"size":18,"mobile":0,"satellite":0,"tor":0,"tor_exit_nodes":0,"vpn":0,"relay":0,"proxy":0,"hosting":0,"service":0},"uploaders":{"size":4,"mobile":0,"satellite":0,"tor":0,"tor_exit_nodes":0,"vpn":0,"relay":0,"proxy":0,"hosting":0,"service":0}},"geometry":{"type":"Point","coordinates":[-85.62063,44.76306]}},{"type":"Feature","properties":{"country_code":"GBR","city":"Peterborough","geoname_id":"2640354","h3_hexagon":599423161443811327,"downloaders":{"size":18,"mobile":0,"satellite":0,"tor":0,"tor_exit_nodes":0,"vpn":0,"relay":0,"proxy":0,"hosting":17,"service":0},"uploaders":{"size":13,"mobile":0,"satellite":0,"tor":0,"tor_exit_nodes":0,"vpn":0,"relay":0,"proxy":0,"hosting":13,"service":0}},"geometry":{"type":"Point","coordinates":[-0.24777,52.57364]}},{"type":"Feature","properties":{"country_code":"POL","city":"Łęczna","geoname_id":"766583","h3_hexagon":599509612693028863,"downloaders":{"size":17,"mobile":0,"satellite":0,"tor":0,"tor_exit_nodes":0,"vpn":0,"relay":0,"proxy":0,"hosting":0,"service":0},"uploaders":{"size":10,"mobile":0,"satellite":0,"tor":0,"tor_exit_nodes":0,"vpn":0,"relay":0,"proxy":0,"hosting":0,"service":0}},"geometry":{"type":"Point","coordinates":[22.88135,51.30121]}},{"type":"Feature","properties":{"country_code":"BEL","city":"Hasselt","geoname_id":"2796491","h3_hexagon":599535143052378111,"downloaders":{"size":17,"mobile":4,"satellite":0,"tor":0,"tor_exit_nodes":0,"vpn":0,"relay":0,"proxy":0,"hosting":0,"service":0},"uploaders":{"size":6,"mobile":0,"satellite":0,"tor":0,"tor_exit_nodes":0,"vpn":0,"relay":0,"proxy":0,"hosting":0,"service":0}},"geometry":{"type":"Point","coordinates":[5.33781,50.93106]}},{"type":"Feature","properties":{"country_code":"CAN","city":"Drumheller","geoname_id":"5942798","h3_hexagon":599311612553199615,"downloaders":{"size":17,"mobile":0,"satellite":0,"tor":0,"tor_exit_nodes":0,"vpn":0,"relay":0,"proxy":0,"hosting":0,"service":0},"uploaders":{"size":11,"mobile":0,"satellite":0,"tor":0,"tor_exit_nodes":0,"vpn":0,"relay":0,"proxy":0,"hosting":0,"service":0}},"geometry":{"type":"Point","coordinates":[-112.71011,51.46171]}},{"type":"Feature","properties":{"country_code":"USA","city":"Little Rock","geoname_id":"4119403","h3_hexagon":599653528457183231,"downloaders":{"size":17,"mobile":0,"satellite":3,"tor":0,"tor_exit_nodes":0,"vpn":0,"relay":0,"proxy":0,"hosting":0,"service":0},"uploaders":{"size":7,"mobile":0,"satellite":0,"tor":0,"tor_exit_nodes":0,"vpn":0,"relay":0,"proxy":0,"hosting":0,"service":0}},"geometry":{"type":"Point","coordinates":[-92.28959,34.74648]}},{"type":"Feature","properties":{"country_code":"FRA","city":"Béziers","geoname_id":"3032833","h3_hexagon":599988199825080319,"downloaders":{"size":16,"mobile":1,"satellite":0,"tor":0,"tor_exit_nodes":0,"vpn":0,"relay":0,"proxy":0,"hosting":0,"service":0},"uploaders":{"size":10,"mobile":0,"satellite":0,"tor":0,"tor_exit_nodes":0,"vpn":0,"relay":0,"proxy":0,"hosting":0,"service":0}},"geometry":{"type":"Point","coordinates":[3.21402,43.34122]}},{"type":"Feature","properties":{"country_code":"USA","city":"Milpitas","geoname_id":"5373327","h3_hexagon":599686044580839423,"downloaders":{"size":16,"mobile":0,"satellite":0,"tor":0,"tor_exit_nodes":0,"vpn":0,"relay":0,"proxy":0,"hosting":0,"service":0},"uploaders":{"size":8,"mobile":0,"satellite":0,"tor":0,"tor_exit_nodes":0,"vpn":0,"relay":0,"proxy":0,"hosting":0,"service":0}},"geometry":{"type":"Point","coordinates":[-121.90662,37.42827]}},{"type":"Feature","properties":{"country_code":"IND","city":"Surat","geoname_id":"1255364","h3_hexagon":600154804827717631,"downloaders":{"size":16,"mobile":13,"satellite":0,"tor":0,"tor_exit_nodes":0,"vpn":0,"relay":0,"proxy":0,"hosting":0,"service":0},"uploaders":{"size":5,"mobile":5,"satellite":0,"tor":0,"tor_exit_nodes":0,"vpn":0,"relay":0,"proxy":0,"hosting":0,"service":0}},"geometry":{"type":"Point","coordinates":[72.83023,21.19594]}},{"type":"Feature","properties":{"country_code":"USA","city":"Tacoma","geoname_id":"5812944","h3_hexagon":599697127743946751,"downloaders":{"size":15,"mobile":1,"satellite":0,"tor":0,"tor_exit_nodes":0,"vpn":0,"relay":0,"proxy":0,"hosting":0,"service":0},"uploaders":{"size":3,"mobile":0,"satellite":0,"tor":0,"tor_exit_nodes":0,"vpn":0,"relay":0,"proxy":0,"hosting":0,"service":0}},"geometry":{"type":"Point","coordinates":[-122.44429,47.25288]}},{"type":"Feature","properties":{"country_code":"USA","city":"Orland Park","geoname_id":"4904937","h3_hexagon":599654143711248383,"downloaders":{"size":15,"mobile":0,"satellite":0,"tor":0,"tor_exit_nodes":0,"vpn":0,"relay":0,"proxy":0,"hosting":0,"service":0},"uploaders":{"size":12,"mobile":0,"satellite":0,"tor":0,"tor_exit_nodes":0,"vpn":0,"relay":0,"proxy":0,"hosting":0,"service":0}},"geometry":{"type":"Point","coordinates":[-87.85394,41.63031]}},{"type":"Feature","properties":{"country_code":"ITA","city":"Vicenza","geoname_id":"3164419","h3_hexagon":599517802121920511,"downloaders":{"size":15,"mobile":0,"satellite":0,"tor":0,"tor_exit_nodes":0,"vpn":0,"relay":0,"proxy":1,"hosting":0,"service":0},"uploaders":{"size":5,"mobile":0,"satellite":0,"tor":0,"tor_exit_nodes":0,"vpn":0,"relay":0,"proxy":0,"hosting":0,"service":0}},"geometry":{"type":"Point","coordinates":[11.5475,45.54672]}},{"type":"Feature","properties":{"country_code":"USA","city":"Fairfield","geoname_id":"5347335","h3_hexagon":599685739638161407,"downloaders":{"size":15,"mobile":0,"satellite":0,"tor":0,"tor_exit_nodes":0,"vpn":0,"relay":0,"proxy":0,"hosting":0,"service":0},"uploaders":{"size":13,"mobile":0,"satellite":0,"tor":0,"tor_exit_nodes":0,"vpn":0,"relay":0,"proxy":0,"hosting":0,"service":0}},"geometry":{"type":"Point","coordinates":[-122.03997,38.24936]}},{"type":"Feature","properties":{"country_code":"DEU","city":"Petershagen","geoname_id":"2854653","h3_hexagon":599526134358474751,"downloaders":{"size":15,"mobile":0,"satellite":0,"tor":0,"tor_exit_nodes":0,"vpn":0,"relay":0,"proxy":0,"hosting":0,"service":0},"uploaders":{"size":11,"mobile":0,"satellite":0,"tor":0,"tor_exit_nodes":0,"vpn":0,"relay":0,"proxy":0,"hosting":0,"service":0}},"geometry":{"type":"Point","coordinates":[13.78748,52.52078]}},{"type":"Feature","properties":{"country_code":"USA","city":"Saginaw","geoname_id":"5007989","h3_hexagon":599670194004033535,"downloaders":{"size":15,"mobile":0,"satellite":0,"tor":0,"tor_exit_nodes":0,"vpn":0,"relay":0,"proxy":0,"hosting":0,"service":0},"uploaders":{"size":11,"mobile":0,"satellite":0,"tor":0,"tor_exit_nodes":0,"vpn":0,"relay":0,"proxy":0,"hosting":0,"service":0}},"geometry":{"type":"Point","coordinates":[-83.95081,43.41947]}},{"type":"Feature","properties":{"country_code":"USA","city":"Chapel Hill","geoname_id":"4460162","h3_hexagon":599727219358564351,"downloaders":{"size":15,"mobile":1,"satellite":0,"tor":0,"tor_exit_nodes":0,"vpn":0,"relay":0,"proxy":0,"hosting":0,"service":0},"uploaders":{"size":12,"mobile":0,"satellite":0,"tor":0,"tor_exit_nodes":0,"vpn":0,"relay":0,"proxy":0,"hosting":0,"service":0}},"geometry":{"type":"Point","coordinates":[-79.05584,35.9132]}},{"type":"Feature","properties":{"country_code":"USA","city":"Fairmont","geoname_id":"4805404","h3_hexagon":599726420494647295,"downloaders":{"size":15,"mobile":0,"satellite":0,"tor":0,"tor_exit_nodes":0,"vpn":0,"relay":0,"proxy":0,"hosting":0,"service":0},"uploaders":{"size":12,"mobile":0,"satellite":0,"tor":0,"tor_exit_nodes":0,"vpn":0,"relay":0,"proxy":0,"hosting":0,"service":0}},"geometry":{"type":"Point","coordinates":[-80.14258,39.48508]}},{"type":"Feature","properties":{"country_code":"ESP","city":"Arona","geoname_id":"2521582","h3_hexagon":599898021617991679,"downloaders":{"size":14,"mobile":0,"satellite":0,"tor":0,"tor_exit_nodes":0,"vpn":0,"relay":0,"proxy":0,"hosting":0,"service":0},"uploaders":{"size":11,"mobile":0,"satellite":0,"tor":0,"tor_exit_nodes":0,"vpn":0,"relay":0,"proxy":0,"hosting":0,"service":0}},"geometry":{"type":"Point","coordinates":[-16.68102,28.09962]}},{"type":"Feature","properties":{"country_code":"ITA","city":"Pavia","geoname_id":"3171366","h3_hexagon":599534640541204479,"downloaders":{"size":14,"mobile":0,"satellite":0,"tor":0,"tor_exit_nodes":0,"vpn":1,"relay":0,"proxy":0,"hosting":3,"service":0},"uploaders":{"size":4,"mobile":0,"satellite":0,"tor":0,"tor_exit_nodes":0,"vpn":0,"relay":0,"proxy":0,"hosting":0,"service":0}},"geometry":{"type":"Point","coordinates":[9.15917,45.19205]}},{"type":"Feature","properties":{"country_code":"USA","city":"Tullytown","geoname_id":"5216241","h3_hexagon":599718950472777727,"downloaders":{"size":14,"mobile":0,"satellite":0,"tor":0,"tor_exit_nodes":0,"vpn":0,"relay":0,"proxy":0,"hosting":0,"service":0},"uploaders":{"size":3,"mobile":0,"satellite":0,"tor":0,"tor_exit_nodes":0,"vpn":0,"relay":0,"proxy":0,"hosting":0,"service":0}},"geometry":{"type":"Point","coordinates":[-74.81461,40.13928]}},{"type":"Feature","properties":{"country_code":"USA","city":"Bloomington","geoname_id":"4254679","h3_hexagon":599654699909513215,"downloaders":{"size":14,"mobile":0,"satellite":0,"tor":0,"tor_exit_nodes":0,"vpn":0,"relay":0,"proxy":0,"hosting":0,"service":0},"uploaders":{"size":11,"mobile":0,"satellite":0,"tor":0,"tor_exit_nodes":0,"vpn":0,"relay":0,"proxy":0,"hosting":0,"service":0}},"geometry":{"type":"Point","coordinates":[-86.52639,39.16533]}},{"type":"Feature","properties":{"country_code":"IDN","city":"Bandung","geoname_id":"1650357","h3_hexagon":601443064162025471,"downloaders":{"size":14,"mobile":0,"satellite":0,"tor":0,"tor_exit_nodes":0,"vpn":0,"relay":0,"proxy":0,"hosting":0,"service":0},"uploaders":{"size":4,"mobile":0,"satellite":0,"tor":0,"tor_exit_nodes":0,"vpn":0,"relay":0,"proxy":0,"hosting":0,"service":0}},"geometry":{"type":"Point","coordinates":[107.60694,-6.92222]}},{"type":"Feature","properties":{"country_code":"USA","city":"Shrewsbury","geoname_id":"4950898","h3_hexagon":599721186003255295,"downloaders":{"size":14,"mobile":0,"satellite":0,"tor":0,"tor_exit_nodes":0,"vpn":0,"relay":0,"proxy":0,"hosting":0,"service":0},"uploaders":{"size":7,"mobile":0,"satellite":0,"tor":0,"tor_exit_nodes":0,"vpn":0,"relay":0,"proxy":0,"hosting":0,"service":0}},"geometry":{"type":"Point","coordinates":[-71.71285,42.29593]}},{"type":"Feature","properties":{"country_code":"DEU","city":"Langenzenn","geoname_id":"2880862","h3_hexagon":599535897892880383,"downloaders":{"size":14,"mobile":0,"satellite":0,"tor":0,"tor_exit_nodes":0,"vpn":0,"relay":0,"proxy":0,"hosting":0,"service":0},"uploaders":{"size":8,"mobile":0,"satellite":0,"tor":0,"tor_exit_nodes":0,"vpn":0,"relay":0,"proxy":0,"hosting":0,"service":0}},"geometry":{"type":"Point","coordinates":[10.7923,49.49463]}},{"type":"Feature","properties":{"country_code":"NOR","city":"Asker","geoname_id":"3162657","h3_hexagon":599147595268358143,"downloaders":{"size":13,"mobile":0,"satellite":0,"tor":0,"tor_exit_nodes":0,"vpn":0,"relay":0,"proxy":0,"hosting":0,"service":0},"uploaders":{"size":9,"mobile":0,"satellite":0,"tor":0,"tor_exit_nodes":0,"vpn":0,"relay":0,"proxy":0,"hosting":0,"service":0}},"geometry":{"type":"Point","coordinates":[10.43721,59.83333]}},{"type":"Feature","properties":{"country_code":"USA","city":"Fairview","geoname_id":"5539005","h3_hexagon":599657331650723839,"downloaders":{"size":13,"mobile":0,"satellite":0,"tor":0,"tor_exit_nodes":0,"vpn":0,"relay":0,"proxy":0,"hosting":0,"service":0},"uploaders":{"size":8,"mobile":0,"satellite":0,"tor":0,"tor_exit_nodes":0,"vpn":0,"relay":0,"proxy":0,"hosting":0,"service":0}},"geometry":{"type":"Point","coordinates":[-111.43963,39.62635]}},{"type":"Feature","properties":{"country_code":"USA","city":"Tukwila","geoname_id":"5814043","h3_hexagon":599697097679175679,"downloaders":{"size":13,"mobile":0,"satellite":0,"tor":0,"tor_exit_nodes":0,"vpn":0,"relay":0,"proxy":0,"hosting":0,"service":0},"uploaders":{"size":6,"mobile":0,"satellite":0,"tor":0,"tor_exit_nodes":0,"vpn":0,"relay":0,"proxy":0,"hosting":0,"service":0}},"geometry":{"type":"Point","coordinates":[-122.26096,47.47399]}},{"type":"Feature","properties":{"country_code":"ROU","city":"Orăştie","geoname_id":"671757","h3_hexagon":599522194799722495,"downloaders":{"size":13,"mobile":0,"satellite":0,"tor":0,"tor_exit_nodes":0,"vpn":0,"relay":0,"proxy":0,"hosting":13,"service":0},"uploaders":{"size":12,"mobile":0,"satellite":0,"tor":0,"tor_exit_nodes":0,"vpn":0,"relay":0,"proxy":0,"hosting":12,"service":0}},"geometry":{"type":"Point","coordinates":[23.2,45.83333]}},{"type":"Feature","properties":{"country_code":"USA","city":"De Pere","geoname_id":"5250201","h3_hexagon":599669468154560511,"downloaders":{"size":13,"mobile":0,"satellite":0,"tor":0,"tor_exit_nodes":0,"vpn":0,"relay":0,"proxy":0,"hosting":0,"service":0},"uploaders":{"size":12,"mobile":0,"satellite":0,"tor":0,"tor_exit_nodes":0,"vpn":0,"relay":0,"proxy":0,"hosting":0,"service":0}},"geometry":{"type":"Point","coordinates":[-88.06038,44.44888]}},{"type":"Feature","properties":{"country_code":"USA","city":"Bristol","geoname_id":"5282835","h3_hexagon":599718998791159807,"downloaders":{"size":13,"mobile":0,"satellite":0,"tor":0,"tor_exit_nodes":0,"vpn":0,"relay":0,"proxy":0,"hosting":0,"service":0},"uploaders":{"size":5,"mobile":0,"satellite":0,"tor":0,"tor_exit_nodes":0,"vpn":0,"relay":0,"proxy":0,"hosting":0,"service":0}},"geometry":{"type":"Point","coordinates":[-72.94927,41.67176]}},{"type":"Feature","properties":{"country_code":"USA","city":"Mission Hills","geoname_id":"5373650","h3_hexagon":599701369024151551,"downloaders":{"size":12,"mobile":0,"satellite":0,"tor":0,"tor_exit_nodes":0,"vpn":9,"relay":0,"proxy":0,"hosting":0,"service":0},"uploaders":{"size":9,"mobile":0,"satellite":0,"tor":0,"tor_exit_nodes":0,"vpn":9,"relay":0,"proxy":0,"hosting":0,"service":0}},"geometry":{"type":"Point","coordinates":[-120.43683,34.68609]}},{"type":"Feature","properties":{"country_code":"USA","city":"Pueblo West","geoname_id":"5435477","h3_hexagon":599656604727508991,"downloaders":{"size":12,"mobile":0,"satellite":0,"tor":0,"tor_exit_nodes":0,"vpn":0,"relay":0,"proxy":0,"hosting":0,"service":0},"uploaders":{"size":10,"mobile":0,"satellite":0,"tor":0,"tor_exit_nodes":0,"vpn":0,"relay":0,"proxy":0,"hosting":0,"service":0}},"geometry":{"type":"Point","coordinates":[-104.72275,38.35]}},{"type":"Feature","properties":{"country_code":"USA","city":"Lake Lorraine","geoname_id":"4161296","h3_hexagon":600180713144188927,"downloaders":{"size":12,"mobile":0,"satellite":0,"tor":0,"tor_exit_nodes":0,"vpn":0,"relay":0,"proxy":0,"hosting":0,"service":0},"uploaders":{"size":11,"mobile":0,"satellite":0,"tor":0,"tor_exit_nodes":0,"vpn":0,"relay":0,"proxy":0,"hosting":0,"service":0}},"geometry":{"type":"Point","coordinates":[-86.56523,30.44159]}},{"type":"Feature","properties":{"country_code":"BRA","city":"Nova Andradina","geoname_id":"6317707","h3_hexagon":601935176146092031,"downloaders":{"size":12,"mobile":0,"satellite":0,"tor":0,"tor_exit_nodes":0,"vpn":0,"relay":0,"proxy":0,"hosting":0,"service":0},"uploaders":{"size":8,"mobile":0,"satellite":0,"tor":0,"tor_exit_nodes":0,"vpn":0,"relay":0,"proxy":0,"hosting":0,"service":0}},"geometry":{"type":"Point","coordinates":[-53.34306,-22.23333]}},{"type":"Feature","properties":{"country_code":"USA","city":"Sealy","geoname_id":"4727629","h3_hexagon":600255517515841535,"downloaders":{"size":12,"mobile":12,"satellite":0,"tor":0,"tor_exit_nodes":0,"vpn":0,"relay":0,"proxy":0,"hosting":0,"service":0},"uploaders":{"size":12,"mobile":12,"satellite":0,"tor":0,"tor_exit_nodes":0,"vpn":0,"relay":0,"proxy":0,"hosting":0,"service":0}},"geometry":{"type":"Point","coordinates":[-96.15718,29.78079]}},{"type":"Feature","properties":{"country_code":"USA","city":"Camp Hill","geoname_id":"5182928","h3_hexagon":599729619171540991,"downloaders":{"size":12,"mobile":0,"satellite":0,"tor":0,"tor_exit_nodes":0,"vpn":0,"relay":0,"proxy":0,"hosting":0,"service":0},"uploaders":{"size":9,"mobile":0,"satellite":0,"tor":0,"tor_exit_nodes":0,"vpn":0,"relay":0,"proxy":0,"hosting":0,"service":0}},"geometry":{"type":"Point","coordinates":[-76.91997,40.23981]}},{"type":"Feature","properties":{"country_code":"USA","city":"Gilbert","geoname_id":"5295903","h3_hexagon":600261580935921663,"downloaders":{"size":12,"mobile":0,"satellite":0,"tor":0,"tor_exit_nodes":0,"vpn":0,"relay":0,"proxy":0,"hosting":0,"service":0},"uploaders":{"size":11,"mobile":0,"satellite":0,"tor":0,"tor_exit_nodes":0,"vpn":0,"relay":0,"proxy":0,"hosting":0,"service":0}},"geometry":{"type":"Point","coordinates":[-111.78903,33.35283]}},{"type":"Feature","properties":{"country_code":"CZE","city":"Pilsen","geoname_id":"3068160","h3_hexagon":599509871464808447,"downloaders":{"size":12,"mobile":0,"satellite":0,"tor":0,"tor_exit_nodes":0,"vpn":0,"relay":0,"proxy":0,"hosting":11,"service":0},"uploaders":{"size":3,"mobile":0,"satellite":0,"tor":0,"tor_exit_nodes":0,"vpn":0,"relay":0,"proxy":0,"hosting":3,"service":0}},"geometry":{"type":"Point","coordinates":[13.37759,49.74747]}},{"type":"Feature","properties":{"country_code":"USA","city":"Charleston","geoname_id":"4612805","h3_hexagon":600188768355352575,"downloaders":{"size":12,"mobile":12,"satellite":0,"tor":0,"tor_exit_nodes":0,"vpn":0,"relay":0,"proxy":0,"hosting":0,"service":0},"uploaders":{"size":11,"mobile":11,"satellite":0,"tor":0,"tor_exit_nodes":0,"vpn":0,"relay":0,"proxy":0,"hosting":0,"service":0}},"geometry":{"type":"Point","coordinates":[-84.75827,35.2873]}},{"type":"Feature","properties":{"country_code":"SVK","city":"Malá Maňa","geoname_id":"3058884","h3_hexagon":599506698557718527,"downloaders":{"size":11,"mobile":0,"satellite":0,"tor":0,"tor_exit_nodes":0,"vpn":0,"relay":0,"proxy":0,"hosting":0,"service":0},"uploaders":{"size":5,"mobile":0,"satellite":0,"tor":0,"tor_exit_nodes":0,"vpn":0,"relay":0,"proxy":0,"hosting":0,"service":0}},"geometry":{"type":"Point","coordinates":[18.26453,48.1452]}},{"type":"Feature","properties":{"country_code":"GBR","city":"Mobberley","geoname_id":"2642404","h3_hexagon":599424166466158591,"downloaders":{"size":11,"mobile":0,"satellite":0,"tor":0,"tor_exit_nodes":0,"vpn":0,"relay":0,"proxy":0,"hosting":0,"service":0},"uploaders":{"size":9,"mobile":0,"satellite":0,"tor":0,"tor_exit_nodes":0,"vpn":0,"relay":0,"proxy":0,"hosting":0,"service":0}},"geometry":{"type":"Point","coordinates":[-2.31667,53.31667]}},{"type":"Feature","properties":{"country_code":"USA","city":"Prescott","geoname_id":"5268045","h3_hexagon":599650312600420351,"downloaders":{"size":11,"mobile":0,"satellite":0,"tor":0,"tor_exit_nodes":0,"vpn":0,"relay":0,"proxy":0,"hosting":0,"service":0},"uploaders":{"size":10,"mobile":0,"satellite":0,"tor":0,"tor_exit_nodes":0,"vpn":0,"relay":0,"proxy":0,"hosting":0,"service":0}},"geometry":{"type":"Point","coordinates":[-92.80215,44.74886]}},{"type":"Feature","properties":{"country_code":"GBR","city":"Worthing","geoname_id":"2633521","h3_hexagon":599423673618661375,"downloaders":{"size":11,"mobile":0,"satellite":0,"tor":0,"tor_exit_nodes":0,"vpn":1,"relay":0,"proxy":0,"hosting":1,"service":0},"uploaders":{"size":3,"mobile":0,"satellite":0,"tor":0,"tor_exit_nodes":0,"vpn":0,"relay":0,"proxy":0,"hosting":0,"service":0}},"geometry":{"type":"Point","coordinates":[-0.37538,50.81795]}},{"type":"Feature","properties":{"country_code":"USA","city":"Northport","geoname_id":"4080555","h3_hexagon":600191317418442751,"downloaders":{"size":11,"mobile":10,"satellite":0,"tor":0,"tor_exit_nodes":0,"vpn":0,"relay":0,"proxy":0,"hosting":0,"service":0},"uploaders":{"size":10,"mobile":10,"satellite":0,"tor":0,"tor_exit_nodes":0,"vpn":0,"relay":0,"proxy":0,"hosting":0,"service":0}},"geometry":{"type":"Point","coordinates":[-87.57723,33.22901]}},{"type":"Feature","properties":{"country_code":"USA","city":"Newton","geoname_id":"4868907","h3_hexagon":599655386030538751,"downloaders":{"size":11,"mobile":0,"satellite":0,"tor":0,"tor_exit_nodes":0,"vpn":0,"relay":0,"proxy":0,"hosting":0,"service":0},"uploaders":{"size":11,"mobile":0,"satellite":0,"tor":0,"tor_exit_nodes":0,"vpn":0,"relay":0,"proxy":0,"hosting":0,"service":0}},"geometry":{"type":"Point","coordinates":[-93.04798,41.69971]}},{"type":"Feature","properties":{"country_code":"FRA","city":"Pégomas","geoname_id":"2988220","h3_hexagon":599988727032315903,"downloaders":{"size":11,"mobile":1,"satellite":0,"tor":0,"tor_exit_nodes":0,"vpn":0,"relay":0,"proxy":0,"hosting":0,"service":0},"uploaders":{"size":10,"mobile":0,"satellite":0,"tor":0,"tor_exit_nodes":0,"vpn":0,"relay":0,"proxy":0,"hosting":0,"service":0}},"geometry":{"type":"Point","coordinates":[6.93211,43.59662]}},{"type":"Feature","properties":{"country_code":"NLD","city":"Wemeldinge","geoname_id":"2744839","h3_hexagon":599425917739073535,"downloaders":{"size":11,"mobile":0,"satellite":0,"tor":0,"tor_exit_nodes":0,"vpn":0,"relay":0,"proxy":0,"hosting":0,"service":0},"uploaders":{"size":10,"mobile":0,"satellite":0,"tor":0,"tor_exit_nodes":0,"vpn":0,"relay":0,"proxy":0,"hosting":0,"service":0}},"geometry":{"type":"Point","coordinates":[3.99722,51.51833]}},{"type":"Feature","properties":{"country_code":"ITA","city":"Cuneo","geoname_id":"3177700","h3_hexagon":599534693154553855,"downloaders":{"size":10,"mobile":1,"satellite":0,"tor":0,"tor_exit_nodes":0,"vpn":0,"relay":0,"proxy":0,"hosting":0,"service":0},"uploaders":{"size":8,"mobile":0,"satellite":0,"tor":0,"tor_exit_nodes":0,"vpn":0,"relay":0,"proxy":0,"hosting":0,"service":0}},"geometry":{"type":"Point","coordinates":[7.54828,44.39071]}},{"type":"Feature","properties":{"country_code":"NLD","city":"Steenwijk","geoname_id":"2746766","h3_hexagon":599426061620477951,"downloaders":{"size":10,"mobile":0,"satellite":0,"tor":0,"tor_exit_nodes":0,"vpn":0,"relay":0,"proxy":0,"hosting":0,"service":0},"uploaders":{"size":10,"mobile":0,"satellite":0,"tor":0,"tor_exit_nodes":0,"vpn":0,"relay":0,"proxy":0,"hosting":0,"service":0}},"geometry":{"type":"Point","coordinates":[6.12083,52.7875]}},{"type":"Feature","properties":{"country_code":"DEU","city":"Saarlouis","geoname_id":"2842632","h3_hexagon":599535336325906431,"downloaders":{"size":10,"mobile":0,"satellite":0,"tor":0,"tor_exit_nodes":0,"vpn":0,"relay":0,"proxy":0,"hosting":0,"service":0},"uploaders":{"size":3,"mobile":0,"satellite":0,"tor":0,"tor_exit_nodes":0,"vpn":0,"relay":0,"proxy":0,"hosting":0,"service":0}},"geometry":{"type":"Point","coordinates":[6.75154,49.31366]}},{"type":"Feature","properties":{"country_code":"USA","city":"Concrete","geoname_id":"5790718","h3_hexagon":599696977420091391,"downloaders":{"size":10,"mobile":0,"satellite":0,"tor":0,"tor_exit_nodes":0,"vpn":0,"relay":0,"proxy":0,"hosting":0,"service":0},"uploaders":{"size":9,"mobile":0,"satellite":0,"tor":0,"tor_exit_nodes":0,"vpn":0,"relay":0,"proxy":0,"hosting":0,"service":0}},"geometry":{"type":"Point","coordinates":[-121.74625,48.53928]}},{"type":"Feature","properties":{"country_code":"USA","city":"Amarillo","geoname_id":"5516233","h3_hexagon":599661638429179903,"downloaders":{"size":9,"mobile":4,"satellite":0,"tor":0,"tor_exit_nodes":0,"vpn":1,"relay":0,"proxy":0,"hosting":0,"service":0},"uploaders":{"size":3,"mobile":3,"satellite":0,"tor":0,"tor_exit_nodes":0,"vpn":0,"relay":0,"proxy":0,"hosting":0,"service":0}},"geometry":{"type":"Point","coordinates":[-101.8313,35.222]}},{"type":"Feature","properties":{"country_code":"NOR","city":"Lakselv","geoname_id":"779082","h3_hexagon":598999003358560255,"downloaders":{"size":9,"mobile":0,"satellite":0,"tor":0,"tor_exit_nodes":0,"vpn":0,"relay":0,"proxy":0,"hosting":0,"service":0},"uploaders":{"size":9,"mobile":0,"satellite":0,"tor":0,"tor_exit_nodes":0,"vpn":0,"relay":0,"proxy":0,"hosting":0,"service":0}},"geometry":{"type":"Point","coordinates":[24.97182,70.05133]}},{"type":"Feature","properties":{"country_code":"USA","city":"Rock Springs","geoname_id":"5836898","h3_hexagon":599659568254943231,"downloaders":{"size":9,"mobile":0,"satellite":0,"tor":0,"tor_exit_nodes":0,"vpn":0,"relay":0,"proxy":0,"hosting":0,"service":0},"uploaders":{"size":3,"mobile":0,"satellite":0,"tor":0,"tor_exit_nodes":0,"vpn":0,"relay":0,"proxy":0,"hosting":0,"service":0}},"geometry":{"type":"Point","coordinates":[-109.2029,41.58746]}},{"type":"Feature","properties":{"country_code":"USA","city":"Frisco","geoname_id":"4692559","h3_hexagon":599661001700278271,"downloaders":{"size":8,"mobile":5,"satellite":0,"tor":0,"tor_exit_nodes":0,"vpn":0,"relay":0,"proxy":0,"hosting":0,"service":0},"uploaders":{"size":3,"mobile":3,"satellite":0,"tor":0,"tor_exit_nodes":0,"vpn":0,"relay":0,"proxy":0,"hosting":0,"service":0}},"geometry":{"type":"Point","coordinates":[-96.82361,33.15067]}},{"type":"Feature","properties":{"country_code":"NPL","city":"Bharatpur","geoname_id":"1283613","h3_hexagon":600034718615863295,"downloaders":{"size":8,"mobile":0,"satellite":0,"tor":0,"tor_exit_nodes":0,"vpn":0,"relay":0,"proxy":0,"hosting":0,"service":0},"uploaders":{"size":4,"mobile":0,"satellite":0,"tor":0,"tor_exit_nodes":0,"vpn":0,"relay":0,"proxy":0,"hosting":0,"service":0}},"geometry":{"type":"Point","coordinates":[84.43647,27.68027]}},{"type":"Feature","properties":{"country_code":"USA","city":"Hudson","geoname_id":"5087752","h3_hexagon":599720942263861247,"downloaders":{"size":7,"mobile":0,"satellite":0,"tor":0,"tor_exit_nodes":0,"vpn":3,"relay":0,"proxy":0,"hosting":0,"service":0},"uploaders":{"size":3,"mobile":0,"satellite":0,"tor":0,"tor_exit_nodes":0,"vpn":3,"relay":0,"proxy":0,"hosting":0,"service":0}},"geometry":{"type":"Point","coordinates":[-71.43979,42.76481]}},{"type":"Feature","properties":{"country_code":"USA","city":"Bath","geoname_id":"4957570","h3_hexagon":599721233247895551,"downloaders":{"size":7,"mobile":0,"satellite":0,"tor":0,"tor_exit_nodes":0,"vpn":0,"relay":0,"proxy":0,"hosting":0,"service":0},"uploaders":{"size":6,"mobile":0,"satellite":0,"tor":0,"tor_exit_nodes":0,"vpn":0,"relay":0,"proxy":0,"hosting":0,"service":0}},"geometry":{"type":"Point","coordinates":[-69.8206,43.91064]}},{"type":"Feature","properties":{"country_code":"SRB","city":"Vršac","geoname_id":"784136","h3_hexagon":599522329017450495,"downloaders":{"size":7,"mobile":0,"satellite":0,"tor":0,"tor_exit_nodes":0,"vpn":0,"relay":0,"proxy":0,"hosting":0,"service":0},"uploaders":{"size":3,"mobile":0,"satellite":0,"tor":0,"tor_exit_nodes":0,"vpn":0,"relay":0,"proxy":0,"hosting":0,"service":0}},"geometry":{"type":"Point","coordinates":[21.30361,45.11667]}},{"type":"Feature","properties":{"country_code":"NOR","city":"Grimstad","geoname_id":"3155041","h3_hexagon":599147983962898431,"downloaders":{"size":7,"mobile":0,"satellite":0,"tor":0,"tor_exit_nodes":0,"vpn":0,"relay":0,"proxy":0,"hosting":0,"service":0},"uploaders":{"size":4,"mobile":0,"satellite":0,"tor":0,"tor_exit_nodes":0,"vpn":0,"relay":0,"proxy":0,"hosting":0,"service":0}},"geometry":{"type":"Point","coordinates":[8.59343,58.3405]}},{"type":"Feature","properties":{"country_code":"USA","city":"Chesterbrook","geoname_id":"5184086","h3_hexagon":599729477437620223,"downloaders":{"size":7,"mobile":0,"satellite":0,"tor":0,"tor_exit_nodes":0,"vpn":0,"relay":0,"proxy":0,"hosting":3,"service":0},"uploaders":{"size":3,"mobile":0,"satellite":0,"tor":0,"tor_exit_nodes":0,"vpn":0,"relay":0,"proxy":0,"hosting":3,"service":0}},"geometry":{"type":"Point","coordinates":[-75.4696,40.0971]}},{"type":"Feature","properties":{"country_code":"USA","city":"Vista","geoname_id":"5406602","h3_hexagon":599711332274536447,"downloaders":{"size":7,"mobile":0,"satellite":0,"tor":0,"tor_exit_nodes":0,"vpn":0,"relay":0,"proxy":0,"hosting":0,"service":0},"uploaders":{"size":4,"mobile":0,"satellite":0,"tor":0,"tor_exit_nodes":0,"vpn":0,"relay":0,"proxy":0,"hosting":0,"service":0}},"geometry":{"type":"Point","coordinates":[-117.24254,33.20004]}},{"type":"Feature","properties":{"country_code":"DEU","city":"Erlangen","geoname_id":"2929567","h3_hexagon":599535909704040447,"downloaders":{"size":6,"mobile":1,"satellite":0,"tor":4,"tor_exit_nodes":4,"vpn":3,"relay":0,"proxy":0,"hosting":0,"service":3},"uploaders":{"size":3,"mobile":1,"satellite":0,"tor":1,"tor_exit_nodes":1,"vpn":0,"relay":0,"proxy":0,"hosting":0,"service":0}},"geometry":{"type":"Point","coordinates":[11.00783,49.59099]}},{"type":"Feature","properties":{"country_code":"CHE","city":"Sankt Gallen","geoname_id":"2658822","h3_hexagon":599533872815800319,"downloaders":{"size":6,"mobile":0,"satellite":0,"tor":0,"tor_exit_nodes":0,"vpn":0,"relay":0,"proxy":0,"hosting":0,"service":0},"uploaders":{"size":3,"mobile":0,"satellite":0,"tor":0,"tor_exit_nodes":0,"vpn":0,"relay":0,"proxy":0,"hosting":0,"service":0}},"geometry":{"type":"Point","coordinates":[9.3918,47.4413]}},{"type":"Feature","properties":{"country_code":"USA","city":"Cedarburg","geoname_id":"5248171","h3_hexagon":599671237681086463,"downloaders":{"size":6,"mobile":0,"satellite":0,"tor":0,"tor_exit_nodes":0,"vpn":0,"relay":0,"proxy":0,"hosting":0,"service":0},"uploaders":{"size":4,"mobile":0,"satellite":0,"tor":0,"tor_exit_nodes":0,"vpn":0,"relay":0,"proxy":0,"hosting":0,"service":0}},"geometry":{"type":"Point","coordinates":[-87.98759,43.29667]}},{"type":"Feature","properties":{"country_code":"USA","city":"Somerset","geoname_id":"5273620","h3_hexagon":599670496799227903,"downloaders":{"size":5,"mobile":0,"satellite":0,"tor":0,"tor_exit_nodes":0,"vpn":0,"relay":0,"proxy":0,"hosting":0,"service":0},"uploaders":{"size":4,"mobile":0,"satellite":0,"tor":0,"tor_exit_nodes":0,"vpn":0,"relay":0,"proxy":0,"hosting":0,"service":0}},"geometry":{"type":"Point","coordinates":[-92.67354,45.12441]}},{"type":"Feature","properties":{"country_code":"USA","city":"The Colony","geoname_id":"4736388","h3_hexagon":599661029617565695,"downloaders":{"size":5,"mobile":5,"satellite":0,"tor":0,"tor_exit_nodes":0,"vpn":0,"relay":0,"proxy":0,"hosting":0,"service":0},"uploaders":{"size":4,"mobile":4,"satellite":0,"tor":0,"tor_exit_nodes":0,"vpn":0,"relay":0,"proxy":0,"hosting":0,"service":0}},"geometry":{"type":"Point","coordinates":[-96.88639,33.08901]}},{"type":"Feature","properties":{"country_code":"DEU","city":"Landstuhl","geoname_id":"2881477","h3_hexagon":599533288700248063,"downloaders":{"size":5,"mobile":0,"satellite":0,"tor":3,"tor_exit_nodes":0,"vpn":0,"relay":0,"proxy":0,"hosting":0,"service":0},"uploaders":{"size":3,"mobile":0,"satellite":0,"tor":3,"tor_exit_nodes":0,"vpn":0,"relay":0,"proxy":0,"hosting":0,"service":0}},"geometry":{"type":"Point","coordinates":[7.57021,49.41306]}},{"type":"Feature","properties":{"country_code":"SWE","city":"Sveg","geoname_id":"2670061","h3_hexagon":599131364586946559,"downloaders":{"size":3,"mobile":0,"satellite":0,"tor":0,"tor_exit_nodes":0,"vpn":0,"relay":0,"proxy":0,"hosting":0,"service":0},"uploaders":{"size":3,"mobile":0,"satellite":0,"tor":0,"tor_exit_nodes":0,"vpn":0,"relay":0,"proxy":0,"hosting":0,"service":0}},"geometry":{"type":"Point","coordinates":[14.36577,62.03407]}},{"type":"Feature","properties":{"country_code":"USA","city":"Oakmont","geoname_id":"5204203","h3_hexagon":599726696446296063,"downloaders":{"size":3,"mobile":0,"satellite":0,"tor":0,"tor_exit_nodes":0,"vpn":0,"relay":0,"proxy":0,"hosting":0,"service":0},"uploaders":{"size":3,"mobile":0,"satellite":0,"tor":0,"tor_exit_nodes":0,"vpn":0,"relay":0,"proxy":0,"hosting":0,"service":0}},"geometry":{"type":"Point","coordinates":[-79.84227,40.52173]}}]}