{"type":"FeatureCollection","id":"Distributed Denial of Secrets: USA","swarm_geo_partition_by":"hexagon","swarm_hexagon_resolution":5,"swarm_size_min":3,"swarm_features_size":51543,"datestamp":"2026-04-30-to-2026-05-06","data_version":"20260521","btiha_size":25,"features":[{"type":"Feature","properties":{"country_code":"CHN","city":"Nanjing","geoname_id":"1799962","h3_hexagon":599833147210727423,"downloaders":{"size":14285,"mobile":16,"satellite":0,"tor":0,"tor_exit_nodes":0,"vpn":220,"relay":0,"proxy":5,"hosting":3,"service":0},"uploaders":{"size":6594,"mobile":0,"satellite":0,"tor":0,"tor_exit_nodes":0,"vpn":79,"relay":0,"proxy":2,"hosting":0,"service":0}},"geometry":{"type":"Point","coordinates":[118.77778,32.06167]}},{"type":"Feature","properties":{"country_code":"KOR","city":"Seoul","geoname_id":"1835848","h3_hexagon":599838696308473855,"downloaders":{"size":12642,"mobile":337,"satellite":0,"tor":3,"tor_exit_nodes":0,"vpn":269,"relay":0,"proxy":5,"hosting":559,"service":69},"uploaders":{"size":4,"mobile":0,"satellite":0,"tor":0,"tor_exit_nodes":0,"vpn":0,"relay":0,"proxy":0,"hosting":2,"service":0}},"geometry":{"type":"Point","coordinates":[126.9784,37.566]}},{"type":"Feature","properties":{"country_code":"NLD","city":"Lelystad","geoname_id":"2751738","h3_hexagon":599425828618502143,"downloaders":{"size":6833,"mobile":0,"satellite":0,"tor":65,"tor_exit_nodes":6,"vpn":1213,"relay":0,"proxy":46,"hosting":6816,"service":881},"uploaders":{"size":510,"mobile":0,"satellite":0,"tor":31,"tor_exit_nodes":3,"vpn":335,"relay":0,"proxy":0,"hosting":510,"service":306}},"geometry":{"type":"Point","coordinates":[5.475,52.50833]}},{"type":"Feature","properties":{"country_code":"TUR","city":"Istanbul","geoname_id":"745044","h3_hexagon":599520334005141503,"downloaders":{"size":5813,"mobile":90,"satellite":0,"tor":0,"tor_exit_nodes":0,"vpn":4,"relay":0,"proxy":0,"hosting":14,"service":3},"uploaders":{"size":9,"mobile":0,"satellite":0,"tor":0,"tor_exit_nodes":0,"vpn":0,"relay":0,"proxy":0,"hosting":6,"service":0}},"geometry":{"type":"Point","coordinates":[28.94966,41.01384]}},{"type":"Feature","properties":{"country_code":"NLD","city":"Amsterdam","geoname_id":"2759794","h3_hexagon":599425793185021951,"downloaders":{"size":5514,"mobile":20,"satellite":0,"tor":2,"tor_exit_nodes":0,"vpn":2366,"relay":8,"proxy":5,"hosting":4848,"service":1666},"uploaders":{"size":577,"mobile":1,"satellite":0,"tor":1,"tor_exit_nodes":0,"vpn":474,"relay":0,"proxy":1,"hosting":506,"service":438}},"geometry":{"type":"Point","coordinates":[4.88969,52.37403]}},{"type":"Feature","properties":{"country_code":"RUS","city":"Moscow","geoname_id":"524901","h3_hexagon":599289533200072703,"downloaders":{"size":5155,"mobile":53,"satellite":0,"tor":0,"tor_exit_nodes":0,"vpn":370,"relay":7,"proxy":8,"hosting":848,"service":67},"uploaders":{"size":53,"mobile":1,"satellite":0,"tor":0,"tor_exit_nodes":0,"vpn":0,"relay":0,"proxy":0,"hosting":15,"service":0}},"geometry":{"type":"Point","coordinates":[37.61781,55.75204]}},{"type":"Feature","properties":{"country_code":"CHN","city":"Shanghai","geoname_id":"1796236","h3_hexagon":599833714146410495,"downloaders":{"size":3900,"mobile":109,"satellite":0,"tor":0,"tor_exit_nodes":0,"vpn":177,"relay":0,"proxy":4,"hosting":946,"service":0},"uploaders":{"size":20,"mobile":0,"satellite":0,"tor":0,"tor_exit_nodes":0,"vpn":0,"relay":0,"proxy":0,"hosting":0,"service":0}},"geometry":{"type":"Point","coordinates":[121.45806,31.22222]}},{"type":"Feature","properties":{"country_code":"CHN","city":"Hangzhou","geoname_id":"1808926","h3_hexagon":599833781792145407,"downloaders":{"size":3319,"mobile":2,"satellite":0,"tor":0,"tor_exit_nodes":0,"vpn":56,"relay":0,"proxy":0,"hosting":30,"service":0},"uploaders":{"size":3,"mobile":0,"satellite":0,"tor":0,"tor_exit_nodes":0,"vpn":1,"relay":0,"proxy":0,"hosting":0,"service":0}},"geometry":{"type":"Point","coordinates":[120.16142,30.29365]}},{"type":"Feature","properties":{"country_code":"GBR","city":"London","geoname_id":"2643743","h3_hexagon":599423697240981503,"downloaders":{"size":3194,"mobile":155,"satellite":0,"tor":3,"tor_exit_nodes":0,"vpn":489,"relay":1,"proxy":23,"hosting":557,"service":450},"uploaders":{"size":243,"mobile":2,"satellite":0,"tor":0,"tor_exit_nodes":0,"vpn":196,"relay":0,"proxy":19,"hosting":207,"service":195}},"geometry":{"type":"Point","coordinates":[-0.12574,51.50853]}},{"type":"Feature","properties":{"country_code":"RUS","city":"Saint Petersburg","geoname_id":"498817","h3_hexagon":599278232067375103,"downloaders":{"size":3128,"mobile":13,"satellite":0,"tor":0,"tor_exit_nodes":0,"vpn":87,"relay":4,"proxy":0,"hosting":197,"service":10},"uploaders":{"size":7,"mobile":0,"satellite":0,"tor":0,"tor_exit_nodes":0,"vpn":0,"relay":0,"proxy":0,"hosting":0,"service":0}},"geometry":{"type":"Point","coordinates":[30.31413,59.93863]}},{"type":"Feature","properties":{"country_code":"FRA","city":"Paris","geoname_id":"2988507","h3_hexagon":599536505630752767,"downloaders":{"size":2819,"mobile":543,"satellite":1,"tor":1,"tor_exit_nodes":0,"vpn":663,"relay":0,"proxy":3,"hosting":1210,"service":580},"uploaders":{"size":81,"mobile":9,"satellite":0,"tor":0,"tor_exit_nodes":0,"vpn":51,"relay":0,"proxy":0,"hosting":40,"service":43}},"geometry":{"type":"Point","coordinates":[2.3488,48.85341]}},{"type":"Feature","properties":{"country_code":"UKR","city":"Kyiv","geoname_id":"703448","h3_hexagon":599513355757027327,"downloaders":{"size":2798,"mobile":16,"satellite":3,"tor":0,"tor_exit_nodes":0,"vpn":39,"relay":0,"proxy":0,"hosting":143,"service":19},"uploaders":{"size":1167,"mobile":0,"satellite":0,"tor":0,"tor_exit_nodes":0,"vpn":0,"relay":0,"proxy":0,"hosting":7,"service":0}},"geometry":{"type":"Point","coordinates":[30.5238,50.45466]}},{"type":"Feature","properties":{"country_code":"CAN","city":"Toronto","geoname_id":"6167865","h3_hexagon":599745919646171135,"downloaders":{"size":2336,"mobile":24,"satellite":1,"tor":0,"tor_exit_nodes":50,"vpn":1732,"relay":0,"proxy":2,"hosting":1844,"service":1668},"uploaders":{"size":809,"mobile":0,"satellite":0,"tor":0,"tor_exit_nodes":29,"vpn":714,"relay":0,"proxy":0,"hosting":707,"service":691}},"geometry":{"type":"Point","coordinates":[-79.39864,43.70643]}},{"type":"Feature","properties":{"country_code":"HUN","city":"Budapest","geoname_id":"3054643","h3_hexagon":599506755466035199,"downloaders":{"size":2148,"mobile":76,"satellite":0,"tor":0,"tor_exit_nodes":0,"vpn":78,"relay":0,"proxy":0,"hosting":112,"service":19},"uploaders":{"size":34,"mobile":19,"satellite":0,"tor":0,"tor_exit_nodes":0,"vpn":9,"relay":0,"proxy":0,"hosting":1,"service":1}},"geometry":{"type":"Point","coordinates":[19.04045,47.49835]}},{"type":"Feature","properties":{"country_code":"GRC","city":"Athens","geoname_id":"264371","h3_hexagon":599521529079791615,"downloaders":{"size":1694,"mobile":1416,"satellite":2,"tor":0,"tor_exit_nodes":0,"vpn":22,"relay":0,"proxy":0,"hosting":21,"service":21},"uploaders":{"size":497,"mobile":485,"satellite":0,"tor":0,"tor_exit_nodes":0,"vpn":12,"relay":0,"proxy":0,"hosting":12,"service":12}},"geometry":{"type":"Point","coordinates":[23.72784,37.98376]}},{"type":"Feature","properties":{"country_code":"USA","city":"New York City","geoname_id":"5128581","h3_hexagon":599718752904282111,"downloaders":{"size":1668,"mobile":4,"satellite":0,"tor":12,"tor_exit_nodes":0,"vpn":1220,"relay":0,"proxy":1,"hosting":1219,"service":1167},"uploaders":{"size":493,"mobile":0,"satellite":0,"tor":12,"tor_exit_nodes":0,"vpn":472,"relay":0,"proxy":0,"hosting":484,"service":472}},"geometry":{"type":"Point","coordinates":[-74.00597,40.71427]}},{"type":"Feature","properties":{"country_code":"CAN","city":"Montréal","geoname_id":"6077243","h3_hexagon":599746916078583807,"downloaders":{"size":1593,"mobile":37,"satellite":0,"tor":0,"tor_exit_nodes":1,"vpn":795,"relay":0,"proxy":103,"hosting":632,"service":783},"uploaders":{"size":309,"mobile":0,"satellite":0,"tor":0,"tor_exit_nodes":0,"vpn":286,"relay":0,"proxy":58,"hosting":155,"service":286}},"geometry":{"type":"Point","coordinates":[-73.58781,45.50884]}},{"type":"Feature","properties":{"country_code":"POL","city":"Warsaw","geoname_id":"756135","h3_hexagon":599529866685054975,"downloaders":{"size":1495,"mobile":23,"satellite":2,"tor":0,"tor_exit_nodes":0,"vpn":100,"relay":0,"proxy":1,"hosting":143,"service":82},"uploaders":{"size":33,"mobile":5,"satellite":0,"tor":0,"tor_exit_nodes":0,"vpn":24,"relay":0,"proxy":0,"hosting":24,"service":24}},"geometry":{"type":"Point","coordinates":[21.01178,52.22977]}},{"type":"Feature","properties":{"country_code":"DEU","city":"Frankfurt am Main","geoname_id":"2925533","h3_hexagon":599536111567503359,"downloaders":{"size":1485,"mobile":2,"satellite":0,"tor":22,"tor_exit_nodes":9,"vpn":701,"relay":0,"proxy":1,"hosting":1349,"service":673},"uploaders":{"size":376,"mobile":0,"satellite":0,"tor":12,"tor_exit_nodes":0,"vpn":245,"relay":0,"proxy":0,"hosting":359,"service":235}},"geometry":{"type":"Point","coordinates":[8.68417,50.11552]}},{"type":"Feature","properties":{"country_code":"CHE","city":"Zürich","geoname_id":"2657896","h3_hexagon":599533925429149695,"downloaders":{"size":1466,"mobile":93,"satellite":0,"tor":1,"tor_exit_nodes":0,"vpn":1218,"relay":0,"proxy":0,"hosting":1212,"service":1201},"uploaders":{"size":472,"mobile":0,"satellite":0,"tor":0,"tor_exit_nodes":0,"vpn":464,"relay":0,"proxy":0,"hosting":460,"service":464}},"geometry":{"type":"Point","coordinates":[8.55,47.36667]}},{"type":"Feature","properties":{"country_code":"CAN","city":"Vancouver","geoname_id":"6173331","h3_hexagon":599697732260593663,"downloaders":{"size":1427,"mobile":146,"satellite":0,"tor":3,"tor_exit_nodes":0,"vpn":1090,"relay":0,"proxy":0,"hosting":423,"service":996},"uploaders":{"size":703,"mobile":11,"satellite":0,"tor":0,"tor_exit_nodes":0,"vpn":650,"relay":0,"proxy":0,"hosting":168,"service":598}},"geometry":{"type":"Point","coordinates":[-123.11934,49.24966]}},{"type":"Feature","properties":{"country_code":"ESP","city":"Madrid","geoname_id":"3117735","h3_hexagon":599982373701943295,"downloaders":{"size":1297,"mobile":16,"satellite":1,"tor":0,"tor_exit_nodes":0,"vpn":178,"relay":0,"proxy":0,"hosting":194,"service":152},"uploaders":{"size":44,"mobile":0,"satellite":0,"tor":0,"tor_exit_nodes":0,"vpn":22,"relay":0,"proxy":0,"hosting":28,"service":22}},"geometry":{"type":"Point","coordinates":[-3.70256,40.4165]}},{"type":"Feature","properties":{"country_code":"JPN","city":"Tokyo","geoname_id":"1850147","h3_hexagon":599811782969655295,"downloaders":{"size":1002,"mobile":209,"satellite":0,"tor":0,"tor_exit_nodes":0,"vpn":229,"relay":4,"proxy":0,"hosting":315,"service":218},"uploaders":{"size":71,"mobile":0,"satellite":0,"tor":0,"tor_exit_nodes":0,"vpn":71,"relay":0,"proxy":0,"hosting":71,"service":71}},"geometry":{"type":"Point","coordinates":[139.69171,35.6895]}},{"type":"Feature","properties":{"country_code":"USA","city":"Los Angeles","geoname_id":"5368361","h3_hexagon":599711151885910015,"downloaders":{"size":965,"mobile":23,"satellite":0,"tor":0,"tor_exit_nodes":0,"vpn":619,"relay":0,"proxy":0,"hosting":805,"service":598},"uploaders":{"size":334,"mobile":12,"satellite":0,"tor":0,"tor_exit_nodes":0,"vpn":287,"relay":0,"proxy":0,"hosting":314,"service":282}},"geometry":{"type":"Point","coordinates":[-118.24368,34.05223]}},{"type":"Feature","properties":{"country_code":"USA","city":"Ashburn","geoname_id":"4744870","h3_hexagon":599729341072408575,"downloaders":{"size":954,"mobile":0,"satellite":0,"tor":0,"tor_exit_nodes":0,"vpn":157,"relay":0,"proxy":0,"hosting":949,"service":157},"uploaders":{"size":250,"mobile":0,"satellite":0,"tor":0,"tor_exit_nodes":0,"vpn":56,"relay":0,"proxy":0,"hosting":250,"service":56}},"geometry":{"type":"Point","coordinates":[-77.48749,39.04372]}},{"type":"Feature","properties":{"country_code":"TUR","city":"Bursa","geoname_id":"750269","h3_hexagon":599774013027254271,"downloaders":{"size":906,"mobile":15,"satellite":0,"tor":0,"tor_exit_nodes":0,"vpn":0,"relay":0,"proxy":0,"hosting":6,"service":0},"uploaders":{"size":5,"mobile":0,"satellite":0,"tor":0,"tor_exit_nodes":0,"vpn":0,"relay":0,"proxy":0,"hosting":3,"service":0}},"geometry":{"type":"Point","coordinates":[29.06013,40.19559]}},{"type":"Feature","properties":{"country_code":"BRA","city":"São Paulo","geoname_id":"3448439","h3_hexagon":601935341502332927,"downloaders":{"size":865,"mobile":11,"satellite":10,"tor":0,"tor_exit_nodes":0,"vpn":33,"relay":0,"proxy":0,"hosting":107,"service":30},"uploaders":{"size":16,"mobile":0,"satellite":0,"tor":0,"tor_exit_nodes":0,"vpn":1,"relay":0,"proxy":0,"hosting":1,"service":1}},"geometry":{"type":"Point","coordinates":[-46.63611,-23.5475]}},{"type":"Feature","properties":{"country_code":"USA","city":"Chicago","geoname_id":"4887398","h3_hexagon":599654181292212223,"downloaders":{"size":839,"mobile":5,"satellite":1,"tor":2,"tor_exit_nodes":0,"vpn":725,"relay":0,"proxy":0,"hosting":711,"service":650},"uploaders":{"size":264,"mobile":0,"satellite":0,"tor":0,"tor_exit_nodes":0,"vpn":257,"relay":0,"proxy":0,"hosting":249,"service":245}},"geometry":{"type":"Point","coordinates":[-87.65005,41.85003]}},{"type":"Feature","properties":{"country_code":"HKG","city":"Hong Kong","geoname_id":"1819729","h3_hexagon":600122469092687871,"downloaders":{"size":835,"mobile":6,"satellite":0,"tor":0,"tor_exit_nodes":0,"vpn":109,"relay":0,"proxy":0,"hosting":175,"service":58},"uploaders":{"size":23,"mobile":0,"satellite":0,"tor":0,"tor_exit_nodes":0,"vpn":19,"relay":0,"proxy":0,"hosting":21,"service":19}},"geometry":{"type":"Point","coordinates":[114.17469,22.27832]}},{"type":"Feature","properties":{"country_code":"BGR","city":"Sofia","geoname_id":"727011","h3_hexagon":599520012956336127,"downloaders":{"size":765,"mobile":11,"satellite":0,"tor":0,"tor_exit_nodes":0,"vpn":77,"relay":0,"proxy":0,"hosting":134,"service":55},"uploaders":{"size":25,"mobile":0,"satellite":0,"tor":0,"tor_exit_nodes":0,"vpn":11,"relay":0,"proxy":0,"hosting":11,"service":11}},"geometry":{"type":"Point","coordinates":[23.32415,42.69751]}},{"type":"Feature","properties":{"country_code":"ITA","city":"Milan","geoname_id":"3173435","h3_hexagon":599534678122168319,"downloaders":{"size":759,"mobile":9,"satellite":11,"tor":1,"tor_exit_nodes":0,"vpn":83,"relay":0,"proxy":0,"hosting":190,"service":73},"uploaders":{"size":35,"mobile":0,"satellite":7,"tor":1,"tor_exit_nodes":0,"vpn":20,"relay":0,"proxy":0,"hosting":23,"service":20}},"geometry":{"type":"Point","coordinates":[9.18951,45.46427]}},{"type":"Feature","properties":{"country_code":"FRA","city":"Lille","geoname_id":"2998324","h3_hexagon":599423858302255103,"downloaders":{"size":747,"mobile":92,"satellite":0,"tor":0,"tor_exit_nodes":0,"vpn":27,"relay":0,"proxy":2,"hosting":541,"service":8},"uploaders":{"size":39,"mobile":0,"satellite":0,"tor":0,"tor_exit_nodes":0,"vpn":1,"relay":0,"proxy":0,"hosting":38,"service":1}},"geometry":{"type":"Point","coordinates":[3.05512,50.63391]}},{"type":"Feature","properties":{"country_code":"SWE","city":"Stockholm","geoname_id":"2673730","h3_hexagon":599128723182059519,"downloaders":{"size":726,"mobile":5,"satellite":1,"tor":11,"tor_exit_nodes":3,"vpn":484,"relay":0,"proxy":2,"hosting":504,"service":470},"uploaders":{"size":171,"mobile":0,"satellite":0,"tor":3,"tor_exit_nodes":1,"vpn":170,"relay":0,"proxy":0,"hosting":170,"service":170}},"geometry":{"type":"Point","coordinates":[18.06871,59.32938]}},{"type":"Feature","properties":{"country_code":"CHN","city":"Beijing","geoname_id":"1816670","h3_hexagon":599852468121108479,"downloaders":{"size":708,"mobile":2,"satellite":0,"tor":0,"tor_exit_nodes":0,"vpn":34,"relay":0,"proxy":0,"hosting":65,"service":0},"uploaders":{"size":91,"mobile":0,"satellite":0,"tor":0,"tor_exit_nodes":0,"vpn":0,"relay":0,"proxy":0,"hosting":0,"service":0}},"geometry":{"type":"Point","coordinates":[116.39723,39.9075]}},{"type":"Feature","properties":{"country_code":"PRT","city":"Lisbon","geoname_id":"2267057","h3_hexagon":599985036581666815,"downloaders":{"size":684,"mobile":30,"satellite":1,"tor":0,"tor_exit_nodes":0,"vpn":124,"relay":0,"proxy":0,"hosting":121,"service":120},"uploaders":{"size":38,"mobile":1,"satellite":0,"tor":0,"tor_exit_nodes":0,"vpn":31,"relay":0,"proxy":0,"hosting":31,"service":31}},"geometry":{"type":"Point","coordinates":[-9.1498,38.72509]}},{"type":"Feature","properties":{"country_code":"USA","city":"Miami","geoname_id":"4164138","h3_hexagon":600186088295759871,"downloaders":{"size":640,"mobile":0,"satellite":0,"tor":0,"tor_exit_nodes":0,"vpn":257,"relay":50,"proxy":1,"hosting":596,"service":306},"uploaders":{"size":116,"mobile":0,"satellite":0,"tor":0,"tor_exit_nodes":0,"vpn":96,"relay":11,"proxy":0,"hosting":107,"service":107}},"geometry":{"type":"Point","coordinates":[-80.19366,25.77427]}},{"type":"Feature","properties":{"country_code":"SGP","city":"Singapore","geoname_id":"1880252","h3_hexagon":600757819309817855,"downloaders":{"size":635,"mobile":12,"satellite":0,"tor":0,"tor_exit_nodes":0,"vpn":315,"relay":54,"proxy":3,"hosting":509,"service":364},"uploaders":{"size":136,"mobile":0,"satellite":0,"tor":0,"tor_exit_nodes":0,"vpn":119,"relay":13,"proxy":0,"hosting":134,"service":132}},"geometry":{"type":"Point","coordinates":[103.85007,1.28967]}},{"type":"Feature","properties":{"country_code":"AUS","city":"Sydney","geoname_id":"2147714","h3_hexagon":602322242893774847,"downloaders":{"size":615,"mobile":20,"satellite":2,"tor":0,"tor_exit_nodes":0,"vpn":103,"relay":1,"proxy":1,"hosting":222,"service":87},"uploaders":{"size":40,"mobile":0,"satellite":0,"tor":0,"tor_exit_nodes":0,"vpn":7,"relay":0,"proxy":0,"hosting":10,"service":7}},"geometry":{"type":"Point","coordinates":[151.20732,-33.86785]}},{"type":"Feature","properties":{"country_code":"USA","city":"Leesburg","geoname_id":"4769125","h3_hexagon":599729339998666751,"downloaders":{"size":599,"mobile":0,"satellite":0,"tor":0,"tor_exit_nodes":0,"vpn":41,"relay":0,"proxy":0,"hosting":588,"service":41},"uploaders":{"size":33,"mobile":0,"satellite":0,"tor":0,"tor_exit_nodes":0,"vpn":11,"relay":0,"proxy":0,"hosting":33,"service":11}},"geometry":{"type":"Point","coordinates":[-77.5636,39.11566]}},{"type":"Feature","properties":{"country_code":"NLD","city":"Rotterdam","geoname_id":"2747891","h3_hexagon":599425957467521023,"downloaders":{"size":583,"mobile":18,"satellite":0,"tor":2,"tor_exit_nodes":0,"vpn":245,"relay":0,"proxy":0,"hosting":270,"service":27},"uploaders":{"size":43,"mobile":0,"satellite":0,"tor":0,"tor_exit_nodes":0,"vpn":22,"relay":0,"proxy":0,"hosting":41,"service":10}},"geometry":{"type":"Point","coordinates":[4.47917,51.9225]}},{"type":"Feature","properties":{"country_code":"USA","city":"Seattle","geoname_id":"5809844","h3_hexagon":599697093384208383,"downloaders":{"size":579,"mobile":18,"satellite":66,"tor":0,"tor_exit_nodes":0,"vpn":380,"relay":0,"proxy":0,"hosting":396,"service":378},"uploaders":{"size":278,"mobile":10,"satellite":39,"tor":0,"tor_exit_nodes":0,"vpn":202,"relay":0,"proxy":0,"hosting":204,"service":202}},"geometry":{"type":"Point","coordinates":[-122.33207,47.60621]}},{"type":"Feature","properties":{"country_code":"FRA","city":"Marseille","geoname_id":"2995469","h3_hexagon":599988658312839167,"downloaders":{"size":563,"mobile":48,"satellite":0,"tor":0,"tor_exit_nodes":0,"vpn":281,"relay":0,"proxy":0,"hosting":315,"service":281},"uploaders":{"size":100,"mobile":0,"satellite":0,"tor":0,"tor_exit_nodes":0,"vpn":100,"relay":0,"proxy":0,"hosting":100,"service":100}},"geometry":{"type":"Point","coordinates":[5.38107,43.29695]}},{"type":"Feature","properties":{"country_code":"DEU","city":"Berlin","geoname_id":"2950159","h3_hexagon":599526122547314687,"downloaders":{"size":561,"mobile":17,"satellite":7,"tor":7,"tor_exit_nodes":7,"vpn":43,"relay":0,"proxy":0,"hosting":60,"service":41},"uploaders":{"size":131,"mobile":0,"satellite":0,"tor":3,"tor_exit_nodes":3,"vpn":19,"relay":0,"proxy":0,"hosting":17,"service":19}},"geometry":{"type":"Point","coordinates":[13.41053,52.52437]}},{"type":"Feature","properties":{"country_code":"ITA","city":"Rome","geoname_id":"3169070","h3_hexagon":599515334663208959,"downloaders":{"size":543,"mobile":10,"satellite":0,"tor":0,"tor_exit_nodes":0,"vpn":5,"relay":0,"proxy":0,"hosting":16,"service":2},"uploaders":{"size":22,"mobile":0,"satellite":0,"tor":0,"tor_exit_nodes":0,"vpn":0,"relay":0,"proxy":0,"hosting":0,"service":0}},"geometry":{"type":"Point","coordinates":[12.51133,41.89193]}},{"type":"Feature","properties":{"country_code":"CZE","city":"Prague","geoname_id":"3067696","h3_hexagon":599510176407486463,"downloaders":{"size":535,"mobile":6,"satellite":0,"tor":0,"tor_exit_nodes":0,"vpn":213,"relay":0,"proxy":0,"hosting":240,"service":197},"uploaders":{"size":101,"mobile":0,"satellite":0,"tor":0,"tor_exit_nodes":0,"vpn":87,"relay":0,"proxy":0,"hosting":87,"service":87}},"geometry":{"type":"Point","coordinates":[14.42076,50.08804]}},{"type":"Feature","properties":{"country_code":"AUS","city":"Melbourne","geoname_id":"2158177","h3_hexagon":602328092639231999,"downloaders":{"size":529,"mobile":18,"satellite":3,"tor":0,"tor_exit_nodes":0,"vpn":112,"relay":0,"proxy":1,"hosting":91,"service":90},"uploaders":{"size":67,"mobile":0,"satellite":0,"tor":0,"tor_exit_nodes":0,"vpn":26,"relay":0,"proxy":0,"hosting":24,"service":24}},"geometry":{"type":"Point","coordinates":[144.96332,-37.814]}},{"type":"Feature","properties":{"country_code":"BEL","city":"Brussels","geoname_id":"2800866","h3_hexagon":599535396455448575,"downloaders":{"size":528,"mobile":8,"satellite":0,"tor":0,"tor_exit_nodes":0,"vpn":120,"relay":0,"proxy":0,"hosting":125,"service":119},"uploaders":{"size":39,"mobile":1,"satellite":0,"tor":0,"tor_exit_nodes":0,"vpn":25,"relay":0,"proxy":0,"hosting":25,"service":25}},"geometry":{"type":"Point","coordinates":[4.34878,50.85045]}},{"type":"Feature","properties":{"country_code":"GUY","city":"Georgetown","geoname_id":"3378644","h3_hexagon":600650648064622591,"downloaders":{"size":527,"mobile":1,"satellite":0,"tor":0,"tor_exit_nodes":0,"vpn":0,"relay":0,"proxy":0,"hosting":0,"service":0},"uploaders":{"size":112,"mobile":0,"satellite":0,"tor":0,"tor_exit_nodes":0,"vpn":0,"relay":0,"proxy":0,"hosting":0,"service":0}},"geometry":{"type":"Point","coordinates":[-58.15527,6.80448]}},{"type":"Feature","properties":{"country_code":"USA","city":"San Jose","geoname_id":"5392171","h3_hexagon":599686042433355775,"downloaders":{"size":525,"mobile":4,"satellite":1,"tor":0,"tor_exit_nodes":0,"vpn":269,"relay":3,"proxy":1,"hosting":397,"service":261},"uploaders":{"size":91,"mobile":0,"satellite":0,"tor":0,"tor_exit_nodes":0,"vpn":65,"relay":0,"proxy":0,"hosting":73,"service":65}},"geometry":{"type":"Point","coordinates":[-121.89496,37.33939]}},{"type":"Feature","properties":{"country_code":"USA","city":"Denver","geoname_id":"5419384","h3_hexagon":599656933292507135,"downloaders":{"size":511,"mobile":0,"satellite":1,"tor":0,"tor_exit_nodes":0,"vpn":346,"relay":0,"proxy":0,"hosting":431,"service":346},"uploaders":{"size":136,"mobile":0,"satellite":0,"tor":0,"tor_exit_nodes":0,"vpn":134,"relay":0,"proxy":0,"hosting":134,"service":134}},"geometry":{"type":"Point","coordinates":[-104.9847,39.73915]}},{"type":"Feature","properties":{"country_code":"LVA","city":"Riga","geoname_id":"456172","h3_hexagon":599530737489674239,"downloaders":{"size":509,"mobile":6,"satellite":0,"tor":5,"tor_exit_nodes":0,"vpn":73,"relay":0,"proxy":0,"hosting":111,"service":64},"uploaders":{"size":31,"mobile":0,"satellite":0,"tor":1,"tor_exit_nodes":0,"vpn":10,"relay":0,"proxy":0,"hosting":10,"service":10}},"geometry":{"type":"Point","coordinates":[24.10589,56.946]}},{"type":"Feature","properties":{"country_code":"ROU","city":"Bucharest","geoname_id":"683506","h3_hexagon":599522920649195519,"downloaders":{"size":495,"mobile":1,"satellite":0,"tor":0,"tor_exit_nodes":0,"vpn":147,"relay":0,"proxy":0,"hosting":152,"service":137},"uploaders":{"size":42,"mobile":0,"satellite":0,"tor":0,"tor_exit_nodes":0,"vpn":27,"relay":0,"proxy":0,"hosting":31,"service":27}},"geometry":{"type":"Point","coordinates":[26.10626,44.43225]}},{"type":"Feature","properties":{"country_code":"SVN","city":"Ljubljana","geoname_id":"3196359","h3_hexagon":599507759414640639,"downloaders":{"size":490,"mobile":9,"satellite":0,"tor":0,"tor_exit_nodes":0,"vpn":23,"relay":0,"proxy":0,"hosting":15,"service":13},"uploaders":{"size":4,"mobile":0,"satellite":0,"tor":0,"tor_exit_nodes":0,"vpn":3,"relay":0,"proxy":0,"hosting":3,"service":3}},"geometry":{"type":"Point","coordinates":[14.50513,46.05108]}},{"type":"Feature","properties":{"country_code":"ESP","city":"Barcelona","geoname_id":"3128760","h3_hexagon":599986204812771327,"downloaders":{"size":487,"mobile":10,"satellite":0,"tor":0,"tor_exit_nodes":0,"vpn":31,"relay":0,"proxy":0,"hosting":30,"service":29},"uploaders":{"size":15,"mobile":0,"satellite":0,"tor":0,"tor_exit_nodes":0,"vpn":4,"relay":0,"proxy":0,"hosting":4,"service":4}},"geometry":{"type":"Point","coordinates":[2.15899,41.38879]}},{"type":"Feature","properties":{"country_code":"CHN","city":"Wuxi","geoname_id":"1790923","h3_hexagon":599833677639188479,"downloaders":{"size":482,"mobile":0,"satellite":0,"tor":0,"tor_exit_nodes":0,"vpn":5,"relay":0,"proxy":0,"hosting":0,"service":0},"uploaders":{"size":354,"mobile":0,"satellite":0,"tor":0,"tor_exit_nodes":0,"vpn":4,"relay":0,"proxy":0,"hosting":0,"service":0}},"geometry":{"type":"Point","coordinates":[120.28857000000001,31.56887]}},{"type":"Feature","properties":{"country_code":"TWN","city":"Taipei","geoname_id":"1668341","h3_hexagon":600309204607041535,"downloaders":{"size":478,"mobile":15,"satellite":0,"tor":2,"tor_exit_nodes":1,"vpn":47,"relay":0,"proxy":0,"hosting":10,"service":6},"uploaders":{"size":5,"mobile":1,"satellite":0,"tor":0,"tor_exit_nodes":0,"vpn":0,"relay":0,"proxy":0,"hosting":0,"service":0}},"geometry":{"type":"Point","coordinates":[121.52639,25.05306]}},{"type":"Feature","properties":{"country_code":"FIN","city":"Helsinki","geoname_id":"658225","h3_hexagon":599280485851463679,"downloaders":{"size":464,"mobile":12,"satellite":1,"tor":0,"tor_exit_nodes":0,"vpn":194,"relay":0,"proxy":0,"hosting":368,"service":153},"uploaders":{"size":61,"mobile":0,"satellite":0,"tor":0,"tor_exit_nodes":0,"vpn":59,"relay":0,"proxy":0,"hosting":61,"service":59}},"geometry":{"type":"Point","coordinates":[24.93545,60.16952]}},{"type":"Feature","properties":{"country_code":"USA","city":"Oakland","geoname_id":"5378538","h3_hexagon":599685771850416127,"downloaders":{"size":442,"mobile":2,"satellite":0,"tor":0,"tor_exit_nodes":0,"vpn":343,"relay":0,"proxy":0,"hosting":346,"service":337},"uploaders":{"size":161,"mobile":0,"satellite":0,"tor":0,"tor_exit_nodes":0,"vpn":153,"relay":0,"proxy":0,"hosting":153,"service":153}},"geometry":{"type":"Point","coordinates":[-122.2708,37.80437]}},{"type":"Feature","properties":{"country_code":"NZL","city":"Auckland","geoname_id":"2193733","h3_hexagon":602273987862462463,"downloaders":{"size":419,"mobile":85,"satellite":1,"tor":0,"tor_exit_nodes":0,"vpn":197,"relay":0,"proxy":0,"hosting":202,"service":189},"uploaders":{"size":102,"mobile":13,"satellite":0,"tor":0,"tor_exit_nodes":0,"vpn":76,"relay":0,"proxy":0,"hosting":76,"service":76}},"geometry":{"type":"Point","coordinates":[174.76349,-36.84853]}},{"type":"Feature","properties":{"country_code":"RUS","city":"Ufa","geoname_id":"479561","h3_hexagon":599274971113455615,"downloaders":{"size":416,"mobile":3,"satellite":0,"tor":0,"tor_exit_nodes":0,"vpn":4,"relay":0,"proxy":0,"hosting":0,"service":0},"uploaders":{"size":5,"mobile":0,"satellite":0,"tor":0,"tor_exit_nodes":0,"vpn":0,"relay":0,"proxy":0,"hosting":0,"service":0}},"geometry":{"type":"Point","coordinates":[55.96779,54.74306]}},{"type":"Feature","properties":{"country_code":"NOR","city":"Oslo","geoname_id":"3143244","h3_hexagon":599147610300743679,"downloaders":{"size":409,"mobile":15,"satellite":0,"tor":0,"tor_exit_nodes":0,"vpn":205,"relay":0,"proxy":0,"hosting":196,"service":196},"uploaders":{"size":112,"mobile":0,"satellite":0,"tor":0,"tor_exit_nodes":0,"vpn":101,"relay":0,"proxy":0,"hosting":101,"service":101}},"geometry":{"type":"Point","coordinates":[10.74609,59.91273]}},{"type":"Feature","properties":{"country_code":"FRA","city":"Dunkerque","geoname_id":"3020686","h3_hexagon":599423551212093439,"downloaders":{"size":407,"mobile":3,"satellite":0,"tor":0,"tor_exit_nodes":0,"vpn":14,"relay":0,"proxy":0,"hosting":395,"service":2},"uploaders":{"size":12,"mobile":0,"satellite":0,"tor":0,"tor_exit_nodes":0,"vpn":0,"relay":0,"proxy":0,"hosting":12,"service":0}},"geometry":{"type":"Point","coordinates":[2.37681,51.0344]}},{"type":"Feature","properties":{"country_code":"CHE","city":"Zürich","geoname_id":"2657896","h3_hexagon":599533157703745535,"downloaders":{"size":404,"mobile":0,"satellite":0,"tor":0,"tor_exit_nodes":0,"vpn":384,"relay":0,"proxy":3,"hosting":383,"service":383},"uploaders":{"size":243,"mobile":0,"satellite":0,"tor":0,"tor_exit_nodes":0,"vpn":243,"relay":0,"proxy":0,"hosting":243,"service":243}},"geometry":{"type":"Point","coordinates":[8.4488,47.395]}},{"type":"Feature","properties":{"country_code":"USA","city":"Dallas","geoname_id":"4684888","h3_hexagon":599661245439672319,"downloaders":{"size":400,"mobile":12,"satellite":4,"tor":0,"tor_exit_nodes":0,"vpn":332,"relay":0,"proxy":0,"hosting":355,"service":330},"uploaders":{"size":97,"mobile":8,"satellite":1,"tor":0,"tor_exit_nodes":0,"vpn":88,"relay":0,"proxy":0,"hosting":88,"service":88}},"geometry":{"type":"Point","coordinates":[-96.80667,32.78306]}},{"type":"Feature","properties":{"country_code":"CHN","city":"Zhengzhou","geoname_id":"1784658","h3_hexagon":600114582458990591,"downloaders":{"size":398,"mobile":1,"satellite":0,"tor":0,"tor_exit_nodes":0,"vpn":7,"relay":0,"proxy":0,"hosting":0,"service":0},"uploaders":{"size":7,"mobile":0,"satellite":0,"tor":0,"tor_exit_nodes":0,"vpn":0,"relay":0,"proxy":0,"hosting":0,"service":0}},"geometry":{"type":"Point","coordinates":[113.64861,34.75778]}},{"type":"Feature","properties":{"country_code":"USA","city":"Atlanta","geoname_id":"4180439","h3_hexagon":600188328121204735,"downloaders":{"size":382,"mobile":4,"satellite":0,"tor":0,"tor_exit_nodes":0,"vpn":266,"relay":0,"proxy":0,"hosting":282,"service":263},"uploaders":{"size":49,"mobile":0,"satellite":0,"tor":0,"tor_exit_nodes":0,"vpn":41,"relay":0,"proxy":0,"hosting":41,"service":41}},"geometry":{"type":"Point","coordinates":[-84.38798,33.749]}},{"type":"Feature","properties":{"country_code":"AUT","city":"Vienna","geoname_id":"2761369","h3_hexagon":599508008522743807,"downloaders":{"size":381,"mobile":44,"satellite":1,"tor":1,"tor_exit_nodes":0,"vpn":162,"relay":0,"proxy":0,"hosting":179,"service":161},"uploaders":{"size":123,"mobile":15,"satellite":0,"tor":0,"tor_exit_nodes":0,"vpn":105,"relay":0,"proxy":0,"hosting":105,"service":105}},"geometry":{"type":"Point","coordinates":[16.37208,48.20849]}},{"type":"Feature","properties":{"country_code":"FRA","city":"Aulnay-sous-Bois","geoname_id":"3036145","h3_hexagon":599536489524625407,"downloaders":{"size":377,"mobile":112,"satellite":0,"tor":0,"tor_exit_nodes":0,"vpn":115,"relay":0,"proxy":0,"hosting":141,"service":108},"uploaders":{"size":18,"mobile":2,"satellite":0,"tor":0,"tor_exit_nodes":0,"vpn":7,"relay":0,"proxy":0,"hosting":16,"service":7}},"geometry":{"type":"Point","coordinates":[2.49402,48.93814]}},{"type":"Feature","properties":{"country_code":"FRA","city":"Lauterbourg","geoname_id":"3005948","h3_hexagon":599533262930444287,"downloaders":{"size":368,"mobile":0,"satellite":0,"tor":0,"tor_exit_nodes":0,"vpn":5,"relay":0,"proxy":3,"hosting":364,"service":0},"uploaders":{"size":10,"mobile":0,"satellite":0,"tor":0,"tor_exit_nodes":0,"vpn":0,"relay":0,"proxy":0,"hosting":10,"service":0}},"geometry":{"type":"Point","coordinates":[8.17846,48.97515]}},{"type":"Feature","properties":{"country_code":"POL","city":"Pruszków","geoname_id":"761228","h3_hexagon":599529753942163455,"downloaders":{"size":359,"mobile":2,"satellite":0,"tor":0,"tor_exit_nodes":0,"vpn":19,"relay":6,"proxy":0,"hosting":18,"service":23},"uploaders":{"size":7,"mobile":0,"satellite":0,"tor":0,"tor_exit_nodes":0,"vpn":5,"relay":0,"proxy":0,"hosting":5,"service":5}},"geometry":{"type":"Point","coordinates":[20.81214,52.17072]}},{"type":"Feature","properties":{"country_code":"FRA","city":"Argenteuil","geoname_id":"3037044","h3_hexagon":599536509925720063,"downloaders":{"size":349,"mobile":60,"satellite":0,"tor":0,"tor_exit_nodes":0,"vpn":124,"relay":0,"proxy":0,"hosting":120,"service":120},"uploaders":{"size":24,"mobile":0,"satellite":0,"tor":0,"tor_exit_nodes":0,"vpn":23,"relay":0,"proxy":0,"hosting":23,"service":23}},"geometry":{"type":"Point","coordinates":[2.24744,48.94788]}},{"type":"Feature","properties":{"country_code":"ESP","city":"Sevilla","geoname_id":"2510911","h3_hexagon":599983460328669183,"downloaders":{"size":345,"mobile":26,"satellite":0,"tor":0,"tor_exit_nodes":0,"vpn":3,"relay":0,"proxy":0,"hosting":0,"service":0},"uploaders":{"size":11,"mobile":0,"satellite":0,"tor":0,"tor_exit_nodes":0,"vpn":0,"relay":0,"proxy":0,"hosting":0,"service":0}},"geometry":{"type":"Point","coordinates":[-5.97317,37.38283]}},{"type":"Feature","properties":{"country_code":"DNK","city":"Copenhagen","geoname_id":"2618425","h3_hexagon":599524487238516735,"downloaders":{"size":335,"mobile":5,"satellite":0,"tor":1,"tor_exit_nodes":0,"vpn":209,"relay":0,"proxy":0,"hosting":214,"service":199},"uploaders":{"size":123,"mobile":1,"satellite":0,"tor":1,"tor_exit_nodes":0,"vpn":109,"relay":0,"proxy":0,"hosting":121,"service":109}},"geometry":{"type":"Point","coordinates":[12.56553,55.67594]}},{"type":"Feature","properties":{"country_code":"IRL","city":"Dublin","geoname_id":"2964574","h3_hexagon":599403993004769279,"downloaders":{"size":332,"mobile":6,"satellite":0,"tor":0,"tor_exit_nodes":0,"vpn":119,"relay":0,"proxy":0,"hosting":151,"service":115},"uploaders":{"size":38,"mobile":0,"satellite":0,"tor":0,"tor_exit_nodes":0,"vpn":32,"relay":0,"proxy":0,"hosting":32,"service":32}},"geometry":{"type":"Point","coordinates":[-6.24889,53.33306]}},{"type":"Feature","properties":{"country_code":"LTU","city":"Vilnius","geoname_id":"593116","h3_hexagon":599528520212807679,"downloaders":{"size":323,"mobile":11,"satellite":0,"tor":2,"tor_exit_nodes":0,"vpn":7,"relay":0,"proxy":0,"hosting":19,"service":6},"uploaders":{"size":10,"mobile":3,"satellite":0,"tor":0,"tor_exit_nodes":0,"vpn":0,"relay":0,"proxy":0,"hosting":0,"service":0}},"geometry":{"type":"Point","coordinates":[25.2798,54.68916]}},{"type":"Feature","properties":{"country_code":"DEU","city":"Falkenstein","geoname_id":"2927913","h3_hexagon":599510146342715391,"downloaders":{"size":318,"mobile":0,"satellite":0,"tor":0,"tor_exit_nodes":0,"vpn":1,"relay":0,"proxy":0,"hosting":317,"service":1},"uploaders":{"size":28,"mobile":0,"satellite":0,"tor":0,"tor_exit_nodes":0,"vpn":0,"relay":0,"proxy":0,"hosting":28,"service":0}},"geometry":{"type":"Point","coordinates":[12.37129,50.47788]}},{"type":"Feature","properties":{"country_code":"AUS","city":"Brisbane","geoname_id":"2174003","h3_hexagon":602330960603643903,"downloaders":{"size":298,"mobile":10,"satellite":2,"tor":0,"tor_exit_nodes":0,"vpn":79,"relay":0,"proxy":0,"hosting":71,"service":69},"uploaders":{"size":21,"mobile":0,"satellite":0,"tor":0,"tor_exit_nodes":0,"vpn":17,"relay":0,"proxy":0,"hosting":17,"service":17}},"geometry":{"type":"Point","coordinates":[153.02809,-27.46794]}},{"type":"Feature","properties":{"country_code":"JPN","city":"Osaka","geoname_id":"1853909","h3_hexagon":599794658935046143,"downloaders":{"size":293,"mobile":54,"satellite":0,"tor":0,"tor_exit_nodes":0,"vpn":47,"relay":0,"proxy":0,"hosting":61,"service":43},"uploaders":{"size":23,"mobile":0,"satellite":0,"tor":0,"tor_exit_nodes":0,"vpn":23,"relay":0,"proxy":0,"hosting":23,"service":23}},"geometry":{"type":"Point","coordinates":[135.50107,34.69379]}},{"type":"Feature","properties":{"country_code":"POL","city":"Poznań","geoname_id":"3088171","h3_hexagon":599509036093669375,"downloaders":{"size":290,"mobile":2,"satellite":0,"tor":0,"tor_exit_nodes":0,"vpn":1,"relay":0,"proxy":0,"hosting":0,"service":0},"uploaders":{"size":10,"mobile":0,"satellite":0,"tor":0,"tor_exit_nodes":0,"vpn":0,"relay":0,"proxy":0,"hosting":0,"service":0}},"geometry":{"type":"Point","coordinates":[16.92993,52.40692]}},{"type":"Feature","properties":{"country_code":"ITA","city":"Naples","geoname_id":"3172394","h3_hexagon":599515530084220927,"downloaders":{"size":287,"mobile":13,"satellite":0,"tor":0,"tor_exit_nodes":0,"vpn":0,"relay":0,"proxy":0,"hosting":2,"service":0},"uploaders":{"size":9,"mobile":0,"satellite":0,"tor":0,"tor_exit_nodes":0,"vpn":0,"relay":0,"proxy":0,"hosting":0,"service":0}},"geometry":{"type":"Point","coordinates":[14.26811,40.85216]}},{"type":"Feature","properties":{"country_code":"HRV","city":"Zagreb","geoname_id":"3186886","h3_hexagon":599507825986633727,"downloaders":{"size":277,"mobile":26,"satellite":0,"tor":0,"tor_exit_nodes":0,"vpn":43,"relay":0,"proxy":0,"hosting":44,"service":43},"uploaders":{"size":14,"mobile":3,"satellite":0,"tor":0,"tor_exit_nodes":0,"vpn":6,"relay":0,"proxy":0,"hosting":6,"service":6}},"geometry":{"type":"Point","coordinates":[15.97798,45.81444]}},{"type":"Feature","properties":{"country_code":"AUS","city":"Perth","geoname_id":"2063523","h3_hexagon":601919312684384255,"downloaders":{"size":265,"mobile":3,"satellite":1,"tor":0,"tor_exit_nodes":0,"vpn":102,"relay":0,"proxy":0,"hosting":101,"service":99},"uploaders":{"size":38,"mobile":0,"satellite":0,"tor":0,"tor_exit_nodes":0,"vpn":33,"relay":0,"proxy":0,"hosting":33,"service":33}},"geometry":{"type":"Point","coordinates":[115.8614,-31.95224]}},{"type":"Feature","properties":{"country_code":"THA","city":"Bangkok","geoname_id":"1609350","h3_hexagon":600749287357284351,"downloaders":{"size":259,"mobile":27,"satellite":0,"tor":0,"tor_exit_nodes":0,"vpn":25,"relay":0,"proxy":0,"hosting":34,"service":18},"uploaders":{"size":7,"mobile":1,"satellite":0,"tor":0,"tor_exit_nodes":0,"vpn":4,"relay":0,"proxy":0,"hosting":4,"service":4}},"geometry":{"type":"Point","coordinates":[100.50144,13.75398]}},{"type":"Feature","properties":{"country_code":"JPN","city":"Ebara","geoname_id":"8576482","h3_hexagon":599811815181910015,"downloaders":{"size":258,"mobile":8,"satellite":0,"tor":0,"tor_exit_nodes":0,"vpn":154,"relay":0,"proxy":0,"hosting":234,"service":154},"uploaders":{"size":66,"mobile":0,"satellite":0,"tor":0,"tor_exit_nodes":0,"vpn":62,"relay":0,"proxy":0,"hosting":66,"service":62}},"geometry":{"type":"Point","coordinates":[139.7486,35.617]}},{"type":"Feature","properties":{"country_code":"NLD","city":"Breda","geoname_id":"2758401","h3_hexagon":599535414709059583,"downloaders":{"size":257,"mobile":0,"satellite":0,"tor":0,"tor_exit_nodes":0,"vpn":146,"relay":0,"proxy":0,"hosting":224,"service":145},"uploaders":{"size":66,"mobile":0,"satellite":0,"tor":0,"tor_exit_nodes":0,"vpn":57,"relay":0,"proxy":0,"hosting":66,"service":57}},"geometry":{"type":"Point","coordinates":[4.77596,51.58656]}},{"type":"Feature","properties":{"country_code":"EST","city":"Tallinn","geoname_id":"588409","h3_hexagon":599130146963718143,"downloaders":{"size":249,"mobile":26,"satellite":0,"tor":0,"tor_exit_nodes":0,"vpn":61,"relay":0,"proxy":0,"hosting":89,"service":59},"uploaders":{"size":20,"mobile":3,"satellite":0,"tor":0,"tor_exit_nodes":0,"vpn":7,"relay":0,"proxy":0,"hosting":15,"service":7}},"geometry":{"type":"Point","coordinates":[24.75353,59.43696]}},{"type":"Feature","properties":{"country_code":"GBR","city":"Salford","geoname_id":"2638671","h3_hexagon":599424170761125887,"downloaders":{"size":248,"mobile":32,"satellite":0,"tor":0,"tor_exit_nodes":0,"vpn":152,"relay":1,"proxy":0,"hosting":154,"service":144},"uploaders":{"size":65,"mobile":0,"satellite":0,"tor":0,"tor_exit_nodes":0,"vpn":64,"relay":0,"proxy":0,"hosting":64,"service":60}},"geometry":{"type":"Point","coordinates":[-2.29042,53.48771]}},{"type":"Feature","properties":{"country_code":"CHN","city":"Hefei","geoname_id":"1808722","h3_hexagon":599833494029336575,"downloaders":{"size":248,"mobile":0,"satellite":0,"tor":0,"tor_exit_nodes":0,"vpn":8,"relay":0,"proxy":0,"hosting":0,"service":0},"uploaders":{"size":5,"mobile":0,"satellite":0,"tor":0,"tor_exit_nodes":0,"vpn":0,"relay":0,"proxy":0,"hosting":0,"service":0}},"geometry":{"type":"Point","coordinates":[117.28083,31.86389]}},{"type":"Feature","properties":{"country_code":"USA","city":"Phoenix","geoname_id":"5308655","h3_hexagon":599712593921179647,"downloaders":{"size":248,"mobile":1,"satellite":1,"tor":16,"tor_exit_nodes":0,"vpn":126,"relay":0,"proxy":0,"hosting":153,"service":125},"uploaders":{"size":53,"mobile":0,"satellite":0,"tor":13,"tor_exit_nodes":0,"vpn":50,"relay":0,"proxy":0,"hosting":50,"service":50}},"geometry":{"type":"Point","coordinates":[-112.07404,33.44838]}},{"type":"Feature","properties":{"country_code":"NLD","city":"Amsterdam","geoname_id":"2759794","h3_hexagon":599425825397276671,"downloaders":{"size":246,"mobile":0,"satellite":0,"tor":0,"tor_exit_nodes":0,"vpn":57,"relay":0,"proxy":0,"hosting":238,"service":0},"uploaders":{"size":16,"mobile":0,"satellite":0,"tor":0,"tor_exit_nodes":0,"vpn":0,"relay":0,"proxy":0,"hosting":16,"service":0}},"geometry":{"type":"Point","coordinates":[4.9056,52.389]}},{"type":"Feature","properties":{"country_code":"SWE","city":"Kista","geoname_id":"2700791","h3_hexagon":599128728550768639,"downloaders":{"size":242,"mobile":4,"satellite":0,"tor":0,"tor_exit_nodes":0,"vpn":72,"relay":0,"proxy":0,"hosting":70,"service":70},"uploaders":{"size":24,"mobile":0,"satellite":0,"tor":0,"tor_exit_nodes":0,"vpn":24,"relay":0,"proxy":0,"hosting":24,"service":24}},"geometry":{"type":"Point","coordinates":[17.94479,59.40316]}},{"type":"Feature","properties":{"country_code":"MEX","city":"Monterrey","geoname_id":"3995465","h3_hexagon":600256522538188799,"downloaders":{"size":238,"mobile":1,"satellite":0,"tor":0,"tor_exit_nodes":0,"vpn":1,"relay":0,"proxy":0,"hosting":0,"service":0},"uploaders":{"size":4,"mobile":0,"satellite":0,"tor":0,"tor_exit_nodes":0,"vpn":0,"relay":0,"proxy":0,"hosting":0,"service":0}},"geometry":{"type":"Point","coordinates":[-100.31721,25.68435]}},{"type":"Feature","properties":{"country_code":"MYS","city":"Petaling Jaya","geoname_id":"1735158","h3_hexagon":600755908049371135,"downloaders":{"size":218,"mobile":28,"satellite":0,"tor":0,"tor_exit_nodes":0,"vpn":4,"relay":0,"proxy":0,"hosting":8,"service":4},"uploaders":{"size":11,"mobile":0,"satellite":0,"tor":0,"tor_exit_nodes":0,"vpn":0,"relay":0,"proxy":0,"hosting":0,"service":0}},"geometry":{"type":"Point","coordinates":[101.60671,3.10726]}},{"type":"Feature","properties":{"country_code":"ESP","city":"Valencia","geoname_id":"2509954","h3_hexagon":599987280702078975,"downloaders":{"size":214,"mobile":13,"satellite":0,"tor":0,"tor_exit_nodes":0,"vpn":5,"relay":0,"proxy":0,"hosting":5,"service":1},"uploaders":{"size":10,"mobile":0,"satellite":0,"tor":0,"tor_exit_nodes":0,"vpn":0,"relay":0,"proxy":0,"hosting":0,"service":0}},"geometry":{"type":"Point","coordinates":[-0.37966,39.47391]}},{"type":"Feature","properties":{"country_code":"CAN","city":"Beauharnois","geoname_id":"5896495","h3_hexagon":599746925742260223,"downloaders":{"size":209,"mobile":0,"satellite":0,"tor":0,"tor_exit_nodes":0,"vpn":4,"relay":0,"proxy":0,"hosting":207,"service":4},"uploaders":{"size":4,"mobile":0,"satellite":0,"tor":0,"tor_exit_nodes":0,"vpn":0,"relay":0,"proxy":0,"hosting":4,"service":0}},"geometry":{"type":"Point","coordinates":[-73.8725,45.31341]}},{"type":"Feature","properties":{"country_code":"SAU","city":"Riyadh","geoname_id":"108410","h3_hexagon":600444799945801727,"downloaders":{"size":208,"mobile":14,"satellite":0,"tor":0,"tor_exit_nodes":0,"vpn":1,"relay":0,"proxy":0,"hosting":18,"service":0},"uploaders":{"size":13,"mobile":0,"satellite":0,"tor":0,"tor_exit_nodes":0,"vpn":0,"relay":0,"proxy":0,"hosting":0,"service":0}},"geometry":{"type":"Point","coordinates":[46.72185,24.68773]}},{"type":"Feature","properties":{"country_code":"POL","city":"Gdańsk","geoname_id":"3099434","h3_hexagon":599524775001325567,"downloaders":{"size":205,"mobile":3,"satellite":0,"tor":0,"tor_exit_nodes":0,"vpn":2,"relay":0,"proxy":0,"hosting":3,"service":2},"uploaders":{"size":16,"mobile":0,"satellite":0,"tor":0,"tor_exit_nodes":0,"vpn":0,"relay":0,"proxy":0,"hosting":0,"service":0}},"geometry":{"type":"Point","coordinates":[18.64912,54.35227]}},{"type":"Feature","properties":{"country_code":"CHN","city":"Guangzhou","geoname_id":"1809858","h3_hexagon":600124256872824831,"downloaders":{"size":203,"mobile":1,"satellite":0,"tor":0,"tor_exit_nodes":0,"vpn":6,"relay":0,"proxy":0,"hosting":67,"service":0},"uploaders":{"size":3,"mobile":0,"satellite":0,"tor":0,"tor_exit_nodes":0,"vpn":0,"relay":0,"proxy":0,"hosting":3,"service":0}},"geometry":{"type":"Point","coordinates":[113.25,23.11667]}},{"type":"Feature","properties":{"country_code":"SWE","city":"Göteborg","geoname_id":"2711537","h3_hexagon":599526696999190527,"downloaders":{"size":190,"mobile":8,"satellite":0,"tor":1,"tor_exit_nodes":0,"vpn":64,"relay":0,"proxy":0,"hosting":49,"service":62},"uploaders":{"size":15,"mobile":0,"satellite":0,"tor":0,"tor_exit_nodes":0,"vpn":13,"relay":0,"proxy":0,"hosting":10,"service":13}},"geometry":{"type":"Point","coordinates":[11.96679,57.70716]}},{"type":"Feature","properties":{"country_code":"CZE","city":"Ostrava","geoname_id":"3068799","h3_hexagon":599506918674792447,"downloaders":{"size":186,"mobile":6,"satellite":0,"tor":0,"tor_exit_nodes":0,"vpn":2,"relay":0,"proxy":0,"hosting":0,"service":0},"uploaders":{"size":14,"mobile":0,"satellite":0,"tor":0,"tor_exit_nodes":0,"vpn":0,"relay":0,"proxy":0,"hosting":0,"service":0}},"geometry":{"type":"Point","coordinates":[18.28204,49.83465]}},{"type":"Feature","properties":{"country_code":"RUS","city":"Izhevsk","geoname_id":"554840","h3_hexagon":599276774999719935,"downloaders":{"size":183,"mobile":0,"satellite":0,"tor":0,"tor_exit_nodes":0,"vpn":1,"relay":0,"proxy":0,"hosting":0,"service":0},"uploaders":{"size":4,"mobile":0,"satellite":0,"tor":0,"tor_exit_nodes":0,"vpn":0,"relay":0,"proxy":0,"hosting":0,"service":0}},"geometry":{"type":"Point","coordinates":[53.19862,56.85225]}},{"type":"Feature","properties":{"country_code":"RUS","city":"Vladimir","geoname_id":"473247","h3_hexagon":599287211770249215,"downloaders":{"size":161,"mobile":0,"satellite":0,"tor":0,"tor_exit_nodes":0,"vpn":4,"relay":0,"proxy":0,"hosting":0,"service":0},"uploaders":{"size":3,"mobile":0,"satellite":0,"tor":0,"tor_exit_nodes":0,"vpn":0,"relay":0,"proxy":0,"hosting":0,"service":0}},"geometry":{"type":"Point","coordinates":[40.39976,56.13854]}},{"type":"Feature","properties":{"country_code":"USA","city":"Salt Lake City","geoname_id":"5780993","h3_hexagon":599657607602372607,"downloaders":{"size":156,"mobile":0,"satellite":0,"tor":0,"tor_exit_nodes":0,"vpn":74,"relay":0,"proxy":0,"hosting":87,"service":73},"uploaders":{"size":37,"mobile":0,"satellite":0,"tor":0,"tor_exit_nodes":0,"vpn":34,"relay":0,"proxy":0,"hosting":34,"service":34}},"geometry":{"type":"Point","coordinates":[-111.89105,40.76078]}},{"type":"Feature","properties":{"country_code":"USA","city":"Buffalo","geoname_id":"5110629","h3_hexagon":599729084448112639,"downloaders":{"size":153,"mobile":1,"satellite":0,"tor":0,"tor_exit_nodes":0,"vpn":17,"relay":0,"proxy":0,"hosting":129,"service":17},"uploaders":{"size":15,"mobile":0,"satellite":0,"tor":0,"tor_exit_nodes":0,"vpn":0,"relay":0,"proxy":0,"hosting":15,"service":0}},"geometry":{"type":"Point","coordinates":[-78.87837,42.88645]}},{"type":"Feature","properties":{"country_code":"SWE","city":"Malmö","geoname_id":"2692969","h3_hexagon":599524502270902271,"downloaders":{"size":149,"mobile":3,"satellite":0,"tor":0,"tor_exit_nodes":0,"vpn":73,"relay":0,"proxy":0,"hosting":72,"service":64},"uploaders":{"size":27,"mobile":0,"satellite":0,"tor":0,"tor_exit_nodes":0,"vpn":25,"relay":0,"proxy":0,"hosting":25,"service":25}},"geometry":{"type":"Point","coordinates":[13.00073,55.60587]}},{"type":"Feature","properties":{"country_code":"DEU","city":"Stuttgart","geoname_id":"2825297","h3_hexagon":599535823804694527,"downloaders":{"size":142,"mobile":1,"satellite":0,"tor":0,"tor_exit_nodes":0,"vpn":0,"relay":0,"proxy":0,"hosting":4,"service":0},"uploaders":{"size":12,"mobile":0,"satellite":0,"tor":0,"tor_exit_nodes":0,"vpn":0,"relay":0,"proxy":0,"hosting":0,"service":0}},"geometry":{"type":"Point","coordinates":[9.17702,48.78232]}},{"type":"Feature","properties":{"country_code":"DEU","city":"Düsseldorf","geoname_id":"2934246","h3_hexagon":599535458732474367,"downloaders":{"size":141,"mobile":4,"satellite":0,"tor":0,"tor_exit_nodes":0,"vpn":46,"relay":0,"proxy":0,"hosting":53,"service":46},"uploaders":{"size":31,"mobile":0,"satellite":0,"tor":0,"tor_exit_nodes":0,"vpn":31,"relay":0,"proxy":0,"hosting":31,"service":31}},"geometry":{"type":"Point","coordinates":[6.77927,51.22319]}},{"type":"Feature","properties":{"country_code":"HKG","city":"Tung Chung","geoname_id":"11101593","h3_hexagon":600124216070635519,"downloaders":{"size":133,"mobile":0,"satellite":0,"tor":0,"tor_exit_nodes":0,"vpn":16,"relay":0,"proxy":1,"hosting":58,"service":6},"uploaders":{"size":3,"mobile":0,"satellite":0,"tor":0,"tor_exit_nodes":0,"vpn":0,"relay":0,"proxy":0,"hosting":3,"service":0}},"geometry":{"type":"Point","coordinates":[113.94243,22.28783]}},{"type":"Feature","properties":{"country_code":"PHL","city":"Quezon City","geoname_id":"1692192","h3_hexagon":600831342707474431,"downloaders":{"size":133,"mobile":37,"satellite":1,"tor":0,"tor_exit_nodes":0,"vpn":2,"relay":0,"proxy":0,"hosting":2,"service":1},"uploaders":{"size":7,"mobile":0,"satellite":0,"tor":0,"tor_exit_nodes":0,"vpn":0,"relay":0,"proxy":0,"hosting":0,"service":0}},"geometry":{"type":"Point","coordinates":[121.0509,14.6488]}},{"type":"Feature","properties":{"country_code":"USA","city":"Portland","geoname_id":"5746545","h3_hexagon":599698931630211071,"downloaders":{"size":133,"mobile":3,"satellite":0,"tor":0,"tor_exit_nodes":0,"vpn":11,"relay":0,"proxy":0,"hosting":42,"service":10},"uploaders":{"size":19,"mobile":0,"satellite":0,"tor":0,"tor_exit_nodes":0,"vpn":3,"relay":0,"proxy":0,"hosting":3,"service":3}},"geometry":{"type":"Point","coordinates":[-122.67621,45.52345]}},{"type":"Feature","properties":{"country_code":"USA","city":"Philadelphia","geoname_id":"4560349","h3_hexagon":599718949399035903,"downloaders":{"size":132,"mobile":4,"satellite":9,"tor":0,"tor_exit_nodes":0,"vpn":3,"relay":0,"proxy":0,"hosting":3,"service":3},"uploaders":{"size":10,"mobile":0,"satellite":8,"tor":0,"tor_exit_nodes":0,"vpn":0,"relay":0,"proxy":0,"hosting":0,"service":0}},"geometry":{"type":"Point","coordinates":[-75.16362,39.95238]}},{"type":"Feature","properties":{"country_code":"CHN","city":"Changsha","geoname_id":"1815577","h3_hexagon":600131658175217663,"downloaders":{"size":132,"mobile":0,"satellite":0,"tor":0,"tor_exit_nodes":0,"vpn":7,"relay":0,"proxy":0,"hosting":0,"service":0},"uploaders":{"size":15,"mobile":0,"satellite":0,"tor":0,"tor_exit_nodes":0,"vpn":0,"relay":0,"proxy":0,"hosting":0,"service":0}},"geometry":{"type":"Point","coordinates":[112.97087,28.19874]}},{"type":"Feature","properties":{"country_code":"FRA","city":"Mérignac","geoname_id":"2994393","h3_hexagon":599408345954123775,"downloaders":{"size":131,"mobile":18,"satellite":0,"tor":0,"tor_exit_nodes":0,"vpn":19,"relay":0,"proxy":0,"hosting":16,"service":16},"uploaders":{"size":10,"mobile":0,"satellite":0,"tor":0,"tor_exit_nodes":0,"vpn":10,"relay":0,"proxy":0,"hosting":10,"service":10}},"geometry":{"type":"Point","coordinates":[-0.64512,44.84247]}},{"type":"Feature","properties":{"country_code":"USA","city":"Miami","geoname_id":"4164138","h3_hexagon":600186133392916479,"downloaders":{"size":131,"mobile":0,"satellite":0,"tor":0,"tor_exit_nodes":0,"vpn":131,"relay":0,"proxy":0,"hosting":131,"service":131},"uploaders":{"size":43,"mobile":0,"satellite":0,"tor":0,"tor_exit_nodes":0,"vpn":43,"relay":0,"proxy":0,"hosting":43,"service":43}},"geometry":{"type":"Point","coordinates":[-80.3549,25.8141]}},{"type":"Feature","properties":{"country_code":"ZAF","city":"Johannesburg","geoname_id":"993800","h3_hexagon":602299504263167999,"downloaders":{"size":130,"mobile":7,"satellite":0,"tor":0,"tor_exit_nodes":0,"vpn":10,"relay":0,"proxy":0,"hosting":47,"service":9},"uploaders":{"size":10,"mobile":4,"satellite":0,"tor":0,"tor_exit_nodes":0,"vpn":1,"relay":0,"proxy":0,"hosting":2,"service":1}},"geometry":{"type":"Point","coordinates":[28.04363,-26.20227]}},{"type":"Feature","properties":{"country_code":"TUN","city":"Tunis","geoname_id":"2464470","h3_hexagon":599971481664880639,"downloaders":{"size":126,"mobile":3,"satellite":0,"tor":0,"tor_exit_nodes":0,"vpn":0,"relay":0,"proxy":0,"hosting":0,"service":0},"uploaders":{"size":8,"mobile":0,"satellite":0,"tor":0,"tor_exit_nodes":0,"vpn":0,"relay":0,"proxy":0,"hosting":0,"service":0}},"geometry":{"type":"Point","coordinates":[10.16579,36.81897]}},{"type":"Feature","properties":{"country_code":"CAN","city":"Edmonton","geoname_id":"5946768","h3_hexagon":599311682346418175,"downloaders":{"size":125,"mobile":66,"satellite":0,"tor":0,"tor_exit_nodes":0,"vpn":1,"relay":0,"proxy":0,"hosting":1,"service":0},"uploaders":{"size":10,"mobile":10,"satellite":0,"tor":0,"tor_exit_nodes":0,"vpn":0,"relay":0,"proxy":0,"hosting":0,"service":0}},"geometry":{"type":"Point","coordinates":[-113.46871,53.55014]}},{"type":"Feature","properties":{"country_code":"USA","city":"Boston","geoname_id":"4930956","h3_hexagon":599720948706312191,"downloaders":{"size":123,"mobile":2,"satellite":0,"tor":0,"tor_exit_nodes":0,"vpn":91,"relay":0,"proxy":0,"hosting":91,"service":91},"uploaders":{"size":41,"mobile":0,"satellite":0,"tor":0,"tor_exit_nodes":0,"vpn":41,"relay":0,"proxy":0,"hosting":41,"service":41}},"geometry":{"type":"Point","coordinates":[-71.0598,42.3584]}},{"type":"Feature","properties":{"country_code":"RUS","city":"Surgut","geoname_id":"1490624","h3_hexagon":599172692909752319,"downloaders":{"size":122,"mobile":0,"satellite":0,"tor":0,"tor_exit_nodes":0,"vpn":0,"relay":0,"proxy":0,"hosting":0,"service":0},"uploaders":{"size":3,"mobile":0,"satellite":0,"tor":0,"tor_exit_nodes":0,"vpn":0,"relay":0,"proxy":0,"hosting":0,"service":0}},"geometry":{"type":"Point","coordinates":[73.41775,61.25757]}},{"type":"Feature","properties":{"country_code":"USA","city":"Kansas City","geoname_id":"4393217","h3_hexagon":599653166606188543,"downloaders":{"size":121,"mobile":2,"satellite":0,"tor":0,"tor_exit_nodes":0,"vpn":13,"relay":0,"proxy":1,"hosting":47,"service":11},"uploaders":{"size":20,"mobile":0,"satellite":0,"tor":0,"tor_exit_nodes":0,"vpn":2,"relay":0,"proxy":0,"hosting":2,"service":1}},"geometry":{"type":"Point","coordinates":[-94.57857,39.09973]}},{"type":"Feature","properties":{"country_code":"AUS","city":"Adelaide","geoname_id":"2078025","h3_hexagon":602234852120461311,"downloaders":{"size":119,"mobile":6,"satellite":0,"tor":0,"tor_exit_nodes":0,"vpn":35,"relay":0,"proxy":0,"hosting":33,"service":33},"uploaders":{"size":14,"mobile":0,"satellite":0,"tor":0,"tor_exit_nodes":0,"vpn":14,"relay":0,"proxy":0,"hosting":14,"service":14}},"geometry":{"type":"Point","coordinates":[138.59863000000001,-34.92866]}},{"type":"Feature","properties":{"country_code":"BEL","city":"Zaventem","geoname_id":"2783310","h3_hexagon":599535397529190399,"downloaders":{"size":117,"mobile":0,"satellite":0,"tor":4,"tor_exit_nodes":0,"vpn":116,"relay":0,"proxy":0,"hosting":116,"service":116},"uploaders":{"size":27,"mobile":0,"satellite":0,"tor":0,"tor_exit_nodes":0,"vpn":27,"relay":0,"proxy":0,"hosting":27,"service":27}},"geometry":{"type":"Point","coordinates":[4.47298,50.88365]}},{"type":"Feature","properties":{"country_code":"BRA","city":"Porto Alegre","geoname_id":"3452925","h3_hexagon":601951910412419071,"downloaders":{"size":115,"mobile":2,"satellite":0,"tor":0,"tor_exit_nodes":0,"vpn":0,"relay":0,"proxy":0,"hosting":0,"service":0},"uploaders":{"size":12,"mobile":0,"satellite":0,"tor":0,"tor_exit_nodes":0,"vpn":0,"relay":0,"proxy":0,"hosting":0,"service":0}},"geometry":{"type":"Point","coordinates":[-51.23019,-30.03283]}},{"type":"Feature","properties":{"country_code":"USA","city":"Detroit","geoname_id":"4990729","h3_hexagon":599729908008091647,"downloaders":{"size":114,"mobile":1,"satellite":26,"tor":0,"tor_exit_nodes":0,"vpn":26,"relay":0,"proxy":0,"hosting":27,"service":25},"uploaders":{"size":13,"mobile":0,"satellite":6,"tor":0,"tor_exit_nodes":0,"vpn":7,"relay":0,"proxy":0,"hosting":7,"service":7}},"geometry":{"type":"Point","coordinates":[-83.04575,42.33143]}},{"type":"Feature","properties":{"country_code":"MEX","city":"Santiago de Querétaro","geoname_id":"3991164","h3_hexagon":600272041328771071,"downloaders":{"size":113,"mobile":0,"satellite":0,"tor":0,"tor_exit_nodes":0,"vpn":55,"relay":0,"proxy":0,"hosting":53,"service":53},"uploaders":{"size":23,"mobile":0,"satellite":0,"tor":0,"tor_exit_nodes":0,"vpn":23,"relay":0,"proxy":0,"hosting":23,"service":23}},"geometry":{"type":"Point","coordinates":[-100.38806,20.58806]}},{"type":"Feature","properties":{"country_code":"NLD","city":"The Hague","geoname_id":"2747373","h3_hexagon":599425944582619135,"downloaders":{"size":109,"mobile":8,"satellite":0,"tor":0,"tor_exit_nodes":0,"vpn":22,"relay":0,"proxy":0,"hosting":21,"service":21},"uploaders":{"size":18,"mobile":0,"satellite":0,"tor":0,"tor_exit_nodes":0,"vpn":18,"relay":0,"proxy":0,"hosting":18,"service":18}},"geometry":{"type":"Point","coordinates":[4.29861,52.07667]}},{"type":"Feature","properties":{"country_code":"POL","city":"Lublin","geoname_id":"765876","h3_hexagon":599509611619287039,"downloaders":{"size":104,"mobile":0,"satellite":0,"tor":0,"tor_exit_nodes":0,"vpn":0,"relay":0,"proxy":0,"hosting":0,"service":0},"uploaders":{"size":4,"mobile":0,"satellite":0,"tor":0,"tor_exit_nodes":0,"vpn":0,"relay":0,"proxy":0,"hosting":0,"service":0}},"geometry":{"type":"Point","coordinates":[22.57009,51.25058]}},{"type":"Feature","properties":{"country_code":"USA","city":"Minneapolis","geoname_id":"5037649","h3_hexagon":599670509684129791,"downloaders":{"size":103,"mobile":4,"satellite":2,"tor":0,"tor_exit_nodes":0,"vpn":3,"relay":7,"proxy":0,"hosting":7,"service":8},"uploaders":{"size":55,"mobile":1,"satellite":0,"tor":0,"tor_exit_nodes":0,"vpn":0,"relay":4,"proxy":0,"hosting":4,"service":4}},"geometry":{"type":"Point","coordinates":[-93.26384,44.97997]}},{"type":"Feature","properties":{"country_code":"GBR","city":"Thamesmead","geoname_id":"11551039","h3_hexagon":599423945275342847,"downloaders":{"size":102,"mobile":5,"satellite":0,"tor":0,"tor_exit_nodes":0,"vpn":3,"relay":0,"proxy":0,"hosting":83,"service":3},"uploaders":{"size":12,"mobile":0,"satellite":0,"tor":0,"tor_exit_nodes":0,"vpn":0,"relay":0,"proxy":0,"hosting":12,"service":0}},"geometry":{"type":"Point","coordinates":[0.11982,51.50372]}},{"type":"Feature","properties":{"country_code":"CHE","city":"Genève","geoname_id":"2660646","h3_hexagon":599534119776419839,"downloaders":{"size":100,"mobile":3,"satellite":0,"tor":0,"tor_exit_nodes":0,"vpn":6,"relay":0,"proxy":0,"hosting":31,"service":0},"uploaders":{"size":10,"mobile":0,"satellite":0,"tor":0,"tor_exit_nodes":0,"vpn":0,"relay":0,"proxy":0,"hosting":10,"service":0}},"geometry":{"type":"Point","coordinates":[6.14569,46.20222]}},{"type":"Feature","properties":{"country_code":"CAN","city":"Calgary","geoname_id":"5913490","h3_hexagon":599309485470646271,"downloaders":{"size":98,"mobile":38,"satellite":0,"tor":0,"tor_exit_nodes":0,"vpn":10,"relay":0,"proxy":0,"hosting":0,"service":8},"uploaders":{"size":5,"mobile":0,"satellite":0,"tor":0,"tor_exit_nodes":0,"vpn":2,"relay":0,"proxy":0,"hosting":0,"service":2}},"geometry":{"type":"Point","coordinates":[-114.08529,51.05011]}},{"type":"Feature","properties":{"country_code":"CAN","city":"Ottawa","geoname_id":"6094817","h3_hexagon":599744265010020351,"downloaders":{"size":97,"mobile":7,"satellite":0,"tor":0,"tor_exit_nodes":0,"vpn":1,"relay":0,"proxy":0,"hosting":0,"service":0},"uploaders":{"size":25,"mobile":4,"satellite":0,"tor":0,"tor_exit_nodes":0,"vpn":0,"relay":0,"proxy":0,"hosting":0,"service":0}},"geometry":{"type":"Point","coordinates":[-75.69812,45.41117]}},{"type":"Feature","properties":{"country_code":"USA","city":"Las Vegas","geoname_id":"5506956","h3_hexagon":599709288943845375,"downloaders":{"size":96,"mobile":15,"satellite":0,"tor":0,"tor_exit_nodes":0,"vpn":12,"relay":0,"proxy":1,"hosting":44,"service":11},"uploaders":{"size":9,"mobile":5,"satellite":0,"tor":0,"tor_exit_nodes":0,"vpn":0,"relay":0,"proxy":0,"hosting":4,"service":0}},"geometry":{"type":"Point","coordinates":[-115.13722,36.17497]}},{"type":"Feature","properties":{"country_code":"USA","city":"Columbus","geoname_id":"4509177","h3_hexagon":599727890447204351,"downloaders":{"size":93,"mobile":5,"satellite":0,"tor":0,"tor_exit_nodes":0,"vpn":0,"relay":0,"proxy":0,"hosting":51,"service":0},"uploaders":{"size":4,"mobile":0,"satellite":0,"tor":0,"tor_exit_nodes":0,"vpn":0,"relay":0,"proxy":0,"hosting":0,"service":0}},"geometry":{"type":"Point","coordinates":[-82.99879,39.96118]}},{"type":"Feature","properties":{"country_code":"USA","city":"Hialeah","geoname_id":"4158476","h3_hexagon":600186129097949183,"downloaders":{"size":92,"mobile":0,"satellite":0,"tor":0,"tor_exit_nodes":0,"vpn":91,"relay":0,"proxy":0,"hosting":91,"service":91},"uploaders":{"size":71,"mobile":0,"satellite":0,"tor":0,"tor_exit_nodes":0,"vpn":71,"relay":0,"proxy":0,"hosting":71,"service":71}},"geometry":{"type":"Point","coordinates":[-80.3889,25.9098]}},{"type":"Feature","properties":{"country_code":"DNK","city":"Ballerup","geoname_id":"2624341","h3_hexagon":599524491533484031,"downloaders":{"size":92,"mobile":0,"satellite":0,"tor":0,"tor_exit_nodes":0,"vpn":86,"relay":0,"proxy":0,"hosting":86,"service":86},"uploaders":{"size":43,"mobile":0,"satellite":0,"tor":0,"tor_exit_nodes":0,"vpn":43,"relay":0,"proxy":0,"hosting":43,"service":43}},"geometry":{"type":"Point","coordinates":[12.36328,55.73165]}},{"type":"Feature","properties":{"country_code":"CAN","city":"Winnipeg","geoname_id":"6183235","h3_hexagon":599666810643546111,"downloaders":{"size":87,"mobile":1,"satellite":0,"tor":0,"tor_exit_nodes":0,"vpn":1,"relay":0,"proxy":0,"hosting":0,"service":0},"uploaders":{"size":9,"mobile":0,"satellite":0,"tor":0,"tor_exit_nodes":0,"vpn":0,"relay":0,"proxy":0,"hosting":0,"service":0}},"geometry":{"type":"Point","coordinates":[-97.14704,49.8844]}},{"type":"Feature","properties":{"country_code":"UKR","city":"Bila Tserkva","geoname_id":"712165","h3_hexagon":599513352535801855,"downloaders":{"size":85,"mobile":0,"satellite":0,"tor":0,"tor_exit_nodes":0,"vpn":4,"relay":0,"proxy":0,"hosting":0,"service":0},"uploaders":{"size":11,"mobile":0,"satellite":0,"tor":0,"tor_exit_nodes":0,"vpn":0,"relay":0,"proxy":0,"hosting":0,"service":0}},"geometry":{"type":"Point","coordinates":[30.12851,49.8004]}},{"type":"Feature","properties":{"country_code":"BGR","city":"Burgas","geoname_id":"732770","h3_hexagon":599522698384637951,"downloaders":{"size":84,"mobile":0,"satellite":0,"tor":0,"tor_exit_nodes":0,"vpn":2,"relay":0,"proxy":0,"hosting":0,"service":0},"uploaders":{"size":4,"mobile":0,"satellite":0,"tor":0,"tor_exit_nodes":0,"vpn":0,"relay":0,"proxy":0,"hosting":0,"service":0}},"geometry":{"type":"Point","coordinates":[27.46886,42.50651]}},{"type":"Feature","properties":{"country_code":"LUX","city":"Luxembourg","geoname_id":"2960316","h3_hexagon":599535365316935679,"downloaders":{"size":82,"mobile":0,"satellite":0,"tor":0,"tor_exit_nodes":0,"vpn":41,"relay":0,"proxy":16,"hosting":59,"service":39},"uploaders":{"size":19,"mobile":0,"satellite":0,"tor":0,"tor_exit_nodes":0,"vpn":18,"relay":0,"proxy":0,"hosting":18,"service":18}},"geometry":{"type":"Point","coordinates":[6.13268,49.60982]}},{"type":"Feature","properties":{"country_code":"IND","city":"Mumbai","geoname_id":"1275339","h3_hexagon":600677175930126335,"downloaders":{"size":80,"mobile":17,"satellite":0,"tor":0,"tor_exit_nodes":0,"vpn":1,"relay":3,"proxy":0,"hosting":21,"service":3},"uploaders":{"size":18,"mobile":6,"satellite":0,"tor":0,"tor_exit_nodes":0,"vpn":0,"relay":0,"proxy":0,"hosting":10,"service":0}},"geometry":{"type":"Point","coordinates":[72.88261,19.07283]}},{"type":"Feature","properties":{"country_code":"DEU","city":"Munich","geoname_id":"2867714","h3_hexagon":599533816981225471,"downloaders":{"size":80,"mobile":15,"satellite":0,"tor":1,"tor_exit_nodes":0,"vpn":1,"relay":0,"proxy":0,"hosting":0,"service":0},"uploaders":{"size":9,"mobile":0,"satellite":0,"tor":0,"tor_exit_nodes":0,"vpn":0,"relay":0,"proxy":0,"hosting":0,"service":0}},"geometry":{"type":"Point","coordinates":[11.57549,48.13743]}},{"type":"Feature","properties":{"country_code":"USA","city":"Austin","geoname_id":"4671654","h3_hexagon":600256260545183743,"downloaders":{"size":79,"mobile":17,"satellite":0,"tor":0,"tor_exit_nodes":0,"vpn":4,"relay":0,"proxy":0,"hosting":1,"service":1},"uploaders":{"size":22,"mobile":8,"satellite":0,"tor":0,"tor_exit_nodes":0,"vpn":0,"relay":0,"proxy":0,"hosting":0,"service":0}},"geometry":{"type":"Point","coordinates":[-97.74306,30.26715]}},{"type":"Feature","properties":{"country_code":"NLD","city":"Roosendaal","geoname_id":"2747930","h3_hexagon":599535413635317759,"downloaders":{"size":75,"mobile":0,"satellite":0,"tor":0,"tor_exit_nodes":0,"vpn":8,"relay":0,"proxy":0,"hosting":55,"service":8},"uploaders":{"size":13,"mobile":0,"satellite":0,"tor":0,"tor_exit_nodes":0,"vpn":1,"relay":0,"proxy":0,"hosting":2,"service":1}},"geometry":{"type":"Point","coordinates":[4.4427,51.5349]}},{"type":"Feature","properties":{"country_code":"CHE","city":"Lausanne","geoname_id":"2659994","h3_hexagon":599533071804399615,"downloaders":{"size":74,"mobile":2,"satellite":0,"tor":0,"tor_exit_nodes":0,"vpn":7,"relay":0,"proxy":0,"hosting":5,"service":0},"uploaders":{"size":9,"mobile":0,"satellite":0,"tor":0,"tor_exit_nodes":0,"vpn":0,"relay":0,"proxy":0,"hosting":0,"service":0}},"geometry":{"type":"Point","coordinates":[6.63282,46.516]}},{"type":"Feature","properties":{"country_code":"USA","city":"St. Louis","geoname_id":"4407066","h3_hexagon":599651706317307903,"downloaders":{"size":72,"mobile":11,"satellite":0,"tor":0,"tor_exit_nodes":0,"vpn":4,"relay":0,"proxy":0,"hosting":49,"service":4},"uploaders":{"size":6,"mobile":6,"satellite":0,"tor":0,"tor_exit_nodes":0,"vpn":0,"relay":0,"proxy":0,"hosting":0,"service":0}},"geometry":{"type":"Point","coordinates":[-90.19789,38.62727]}},{"type":"Feature","properties":{"country_code":"USA","city":"Raleigh","geoname_id":"4487042","h3_hexagon":599732370098094079,"downloaders":{"size":71,"mobile":3,"satellite":0,"tor":0,"tor_exit_nodes":0,"vpn":22,"relay":0,"proxy":0,"hosting":23,"service":22},"uploaders":{"size":27,"mobile":0,"satellite":0,"tor":0,"tor_exit_nodes":0,"vpn":3,"relay":0,"proxy":0,"hosting":3,"service":3}},"geometry":{"type":"Point","coordinates":[-78.63861,35.7721]}},{"type":"Feature","properties":{"country_code":"BRA","city":"Serra","geoname_id":"3447779","h3_hexagon":601944241748312063,"downloaders":{"size":69,"mobile":0,"satellite":0,"tor":0,"tor_exit_nodes":0,"vpn":0,"relay":0,"proxy":0,"hosting":0,"service":0},"uploaders":{"size":12,"mobile":0,"satellite":0,"tor":0,"tor_exit_nodes":0,"vpn":0,"relay":0,"proxy":0,"hosting":0,"service":0}},"geometry":{"type":"Point","coordinates":[-40.30778,-20.12861]}},{"type":"Feature","properties":{"country_code":"HRV","city":"Rijeka","geoname_id":"3191648","h3_hexagon":599507781963218943,"downloaders":{"size":69,"mobile":0,"satellite":0,"tor":0,"tor_exit_nodes":0,"vpn":1,"relay":0,"proxy":0,"hosting":0,"service":0},"uploaders":{"size":12,"mobile":0,"satellite":0,"tor":0,"tor_exit_nodes":0,"vpn":0,"relay":0,"proxy":0,"hosting":0,"service":0}},"geometry":{"type":"Point","coordinates":[14.44241,45.32673]}},{"type":"Feature","properties":{"country_code":"TWN","city":"Hsinchu","geoname_id":"1675151","h3_hexagon":600309164878594047,"downloaders":{"size":69,"mobile":0,"satellite":0,"tor":0,"tor_exit_nodes":0,"vpn":7,"relay":0,"proxy":0,"hosting":0,"service":0},"uploaders":{"size":3,"mobile":0,"satellite":0,"tor":0,"tor_exit_nodes":0,"vpn":0,"relay":0,"proxy":0,"hosting":0,"service":0}},"geometry":{"type":"Point","coordinates":[120.96861,24.80361]}},{"type":"Feature","properties":{"country_code":"USA","city":"San Diego","geoname_id":"5391811","h3_hexagon":599711305430990847,"downloaders":{"size":68,"mobile":8,"satellite":0,"tor":0,"tor_exit_nodes":0,"vpn":6,"relay":0,"proxy":0,"hosting":0,"service":0},"uploaders":{"size":8,"mobile":0,"satellite":0,"tor":0,"tor_exit_nodes":0,"vpn":0,"relay":0,"proxy":0,"hosting":0,"service":0}},"geometry":{"type":"Point","coordinates":[-117.16472,32.71571]}},{"type":"Feature","properties":{"country_code":"IND","city":"Delhi","geoname_id":"1273294","h3_hexagon":600062944067190783,"downloaders":{"size":65,"mobile":8,"satellite":0,"tor":0,"tor_exit_nodes":0,"vpn":0,"relay":0,"proxy":0,"hosting":16,"service":0},"uploaders":{"size":6,"mobile":1,"satellite":0,"tor":0,"tor_exit_nodes":0,"vpn":0,"relay":0,"proxy":0,"hosting":0,"service":0}},"geometry":{"type":"Point","coordinates":[77.23149,28.65195]}},{"type":"Feature","properties":{"country_code":"FRA","city":"Grenoble","geoname_id":"3014728","h3_hexagon":599534225003118591,"downloaders":{"size":64,"mobile":12,"satellite":0,"tor":0,"tor_exit_nodes":0,"vpn":0,"relay":0,"proxy":0,"hosting":0,"service":0},"uploaders":{"size":7,"mobile":0,"satellite":0,"tor":0,"tor_exit_nodes":0,"vpn":0,"relay":0,"proxy":0,"hosting":0,"service":0}},"geometry":{"type":"Point","coordinates":[5.71479,45.17869]}},{"type":"Feature","properties":{"country_code":"USA","city":"McAllen","geoname_id":"4709796","h3_hexagon":600257725129031679,"downloaders":{"size":63,"mobile":0,"satellite":0,"tor":0,"tor_exit_nodes":0,"vpn":32,"relay":0,"proxy":0,"hosting":32,"service":32},"uploaders":{"size":44,"mobile":0,"satellite":0,"tor":0,"tor_exit_nodes":0,"vpn":22,"relay":0,"proxy":0,"hosting":22,"service":22}},"geometry":{"type":"Point","coordinates":[-98.23001,26.20341]}},{"type":"Feature","properties":{"country_code":"NLD","city":"Nijmegen","geoname_id":"2750053","h3_hexagon":599425785668829183,"downloaders":{"size":61,"mobile":14,"satellite":0,"tor":0,"tor_exit_nodes":0,"vpn":0,"relay":0,"proxy":0,"hosting":6,"service":0},"uploaders":{"size":28,"mobile":10,"satellite":0,"tor":0,"tor_exit_nodes":0,"vpn":0,"relay":0,"proxy":0,"hosting":0,"service":0}},"geometry":{"type":"Point","coordinates":[5.85278,51.8425]}},{"type":"Feature","properties":{"country_code":"CAN","city":"Hamilton","geoname_id":"5969782","h3_hexagon":599745899245076479,"downloaders":{"size":59,"mobile":5,"satellite":0,"tor":0,"tor_exit_nodes":0,"vpn":0,"relay":0,"proxy":0,"hosting":0,"service":0},"uploaders":{"size":10,"mobile":0,"satellite":0,"tor":0,"tor_exit_nodes":0,"vpn":0,"relay":0,"proxy":0,"hosting":0,"service":0}},"geometry":{"type":"Point","coordinates":[-79.84963,43.25011]}},{"type":"Feature","properties":{"country_code":"USA","city":"Wilkinsburg","geoname_id":"5219501","h3_hexagon":599726724363583487,"downloaders":{"size":57,"mobile":0,"satellite":0,"tor":0,"tor_exit_nodes":0,"vpn":17,"relay":0,"proxy":0,"hosting":17,"service":17},"uploaders":{"size":15,"mobile":0,"satellite":0,"tor":0,"tor_exit_nodes":0,"vpn":12,"relay":0,"proxy":0,"hosting":12,"service":12}},"geometry":{"type":"Point","coordinates":[-79.88199,40.44174]}},{"type":"Feature","properties":{"country_code":"SWE","city":"Åkersberga","geoname_id":"2727234","h3_hexagon":599128463336538111,"downloaders":{"size":57,"mobile":0,"satellite":0,"tor":0,"tor_exit_nodes":0,"vpn":55,"relay":0,"proxy":0,"hosting":0,"service":54},"uploaders":{"size":35,"mobile":0,"satellite":0,"tor":0,"tor_exit_nodes":0,"vpn":35,"relay":0,"proxy":0,"hosting":0,"service":35}},"geometry":{"type":"Point","coordinates":[18.29967,59.47944]}},{"type":"Feature","properties":{"country_code":"NZL","city":"Christchurch","geoname_id":"2192362","h3_hexagon":602824066872639487,"downloaders":{"size":55,"mobile":7,"satellite":1,"tor":0,"tor_exit_nodes":0,"vpn":0,"relay":0,"proxy":0,"hosting":2,"service":0},"uploaders":{"size":12,"mobile":0,"satellite":0,"tor":0,"tor_exit_nodes":0,"vpn":0,"relay":0,"proxy":0,"hosting":0,"service":0}},"geometry":{"type":"Point","coordinates":[172.63333,-43.53333]}},{"type":"Feature","properties":{"country_code":"POL","city":"Toruń","geoname_id":"3083271","h3_hexagon":599530040631230463,"downloaders":{"size":55,"mobile":0,"satellite":0,"tor":0,"tor_exit_nodes":0,"vpn":20,"relay":0,"proxy":0,"hosting":20,"service":20},"uploaders":{"size":18,"mobile":0,"satellite":0,"tor":0,"tor_exit_nodes":0,"vpn":18,"relay":0,"proxy":0,"hosting":18,"service":18}},"geometry":{"type":"Point","coordinates":[18.59814,53.01375]}},{"type":"Feature","properties":{"country_code":"DNK","city":"Copenhagen","geoname_id":"2618425","h3_hexagon":599524493680967679,"downloaders":{"size":55,"mobile":0,"satellite":0,"tor":0,"tor_exit_nodes":0,"vpn":17,"relay":0,"proxy":0,"hosting":17,"service":17},"uploaders":{"size":7,"mobile":0,"satellite":0,"tor":0,"tor_exit_nodes":0,"vpn":7,"relay":0,"proxy":0,"hosting":7,"service":7}},"geometry":{"type":"Point","coordinates":[12.2742,55.6471]}},{"type":"Feature","properties":{"country_code":"POL","city":"Gliwice","geoname_id":"3099230","h3_hexagon":599508933014454271,"downloaders":{"size":55,"mobile":0,"satellite":0,"tor":0,"tor_exit_nodes":0,"vpn":1,"relay":0,"proxy":0,"hosting":0,"service":0},"uploaders":{"size":10,"mobile":0,"satellite":0,"tor":0,"tor_exit_nodes":0,"vpn":0,"relay":0,"proxy":0,"hosting":0,"service":0}},"geometry":{"type":"Point","coordinates":[18.67658,50.29761]}},{"type":"Feature","properties":{"country_code":"USA","city":"Rochester","geoname_id":"5134086","h3_hexagon":599745738183802879,"downloaders":{"size":54,"mobile":0,"satellite":0,"tor":15,"tor_exit_nodes":0,"vpn":0,"relay":0,"proxy":0,"hosting":0,"service":0},"uploaders":{"size":29,"mobile":0,"satellite":0,"tor":12,"tor_exit_nodes":0,"vpn":0,"relay":0,"proxy":0,"hosting":0,"service":0}},"geometry":{"type":"Point","coordinates":[-77.61556,43.15478]}},{"type":"Feature","properties":{"country_code":"BGD","city":"Narayanganj","geoname_id":"1185155","h3_hexagon":600050875209089023,"downloaders":{"size":53,"mobile":2,"satellite":1,"tor":0,"tor_exit_nodes":0,"vpn":7,"relay":0,"proxy":0,"hosting":2,"service":0},"uploaders":{"size":6,"mobile":0,"satellite":0,"tor":0,"tor_exit_nodes":0,"vpn":3,"relay":0,"proxy":0,"hosting":0,"service":0}},"geometry":{"type":"Point","coordinates":[90.50298,23.61352]}},{"type":"Feature","properties":{"country_code":"DEU","city":"Berlin","geoname_id":"2950159","h3_hexagon":599526121473572863,"downloaders":{"size":52,"mobile":1,"satellite":0,"tor":0,"tor_exit_nodes":0,"vpn":14,"relay":0,"proxy":0,"hosting":16,"service":14},"uploaders":{"size":7,"mobile":0,"satellite":0,"tor":0,"tor_exit_nodes":0,"vpn":3,"relay":0,"proxy":0,"hosting":3,"service":3}},"geometry":{"type":"Point","coordinates":[13.3846,52.5323]}},{"type":"Feature","properties":{"country_code":"CAN","city":"Brampton","geoname_id":"5907364","h3_hexagon":599745920719912959,"downloaders":{"size":51,"mobile":1,"satellite":0,"tor":0,"tor_exit_nodes":0,"vpn":1,"relay":0,"proxy":0,"hosting":0,"service":0},"uploaders":{"size":9,"mobile":0,"satellite":0,"tor":0,"tor_exit_nodes":0,"vpn":0,"relay":0,"proxy":0,"hosting":0,"service":0}},"geometry":{"type":"Point","coordinates":[-79.76633,43.68341]}},{"type":"Feature","properties":{"country_code":"USA","city":"Reston","geoname_id":"4781530","h3_hexagon":599729352883568639,"downloaders":{"size":51,"mobile":0,"satellite":0,"tor":0,"tor_exit_nodes":0,"vpn":2,"relay":0,"proxy":0,"hosting":22,"service":2},"uploaders":{"size":16,"mobile":0,"satellite":0,"tor":0,"tor_exit_nodes":0,"vpn":0,"relay":0,"proxy":0,"hosting":0,"service":0}},"geometry":{"type":"Point","coordinates":[-77.3411,38.96872]}},{"type":"Feature","properties":{"country_code":"ROU","city":"Târgu Mureş","geoname_id":"665004","h3_hexagon":599512447371444223,"downloaders":{"size":50,"mobile":0,"satellite":0,"tor":0,"tor_exit_nodes":0,"vpn":0,"relay":0,"proxy":0,"hosting":0,"service":0},"uploaders":{"size":9,"mobile":0,"satellite":0,"tor":0,"tor_exit_nodes":0,"vpn":0,"relay":0,"proxy":0,"hosting":0,"service":0}},"geometry":{"type":"Point","coordinates":[24.55747,46.54245]}},{"type":"Feature","properties":{"country_code":"CHN","city":"Taiyuan","geoname_id":"1793511","h3_hexagon":599850699668324351,"downloaders":{"size":49,"mobile":0,"satellite":0,"tor":0,"tor_exit_nodes":0,"vpn":0,"relay":0,"proxy":0,"hosting":0,"service":0},"uploaders":{"size":5,"mobile":0,"satellite":0,"tor":0,"tor_exit_nodes":0,"vpn":0,"relay":0,"proxy":0,"hosting":0,"service":0}},"geometry":{"type":"Point","coordinates":[112.56028,37.86944]}},{"type":"Feature","properties":{"country_code":"AUT","city":"Langenzersdorf","geoname_id":"2772998","h3_hexagon":599506949813305343,"downloaders":{"size":49,"mobile":0,"satellite":0,"tor":0,"tor_exit_nodes":0,"vpn":41,"relay":0,"proxy":0,"hosting":42,"service":40},"uploaders":{"size":22,"mobile":0,"satellite":0,"tor":0,"tor_exit_nodes":0,"vpn":22,"relay":0,"proxy":0,"hosting":22,"service":22}},"geometry":{"type":"Point","coordinates":[16.36143,48.30432]}},{"type":"Feature","properties":{"country_code":"USA","city":"Plano","geoname_id":"4719457","h3_hexagon":599661009216471039,"downloaders":{"size":49,"mobile":3,"satellite":0,"tor":0,"tor_exit_nodes":0,"vpn":3,"relay":0,"proxy":0,"hosting":5,"service":0},"uploaders":{"size":13,"mobile":0,"satellite":0,"tor":0,"tor_exit_nodes":0,"vpn":0,"relay":0,"proxy":0,"hosting":0,"service":0}},"geometry":{"type":"Point","coordinates":[-96.69889,33.01984]}},{"type":"Feature","properties":{"country_code":"USA","city":"Silver Spring","geoname_id":"4369596","h3_hexagon":599729185379844095,"downloaders":{"size":48,"mobile":0,"satellite":0,"tor":0,"tor_exit_nodes":0,"vpn":0,"relay":0,"proxy":0,"hosting":0,"service":0},"uploaders":{"size":27,"mobile":0,"satellite":0,"tor":0,"tor_exit_nodes":0,"vpn":0,"relay":0,"proxy":0,"hosting":0,"service":0}},"geometry":{"type":"Point","coordinates":[-77.02609,38.99067]}},{"type":"Feature","properties":{"country_code":"USA","city":"Charlotte","geoname_id":"4460243","h3_hexagon":600189883973107711,"downloaders":{"size":48,"mobile":10,"satellite":1,"tor":0,"tor_exit_nodes":0,"vpn":13,"relay":0,"proxy":0,"hosting":13,"service":13},"uploaders":{"size":5,"mobile":3,"satellite":0,"tor":0,"tor_exit_nodes":0,"vpn":0,"relay":0,"proxy":0,"hosting":0,"service":0}},"geometry":{"type":"Point","coordinates":[-80.84313,35.22709]}},{"type":"Feature","properties":{"country_code":"USA","city":"Omaha","geoname_id":"5074472","h3_hexagon":599648226320056319,"downloaders":{"size":47,"mobile":1,"satellite":0,"tor":0,"tor_exit_nodes":0,"vpn":29,"relay":0,"proxy":0,"hosting":29,"service":29},"uploaders":{"size":16,"mobile":0,"satellite":0,"tor":0,"tor_exit_nodes":0,"vpn":16,"relay":0,"proxy":0,"hosting":16,"service":16}},"geometry":{"type":"Point","coordinates":[-95.94043,41.25626]}},{"type":"Feature","properties":{"country_code":"CHE","city":"Bellinzona","geoname_id":"2661567","h3_hexagon":599534929377755135,"downloaders":{"size":46,"mobile":0,"satellite":0,"tor":0,"tor_exit_nodes":0,"vpn":33,"relay":0,"proxy":0,"hosting":42,"service":31},"uploaders":{"size":7,"mobile":0,"satellite":0,"tor":0,"tor_exit_nodes":0,"vpn":7,"relay":0,"proxy":0,"hosting":7,"service":7}},"geometry":{"type":"Point","coordinates":[9.01703,46.19278]}},{"type":"Feature","properties":{"country_code":"DEU","city":"Norderstedt","geoname_id":"2862026","h3_hexagon":599525595340079103,"downloaders":{"size":46,"mobile":0,"satellite":0,"tor":0,"tor_exit_nodes":0,"vpn":0,"relay":0,"proxy":0,"hosting":0,"service":0},"uploaders":{"size":19,"mobile":0,"satellite":0,"tor":0,"tor_exit_nodes":0,"vpn":0,"relay":0,"proxy":0,"hosting":0,"service":0}},"geometry":{"type":"Point","coordinates":[9.99328,53.70177]}},{"type":"Feature","properties":{"country_code":"AUT","city":"Brunn am Gebirge","geoname_id":"2781321","h3_hexagon":599508003154034687,"downloaders":{"size":45,"mobile":0,"satellite":0,"tor":0,"tor_exit_nodes":0,"vpn":32,"relay":0,"proxy":0,"hosting":31,"service":31},"uploaders":{"size":26,"mobile":0,"satellite":0,"tor":0,"tor_exit_nodes":0,"vpn":26,"relay":0,"proxy":0,"hosting":26,"service":26}},"geometry":{"type":"Point","coordinates":[16.28466,48.10697]}},{"type":"Feature","properties":{"country_code":"USA","city":"Orlando","geoname_id":"4167147","h3_hexagon":600186634830348287,"downloaders":{"size":44,"mobile":10,"satellite":0,"tor":0,"tor_exit_nodes":0,"vpn":3,"relay":0,"proxy":0,"hosting":2,"service":1},"uploaders":{"size":12,"mobile":0,"satellite":0,"tor":0,"tor_exit_nodes":0,"vpn":0,"relay":0,"proxy":0,"hosting":0,"service":0}},"geometry":{"type":"Point","coordinates":[-81.37924,28.53834]}},{"type":"Feature","properties":{"country_code":"USA","city":"Jacksonville","geoname_id":"4160021","h3_hexagon":600191514986938367,"downloaders":{"size":44,"mobile":20,"satellite":0,"tor":0,"tor_exit_nodes":0,"vpn":1,"relay":0,"proxy":0,"hosting":0,"service":0},"uploaders":{"size":11,"mobile":11,"satellite":0,"tor":0,"tor_exit_nodes":0,"vpn":0,"relay":0,"proxy":0,"hosting":0,"service":0}},"geometry":{"type":"Point","coordinates":[-81.65565,30.33218]}},{"type":"Feature","properties":{"country_code":"USA","city":"Irvington","geoname_id":"5099724","h3_hexagon":599718755051765759,"downloaders":{"size":43,"mobile":0,"satellite":0,"tor":0,"tor_exit_nodes":0,"vpn":0,"relay":0,"proxy":0,"hosting":0,"service":0},"uploaders":{"size":22,"mobile":0,"satellite":0,"tor":0,"tor_exit_nodes":0,"vpn":0,"relay":0,"proxy":0,"hosting":0,"service":0}},"geometry":{"type":"Point","coordinates":[-74.23487,40.73232]}},{"type":"Feature","properties":{"country_code":"USA","city":"Chicago","geoname_id":"4887398","h3_hexagon":599654178070986751,"downloaders":{"size":43,"mobile":0,"satellite":0,"tor":0,"tor_exit_nodes":0,"vpn":31,"relay":0,"proxy":0,"hosting":43,"service":31},"uploaders":{"size":28,"mobile":0,"satellite":0,"tor":0,"tor_exit_nodes":0,"vpn":18,"relay":0,"proxy":0,"hosting":28,"service":18}},"geometry":{"type":"Point","coordinates":[-87.6386,41.8868]}},{"type":"Feature","properties":{"country_code":"USA","city":"Lynnwood","geoname_id":"5802049","h3_hexagon":599697096605433855,"downloaders":{"size":40,"mobile":4,"satellite":0,"tor":0,"tor_exit_nodes":0,"vpn":15,"relay":0,"proxy":0,"hosting":0,"service":1},"uploaders":{"size":14,"mobile":2,"satellite":0,"tor":0,"tor_exit_nodes":0,"vpn":10,"relay":0,"proxy":0,"hosting":0,"service":0}},"geometry":{"type":"Point","coordinates":[-122.31513,47.82093]}},{"type":"Feature","properties":{"country_code":"ALB","city":"Tirana","geoname_id":"3183875","h3_hexagon":599521085624418303,"downloaders":{"size":40,"mobile":1,"satellite":0,"tor":0,"tor_exit_nodes":0,"vpn":19,"relay":0,"proxy":0,"hosting":13,"service":19},"uploaders":{"size":5,"mobile":0,"satellite":0,"tor":0,"tor_exit_nodes":0,"vpn":5,"relay":0,"proxy":0,"hosting":0,"service":5}},"geometry":{"type":"Point","coordinates":[19.81866,41.32744]}},{"type":"Feature","properties":{"country_code":"HUN","city":"Paks","geoname_id":"3046768","h3_hexagon":599508205017497599,"downloaders":{"size":40,"mobile":0,"satellite":0,"tor":0,"tor_exit_nodes":0,"vpn":0,"relay":0,"proxy":0,"hosting":0,"service":0},"uploaders":{"size":8,"mobile":0,"satellite":0,"tor":0,"tor_exit_nodes":0,"vpn":0,"relay":0,"proxy":0,"hosting":0,"service":0}},"geometry":{"type":"Point","coordinates":[18.85569,46.6221]}},{"type":"Feature","properties":{"country_code":"NLD","city":"Hoogvliet","geoname_id":"2753666","h3_hexagon":599425952098811903,"downloaders":{"size":40,"mobile":0,"satellite":0,"tor":0,"tor_exit_nodes":0,"vpn":0,"relay":0,"proxy":0,"hosting":0,"service":0},"uploaders":{"size":10,"mobile":0,"satellite":0,"tor":0,"tor_exit_nodes":0,"vpn":0,"relay":0,"proxy":0,"hosting":0,"service":0}},"geometry":{"type":"Point","coordinates":[4.3625,51.86333]}},{"type":"Feature","properties":{"country_code":"NOR","city":"Kristiansand","geoname_id":"3149318","h3_hexagon":599147973225480191,"downloaders":{"size":40,"mobile":0,"satellite":0,"tor":0,"tor_exit_nodes":0,"vpn":27,"relay":0,"proxy":0,"hosting":27,"service":27},"uploaders":{"size":18,"mobile":0,"satellite":0,"tor":0,"tor_exit_nodes":0,"vpn":18,"relay":0,"proxy":0,"hosting":18,"service":18}},"geometry":{"type":"Point","coordinates":[7.9956,58.14671]}},{"type":"Feature","properties":{"country_code":"USA","city":"Piscataway","geoname_id":"5102713","h3_hexagon":599718750756798463,"downloaders":{"size":39,"mobile":0,"satellite":0,"tor":0,"tor_exit_nodes":0,"vpn":5,"relay":0,"proxy":0,"hosting":27,"service":4},"uploaders":{"size":10,"mobile":0,"satellite":0,"tor":0,"tor_exit_nodes":0,"vpn":0,"relay":0,"proxy":0,"hosting":10,"service":0}},"geometry":{"type":"Point","coordinates":[-74.39904,40.49927]}},{"type":"Feature","properties":{"country_code":"IND","city":"Kolkata","geoname_id":"1275004","h3_hexagon":600050965403402239,"downloaders":{"size":38,"mobile":10,"satellite":0,"tor":0,"tor_exit_nodes":0,"vpn":1,"relay":0,"proxy":0,"hosting":0,"service":0},"uploaders":{"size":6,"mobile":4,"satellite":0,"tor":0,"tor_exit_nodes":0,"vpn":0,"relay":0,"proxy":0,"hosting":0,"service":0}},"geometry":{"type":"Point","coordinates":[88.36304,22.56263]}},{"type":"Feature","properties":{"country_code":"IND","city":"Chennai","geoname_id":"1264527","h3_hexagon":600694833614422015,"downloaders":{"size":37,"mobile":7,"satellite":0,"tor":0,"tor_exit_nodes":0,"vpn":0,"relay":0,"proxy":0,"hosting":2,"service":0},"uploaders":{"size":3,"mobile":0,"satellite":0,"tor":0,"tor_exit_nodes":0,"vpn":0,"relay":0,"proxy":0,"hosting":0,"service":0}},"geometry":{"type":"Point","coordinates":[80.27847,13.08784]}},{"type":"Feature","properties":{"country_code":"SWE","city":"Västerås","geoname_id":"2664454","h3_hexagon":599128737140703231,"downloaders":{"size":36,"mobile":0,"satellite":0,"tor":0,"tor_exit_nodes":0,"vpn":0,"relay":0,"proxy":0,"hosting":0,"service":0},"uploaders":{"size":9,"mobile":0,"satellite":0,"tor":0,"tor_exit_nodes":0,"vpn":0,"relay":0,"proxy":0,"hosting":0,"service":0}},"geometry":{"type":"Point","coordinates":[16.55276,59.61617]}},{"type":"Feature","properties":{"country_code":"CAN","city":"Markham","geoname_id":"6066513","h3_hexagon":599745689865420799,"downloaders":{"size":36,"mobile":2,"satellite":0,"tor":0,"tor_exit_nodes":0,"vpn":9,"relay":0,"proxy":0,"hosting":0,"service":0},"uploaders":{"size":9,"mobile":0,"satellite":0,"tor":0,"tor_exit_nodes":0,"vpn":9,"relay":0,"proxy":0,"hosting":0,"service":0}},"geometry":{"type":"Point","coordinates":[-79.2663,43.86682]}},{"type":"Feature","properties":{"country_code":"NLD","city":"Maastricht","geoname_id":"2751283","h3_hexagon":599535139831152639,"downloaders":{"size":35,"mobile":0,"satellite":0,"tor":0,"tor_exit_nodes":0,"vpn":0,"relay":0,"proxy":0,"hosting":0,"service":0},"uploaders":{"size":11,"mobile":0,"satellite":0,"tor":0,"tor_exit_nodes":0,"vpn":0,"relay":0,"proxy":0,"hosting":0,"service":0}},"geometry":{"type":"Point","coordinates":[5.68889,50.84833]}},{"type":"Feature","properties":{"country_code":"ROU","city":"Bistriţa","geoname_id":"684657","h3_hexagon":599512483878666239,"downloaders":{"size":35,"mobile":0,"satellite":0,"tor":0,"tor_exit_nodes":0,"vpn":0,"relay":0,"proxy":0,"hosting":0,"service":0},"uploaders":{"size":22,"mobile":0,"satellite":0,"tor":0,"tor_exit_nodes":0,"vpn":0,"relay":0,"proxy":0,"hosting":0,"service":0}},"geometry":{"type":"Point","coordinates":[24.50011,47.13316]}},{"type":"Feature","properties":{"country_code":"BGD","city":"Kafrul","geoname_id":"1199503","h3_hexagon":600050847291801599,"downloaders":{"size":34,"mobile":0,"satellite":0,"tor":0,"tor_exit_nodes":0,"vpn":0,"relay":0,"proxy":0,"hosting":0,"service":0},"uploaders":{"size":18,"mobile":0,"satellite":0,"tor":0,"tor_exit_nodes":0,"vpn":0,"relay":0,"proxy":0,"hosting":0,"service":0}},"geometry":{"type":"Point","coordinates":[90.37359,23.78822]}},{"type":"Feature","properties":{"country_code":"USA","city":"Tampa","geoname_id":"4174757","h3_hexagon":600176843378655231,"downloaders":{"size":34,"mobile":2,"satellite":0,"tor":0,"tor_exit_nodes":0,"vpn":0,"relay":0,"proxy":0,"hosting":1,"service":0},"uploaders":{"size":9,"mobile":0,"satellite":0,"tor":0,"tor_exit_nodes":0,"vpn":0,"relay":0,"proxy":0,"hosting":0,"service":0}},"geometry":{"type":"Point","coordinates":[-82.45843,27.94752]}},{"type":"Feature","properties":{"country_code":"MEX","city":"Celaya","geoname_id":"4014875","h3_hexagon":600272024148901887,"downloaders":{"size":34,"mobile":0,"satellite":0,"tor":0,"tor_exit_nodes":0,"vpn":0,"relay":0,"proxy":0,"hosting":0,"service":0},"uploaders":{"size":6,"mobile":0,"satellite":0,"tor":0,"tor_exit_nodes":0,"vpn":0,"relay":0,"proxy":0,"hosting":0,"service":0}},"geometry":{"type":"Point","coordinates":[-100.8157,20.52353]}},{"type":"Feature","properties":{"country_code":"THA","city":"Pattaya","geoname_id":"1614295","h3_hexagon":600765170146344959,"downloaders":{"size":33,"mobile":3,"satellite":0,"tor":0,"tor_exit_nodes":0,"vpn":0,"relay":0,"proxy":0,"hosting":0,"service":0},"uploaders":{"size":10,"mobile":0,"satellite":0,"tor":0,"tor_exit_nodes":0,"vpn":0,"relay":0,"proxy":0,"hosting":0,"service":0}},"geometry":{"type":"Point","coordinates":[100.88333,12.93333]}},{"type":"Feature","properties":{"country_code":"USA","city":"Richmond","geoname_id":"4781708","h3_hexagon":599727353576292351,"downloaders":{"size":32,"mobile":0,"satellite":0,"tor":0,"tor_exit_nodes":0,"vpn":0,"relay":0,"proxy":0,"hosting":0,"service":0},"uploaders":{"size":11,"mobile":0,"satellite":0,"tor":0,"tor_exit_nodes":0,"vpn":0,"relay":0,"proxy":0,"hosting":0,"service":0}},"geometry":{"type":"Point","coordinates":[-77.46026,37.55376]}},{"type":"Feature","properties":{"country_code":"HUN","city":"Cegléd","geoname_id":"3054543","h3_hexagon":599508546467397631,"downloaders":{"size":31,"mobile":0,"satellite":0,"tor":0,"tor_exit_nodes":0,"vpn":0,"relay":0,"proxy":0,"hosting":0,"service":0},"uploaders":{"size":3,"mobile":0,"satellite":0,"tor":0,"tor_exit_nodes":0,"vpn":0,"relay":0,"proxy":0,"hosting":0,"service":0}},"geometry":{"type":"Point","coordinates":[19.79952,47.17266]}},{"type":"Feature","properties":{"country_code":"UKR","city":"Kropyvnytskyi","geoname_id":"705812","h3_hexagon":599511032179720191,"downloaders":{"size":31,"mobile":0,"satellite":0,"tor":0,"tor_exit_nodes":0,"vpn":0,"relay":0,"proxy":0,"hosting":0,"service":0},"uploaders":{"size":4,"mobile":0,"satellite":0,"tor":0,"tor_exit_nodes":0,"vpn":0,"relay":0,"proxy":0,"hosting":0,"service":0}},"geometry":{"type":"Point","coordinates":[32.26618,48.50834]}},{"type":"Feature","properties":{"country_code":"USA","city":"Vancouver","geoname_id":"5814616","h3_hexagon":599698934851436543,"downloaders":{"size":30,"mobile":0,"satellite":0,"tor":0,"tor_exit_nodes":0,"vpn":4,"relay":0,"proxy":0,"hosting":0,"service":0},"uploaders":{"size":6,"mobile":0,"satellite":0,"tor":0,"tor_exit_nodes":0,"vpn":1,"relay":0,"proxy":0,"hosting":0,"service":0}},"geometry":{"type":"Point","coordinates":[-122.66149,45.63873]}},{"type":"Feature","properties":{"country_code":"USA","city":"Anaheim","geoname_id":"5323810","h3_hexagon":599711074576498687,"downloaders":{"size":30,"mobile":6,"satellite":0,"tor":0,"tor_exit_nodes":0,"vpn":1,"relay":0,"proxy":0,"hosting":0,"service":1},"uploaders":{"size":6,"mobile":6,"satellite":0,"tor":0,"tor_exit_nodes":0,"vpn":0,"relay":0,"proxy":0,"hosting":0,"service":0}},"geometry":{"type":"Point","coordinates":[-117.9145,33.83529]}},{"type":"Feature","properties":{"country_code":"POL","city":"Świdnik","geoname_id":"757692","h3_hexagon":599509612693028863,"downloaders":{"size":30,"mobile":0,"satellite":0,"tor":0,"tor_exit_nodes":0,"vpn":0,"relay":0,"proxy":0,"hosting":0,"service":0},"uploaders":{"size":10,"mobile":0,"satellite":0,"tor":0,"tor_exit_nodes":0,"vpn":0,"relay":0,"proxy":0,"hosting":0,"service":0}},"geometry":{"type":"Point","coordinates":[22.69621,51.21898]}},{"type":"Feature","properties":{"country_code":"USA","city":"Dallas","geoname_id":"4684888","h3_hexagon":599661243292188671,"downloaders":{"size":30,"mobile":1,"satellite":0,"tor":0,"tor_exit_nodes":0,"vpn":28,"relay":0,"proxy":0,"hosting":28,"service":28},"uploaders":{"size":18,"mobile":0,"satellite":0,"tor":0,"tor_exit_nodes":0,"vpn":18,"relay":0,"proxy":0,"hosting":18,"service":18}},"geometry":{"type":"Point","coordinates":[-96.7776,32.7673]}},{"type":"Feature","properties":{"country_code":"BOL","city":"La Paz","geoname_id":"3911925","h3_hexagon":602130077467017215,"downloaders":{"size":29,"mobile":1,"satellite":0,"tor":0,"tor_exit_nodes":0,"vpn":0,"relay":0,"proxy":0,"hosting":0,"service":0},"uploaders":{"size":3,"mobile":0,"satellite":0,"tor":0,"tor_exit_nodes":0,"vpn":0,"relay":0,"proxy":0,"hosting":0,"service":0}},"geometry":{"type":"Point","coordinates":[-68.15,-16.5]}},{"type":"Feature","properties":{"country_code":"GRC","city":"Lamía","geoname_id":"258620","h3_hexagon":599521793220280319,"downloaders":{"size":28,"mobile":25,"satellite":0,"tor":0,"tor_exit_nodes":0,"vpn":0,"relay":0,"proxy":0,"hosting":0,"service":0},"uploaders":{"size":13,"mobile":13,"satellite":0,"tor":0,"tor_exit_nodes":0,"vpn":0,"relay":0,"proxy":0,"hosting":0,"service":0}},"geometry":{"type":"Point","coordinates":[22.4335,38.89947]}},{"type":"Feature","properties":{"country_code":"POL","city":"Częstochowa","geoname_id":"3100946","h3_hexagon":599508966300450815,"downloaders":{"size":28,"mobile":0,"satellite":0,"tor":0,"tor_exit_nodes":0,"vpn":6,"relay":0,"proxy":0,"hosting":5,"service":0},"uploaders":{"size":7,"mobile":0,"satellite":0,"tor":0,"tor_exit_nodes":0,"vpn":0,"relay":0,"proxy":0,"hosting":0,"service":0}},"geometry":{"type":"Point","coordinates":[19.12409,50.79646]}},{"type":"Feature","properties":{"country_code":"SWE","city":"Linköping","geoname_id":"2694762","h3_hexagon":599131845623283711,"downloaders":{"size":27,"mobile":0,"satellite":0,"tor":0,"tor_exit_nodes":0,"vpn":0,"relay":0,"proxy":0,"hosting":0,"service":0},"uploaders":{"size":12,"mobile":0,"satellite":0,"tor":0,"tor_exit_nodes":0,"vpn":0,"relay":0,"proxy":0,"hosting":0,"service":0}},"geometry":{"type":"Point","coordinates":[15.62157,58.41086]}},{"type":"Feature","properties":{"country_code":"CAN","city":"Fredericton","geoname_id":"5957776","h3_hexagon":599737195493851135,"downloaders":{"size":27,"mobile":6,"satellite":0,"tor":0,"tor_exit_nodes":0,"vpn":0,"relay":0,"proxy":0,"hosting":0,"service":0},"uploaders":{"size":9,"mobile":0,"satellite":0,"tor":0,"tor_exit_nodes":0,"vpn":0,"relay":0,"proxy":0,"hosting":0,"service":0}},"geometry":{"type":"Point","coordinates":[-66.66558,45.94541]}},{"type":"Feature","properties":{"country_code":"ROU","city":"Bucharest","geoname_id":"683506","h3_hexagon":599522762809147391,"downloaders":{"size":27,"mobile":0,"satellite":0,"tor":0,"tor_exit_nodes":0,"vpn":25,"relay":0,"proxy":0,"hosting":26,"service":25},"uploaders":{"size":3,"mobile":0,"satellite":0,"tor":0,"tor_exit_nodes":0,"vpn":3,"relay":0,"proxy":0,"hosting":3,"service":3}},"geometry":{"type":"Point","coordinates":[26.1691,44.418]}},{"type":"Feature","properties":{"country_code":"SWE","city":"Norrköping","geoname_id":"2688368","h3_hexagon":599131796231159807,"downloaders":{"size":26,"mobile":0,"satellite":0,"tor":0,"tor_exit_nodes":0,"vpn":0,"relay":0,"proxy":0,"hosting":0,"service":0},"uploaders":{"size":10,"mobile":0,"satellite":0,"tor":0,"tor_exit_nodes":0,"vpn":0,"relay":0,"proxy":0,"hosting":0,"service":0}},"geometry":{"type":"Point","coordinates":[16.1826,58.59419]}},{"type":"Feature","properties":{"country_code":"USA","city":"Boise","geoname_id":"5586437","h3_hexagon":599691524959109119,"downloaders":{"size":26,"mobile":0,"satellite":0,"tor":0,"tor_exit_nodes":0,"vpn":0,"relay":0,"proxy":0,"hosting":0,"service":0},"uploaders":{"size":10,"mobile":0,"satellite":0,"tor":0,"tor_exit_nodes":0,"vpn":0,"relay":0,"proxy":0,"hosting":0,"service":0}},"geometry":{"type":"Point","coordinates":[-116.20345,43.6135]}},{"type":"Feature","properties":{"country_code":"MYS","city":"Johor Bahru","geoname_id":"1732752","h3_hexagon":600758183308296191,"downloaders":{"size":25,"mobile":4,"satellite":0,"tor":0,"tor_exit_nodes":0,"vpn":11,"relay":0,"proxy":0,"hosting":11,"service":11},"uploaders":{"size":9,"mobile":0,"satellite":0,"tor":0,"tor_exit_nodes":0,"vpn":9,"relay":0,"proxy":0,"hosting":9,"service":9}},"geometry":{"type":"Point","coordinates":[103.7578,1.4655]}},{"type":"Feature","properties":{"country_code":"DEU","city":"Salzgitter","geoname_id":"2842150","h3_hexagon":599525305429786623,"downloaders":{"size":25,"mobile":1,"satellite":0,"tor":0,"tor_exit_nodes":0,"vpn":0,"relay":0,"proxy":0,"hosting":0,"service":0},"uploaders":{"size":15,"mobile":0,"satellite":0,"tor":0,"tor_exit_nodes":0,"vpn":0,"relay":0,"proxy":0,"hosting":0,"service":0}},"geometry":{"type":"Point","coordinates":[10.4154,52.15705]}},{"type":"Feature","properties":{"country_code":"THA","city":"Bang Lamung","geoname_id":"1619423","h3_hexagon":600765172293828607,"downloaders":{"size":24,"mobile":0,"satellite":0,"tor":0,"tor_exit_nodes":0,"vpn":10,"relay":0,"proxy":0,"hosting":0,"service":0},"uploaders":{"size":19,"mobile":0,"satellite":0,"tor":0,"tor_exit_nodes":0,"vpn":8,"relay":0,"proxy":0,"hosting":0,"service":0}},"geometry":{"type":"Point","coordinates":[100.92891,13.04704]}},{"type":"Feature","properties":{"country_code":"BIH","city":"Banja Luka","geoname_id":"3204541","h3_hexagon":599518416302243839,"downloaders":{"size":23,"mobile":0,"satellite":0,"tor":0,"tor_exit_nodes":0,"vpn":0,"relay":0,"proxy":0,"hosting":0,"service":0},"uploaders":{"size":7,"mobile":0,"satellite":0,"tor":0,"tor_exit_nodes":0,"vpn":0,"relay":0,"proxy":0,"hosting":0,"service":0}},"geometry":{"type":"Point","coordinates":[17.20629,44.77879]}},{"type":"Feature","properties":{"country_code":"NLD","city":"Soest","geoname_id":"2747034","h3_hexagon":599425778152636415,"downloaders":{"size":23,"mobile":0,"satellite":0,"tor":0,"tor_exit_nodes":0,"vpn":1,"relay":0,"proxy":0,"hosting":0,"service":0},"uploaders":{"size":3,"mobile":0,"satellite":0,"tor":0,"tor_exit_nodes":0,"vpn":0,"relay":0,"proxy":0,"hosting":0,"service":0}},"geometry":{"type":"Point","coordinates":[5.29167,52.17333]}},{"type":"Feature","properties":{"country_code":"USA","city":"New Haven","geoname_id":"4839366","h3_hexagon":599719007381094399,"downloaders":{"size":23,"mobile":0,"satellite":0,"tor":0,"tor_exit_nodes":0,"vpn":19,"relay":0,"proxy":0,"hosting":19,"service":19},"uploaders":{"size":8,"mobile":0,"satellite":0,"tor":0,"tor_exit_nodes":0,"vpn":8,"relay":0,"proxy":0,"hosting":8,"service":8}},"geometry":{"type":"Point","coordinates":[-72.92816,41.30815]}},{"type":"Feature","properties":{"country_code":"USA","city":"St. Petersburg","geoname_id":"4171563","h3_hexagon":600176845526138879,"downloaders":{"size":22,"mobile":0,"satellite":0,"tor":0,"tor_exit_nodes":0,"vpn":0,"relay":0,"proxy":0,"hosting":0,"service":0},"uploaders":{"size":10,"mobile":0,"satellite":0,"tor":0,"tor_exit_nodes":0,"vpn":0,"relay":0,"proxy":0,"hosting":0,"service":0}},"geometry":{"type":"Point","coordinates":[-82.67927,27.77086]}},{"type":"Feature","properties":{"country_code":"USA","city":"Bend","geoname_id":"5713587","h3_hexagon":599694052547362815,"downloaders":{"size":22,"mobile":0,"satellite":0,"tor":0,"tor_exit_nodes":0,"vpn":18,"relay":0,"proxy":0,"hosting":19,"service":18},"uploaders":{"size":14,"mobile":0,"satellite":0,"tor":0,"tor_exit_nodes":0,"vpn":13,"relay":0,"proxy":0,"hosting":13,"service":13}},"geometry":{"type":"Point","coordinates":[-121.31531,44.05817]}},{"type":"Feature","properties":{"country_code":"USA","city":"Southfield","geoname_id":"5010636","h3_hexagon":599729906934349823,"downloaders":{"size":22,"mobile":2,"satellite":0,"tor":0,"tor_exit_nodes":0,"vpn":0,"relay":0,"proxy":0,"hosting":0,"service":0},"uploaders":{"size":12,"mobile":0,"satellite":0,"tor":0,"tor_exit_nodes":0,"vpn":0,"relay":0,"proxy":0,"hosting":0,"service":0}},"geometry":{"type":"Point","coordinates":[-83.22187,42.47337]}},{"type":"Feature","properties":{"country_code":"USA","city":"Lowell","geoname_id":"4942618","h3_hexagon":599720954075021311,"downloaders":{"size":22,"mobile":0,"satellite":0,"tor":0,"tor_exit_nodes":0,"vpn":0,"relay":0,"proxy":0,"hosting":0,"service":0},"uploaders":{"size":11,"mobile":0,"satellite":0,"tor":0,"tor_exit_nodes":0,"vpn":0,"relay":0,"proxy":0,"hosting":0,"service":0}},"geometry":{"type":"Point","coordinates":[-71.31617,42.63342]}},{"type":"Feature","properties":{"country_code":"USA","city":"Melbourne","geoname_id":"4163971","h3_hexagon":600186575774547967,"downloaders":{"size":22,"mobile":3,"satellite":0,"tor":0,"tor_exit_nodes":0,"vpn":0,"relay":0,"proxy":0,"hosting":0,"service":0},"uploaders":{"size":12,"mobile":0,"satellite":0,"tor":0,"tor_exit_nodes":0,"vpn":0,"relay":0,"proxy":0,"hosting":0,"service":0}},"geometry":{"type":"Point","coordinates":[-80.60811,28.08363]}},{"type":"Feature","properties":{"country_code":"NOR","city":"Jørpeland","geoname_id":"3150742","h3_hexagon":599146027605295103,"downloaders":{"size":21,"mobile":0,"satellite":0,"tor":0,"tor_exit_nodes":0,"vpn":0,"relay":0,"proxy":0,"hosting":0,"service":0},"uploaders":{"size":12,"mobile":0,"satellite":0,"tor":0,"tor_exit_nodes":0,"vpn":0,"relay":0,"proxy":0,"hosting":0,"service":0}},"geometry":{"type":"Point","coordinates":[6.04078,59.02251]}},{"type":"Feature","properties":{"country_code":"USA","city":"Livonia","geoname_id":"4999837","h3_hexagon":599729876869578751,"downloaders":{"size":21,"mobile":2,"satellite":0,"tor":0,"tor_exit_nodes":0,"vpn":0,"relay":0,"proxy":0,"hosting":0,"service":0},"uploaders":{"size":13,"mobile":0,"satellite":0,"tor":0,"tor_exit_nodes":0,"vpn":0,"relay":0,"proxy":0,"hosting":0,"service":0}},"geometry":{"type":"Point","coordinates":[-83.35271,42.36837]}},{"type":"Feature","properties":{"country_code":"FRA","city":"Marcq-en-Ostrevent","geoname_id":"2995907","h3_hexagon":599535574696591359,"downloaders":{"size":21,"mobile":0,"satellite":0,"tor":0,"tor_exit_nodes":0,"vpn":2,"relay":0,"proxy":0,"hosting":0,"service":0},"uploaders":{"size":10,"mobile":0,"satellite":0,"tor":0,"tor_exit_nodes":0,"vpn":0,"relay":0,"proxy":0,"hosting":0,"service":0}},"geometry":{"type":"Point","coordinates":[3.23806,50.28557]}},{"type":"Feature","properties":{"country_code":"CZE","city":"Pilsen","geoname_id":"3068160","h3_hexagon":599509871464808447,"downloaders":{"size":21,"mobile":0,"satellite":0,"tor":0,"tor_exit_nodes":0,"vpn":0,"relay":0,"proxy":0,"hosting":13,"service":0},"uploaders":{"size":6,"mobile":0,"satellite":0,"tor":0,"tor_exit_nodes":0,"vpn":0,"relay":0,"proxy":0,"hosting":6,"service":0}},"geometry":{"type":"Point","coordinates":[13.37759,49.74747]}},{"type":"Feature","properties":{"country_code":"USA","city":"Burlingame","geoname_id":"5331920","h3_hexagon":599685776145383423,"downloaders":{"size":21,"mobile":0,"satellite":0,"tor":0,"tor_exit_nodes":0,"vpn":0,"relay":0,"proxy":0,"hosting":0,"service":0},"uploaders":{"size":12,"mobile":0,"satellite":0,"tor":0,"tor_exit_nodes":0,"vpn":0,"relay":0,"proxy":0,"hosting":0,"service":0}},"geometry":{"type":"Point","coordinates":[-122.36608,37.5841]}},{"type":"Feature","properties":{"country_code":"GRC","city":"Akhinós","geoname_id":"265469","h3_hexagon":599521805031440383,"downloaders":{"size":20,"mobile":20,"satellite":0,"tor":0,"tor_exit_nodes":0,"vpn":0,"relay":0,"proxy":0,"hosting":0,"service":0},"uploaders":{"size":7,"mobile":7,"satellite":0,"tor":0,"tor_exit_nodes":0,"vpn":0,"relay":0,"proxy":0,"hosting":0,"service":0}},"geometry":{"type":"Point","coordinates":[22.72483,38.89284]}},{"type":"Feature","properties":{"country_code":"FRA","city":"Béziers","geoname_id":"3032833","h3_hexagon":599988199825080319,"downloaders":{"size":20,"mobile":0,"satellite":0,"tor":0,"tor_exit_nodes":0,"vpn":0,"relay":0,"proxy":0,"hosting":0,"service":0},"uploaders":{"size":10,"mobile":0,"satellite":0,"tor":0,"tor_exit_nodes":0,"vpn":0,"relay":0,"proxy":0,"hosting":0,"service":0}},"geometry":{"type":"Point","coordinates":[3.21402,43.34122]}},{"type":"Feature","properties":{"country_code":"USA","city":"Germantown","geoname_id":"4624601","h3_hexagon":599653418935517183,"downloaders":{"size":19,"mobile":15,"satellite":0,"tor":0,"tor_exit_nodes":0,"vpn":0,"relay":0,"proxy":0,"hosting":0,"service":0},"uploaders":{"size":10,"mobile":10,"satellite":0,"tor":0,"tor_exit_nodes":0,"vpn":0,"relay":0,"proxy":0,"hosting":0,"service":0}},"geometry":{"type":"Point","coordinates":[-89.81009,35.08676]}},{"type":"Feature","properties":{"country_code":"BHR","city":"Manama","geoname_id":"290340","h3_hexagon":600446465319370751,"downloaders":{"size":19,"mobile":2,"satellite":0,"tor":0,"tor_exit_nodes":0,"vpn":0,"relay":0,"proxy":0,"hosting":0,"service":0},"uploaders":{"size":3,"mobile":0,"satellite":0,"tor":0,"tor_exit_nodes":0,"vpn":0,"relay":0,"proxy":0,"hosting":0,"service":0}},"geometry":{"type":"Point","coordinates":[50.58565,26.22787]}},{"type":"Feature","properties":{"country_code":"USA","city":"Vacaville","geoname_id":"5405228","h3_hexagon":599685739638161407,"downloaders":{"size":19,"mobile":0,"satellite":0,"tor":0,"tor_exit_nodes":0,"vpn":0,"relay":0,"proxy":0,"hosting":0,"service":0},"uploaders":{"size":13,"mobile":0,"satellite":0,"tor":0,"tor_exit_nodes":0,"vpn":0,"relay":0,"proxy":0,"hosting":0,"service":0}},"geometry":{"type":"Point","coordinates":[-121.98774,38.35658]}},{"type":"Feature","properties":{"country_code":"NOR","city":"Lillestrøm","geoname_id":"3147465","h3_hexagon":599147606005776383,"downloaders":{"size":19,"mobile":0,"satellite":0,"tor":0,"tor_exit_nodes":0,"vpn":0,"relay":0,"proxy":0,"hosting":0,"service":0},"uploaders":{"size":9,"mobile":0,"satellite":0,"tor":0,"tor_exit_nodes":0,"vpn":0,"relay":0,"proxy":0,"hosting":0,"service":0}},"geometry":{"type":"Point","coordinates":[11.04918,59.95597]}},{"type":"Feature","properties":{"country_code":"USA","city":"Algonquin","geoname_id":"4883078","h3_hexagon":599670977835565055,"downloaders":{"size":18,"mobile":0,"satellite":0,"tor":0,"tor_exit_nodes":0,"vpn":0,"relay":0,"proxy":0,"hosting":0,"service":0},"uploaders":{"size":11,"mobile":0,"satellite":0,"tor":0,"tor_exit_nodes":0,"vpn":0,"relay":0,"proxy":0,"hosting":0,"service":0}},"geometry":{"type":"Point","coordinates":[-88.29425,42.16558]}},{"type":"Feature","properties":{"country_code":"GBR","city":"Broadstairs","geoname_id":"2654635","h3_hexagon":599423555507060735,"downloaders":{"size":18,"mobile":0,"satellite":0,"tor":0,"tor_exit_nodes":0,"vpn":0,"relay":0,"proxy":0,"hosting":0,"service":0},"uploaders":{"size":11,"mobile":0,"satellite":0,"tor":0,"tor_exit_nodes":0,"vpn":0,"relay":0,"proxy":0,"hosting":0,"service":0}},"geometry":{"type":"Point","coordinates":[1.44185,51.35845]}},{"type":"Feature","properties":{"country_code":"USA","city":"Albany","geoname_id":"5322850","h3_hexagon":599685775071641599,"downloaders":{"size":18,"mobile":0,"satellite":0,"tor":0,"tor_exit_nodes":0,"vpn":0,"relay":0,"proxy":0,"hosting":0,"service":0},"uploaders":{"size":4,"mobile":0,"satellite":0,"tor":0,"tor_exit_nodes":0,"vpn":0,"relay":0,"proxy":0,"hosting":0,"service":0}},"geometry":{"type":"Point","coordinates":[-122.29775,37.88687]}},{"type":"Feature","properties":{"country_code":"RUS","city":"Vidnoye","geoname_id":"473778","h3_hexagon":599286731807653887,"downloaders":{"size":18,"mobile":0,"satellite":0,"tor":0,"tor_exit_nodes":0,"vpn":0,"relay":0,"proxy":0,"hosting":0,"service":0},"uploaders":{"size":4,"mobile":0,"satellite":0,"tor":0,"tor_exit_nodes":0,"vpn":0,"relay":0,"proxy":0,"hosting":0,"service":0}},"geometry":{"type":"Point","coordinates":[37.70885,55.5523]}},{"type":"Feature","properties":{"country_code":"USA","city":"Dardenne Prairie","geoname_id":"4383306","h3_hexagon":599652079979462655,"downloaders":{"size":18,"mobile":0,"satellite":0,"tor":0,"tor_exit_nodes":0,"vpn":0,"relay":0,"proxy":0,"hosting":0,"service":0},"uploaders":{"size":12,"mobile":0,"satellite":0,"tor":0,"tor_exit_nodes":0,"vpn":0,"relay":0,"proxy":0,"hosting":0,"service":0}},"geometry":{"type":"Point","coordinates":[-90.72902,38.7695]}},{"type":"Feature","properties":{"country_code":"USA","city":"Worcester","geoname_id":"4956184","h3_hexagon":599721186003255295,"downloaders":{"size":18,"mobile":0,"satellite":0,"tor":0,"tor_exit_nodes":0,"vpn":0,"relay":0,"proxy":0,"hosting":0,"service":0},"uploaders":{"size":8,"mobile":0,"satellite":0,"tor":0,"tor_exit_nodes":0,"vpn":0,"relay":0,"proxy":0,"hosting":0,"service":0}},"geometry":{"type":"Point","coordinates":[-71.80229,42.26259]}},{"type":"Feature","properties":{"country_code":"USA","city":"Chapel Hill","geoname_id":"4460162","h3_hexagon":599727219358564351,"downloaders":{"size":17,"mobile":2,"satellite":0,"tor":0,"tor_exit_nodes":0,"vpn":0,"relay":0,"proxy":0,"hosting":0,"service":0},"uploaders":{"size":12,"mobile":0,"satellite":0,"tor":0,"tor_exit_nodes":0,"vpn":0,"relay":0,"proxy":0,"hosting":0,"service":0}},"geometry":{"type":"Point","coordinates":[-79.05584,35.9132]}},{"type":"Feature","properties":{"country_code":"USA","city":"Mountain View","geoname_id":"5375480","h3_hexagon":599686043507097599,"downloaders":{"size":17,"mobile":0,"satellite":0,"tor":0,"tor_exit_nodes":0,"vpn":0,"relay":0,"proxy":0,"hosting":1,"service":0},"uploaders":{"size":7,"mobile":0,"satellite":0,"tor":0,"tor_exit_nodes":0,"vpn":0,"relay":0,"proxy":0,"hosting":0,"service":0}},"geometry":{"type":"Point","coordinates":[-122.0783,37.3893]}},{"type":"Feature","properties":{"country_code":"FRA","city":"Plougastel-Daoulas","geoname_id":"2986674","h3_hexagon":599408756123500543,"downloaders":{"size":17,"mobile":11,"satellite":0,"tor":0,"tor_exit_nodes":0,"vpn":0,"relay":0,"proxy":0,"hosting":0,"service":0},"uploaders":{"size":5,"mobile":5,"satellite":0,"tor":0,"tor_exit_nodes":0,"vpn":0,"relay":0,"proxy":0,"hosting":0,"service":0}},"geometry":{"type":"Point","coordinates":[-4.36978,48.37368]}},{"type":"Feature","properties":{"country_code":"CAN","city":"Drumheller","geoname_id":"5942798","h3_hexagon":599311612553199615,"downloaders":{"size":17,"mobile":0,"satellite":0,"tor":0,"tor_exit_nodes":0,"vpn":0,"relay":0,"proxy":0,"hosting":0,"service":0},"uploaders":{"size":11,"mobile":0,"satellite":0,"tor":0,"tor_exit_nodes":0,"vpn":0,"relay":0,"proxy":0,"hosting":0,"service":0}},"geometry":{"type":"Point","coordinates":[-112.71011,51.46171]}},{"type":"Feature","properties":{"country_code":"POL","city":"Otwock","geoname_id":"762788","h3_hexagon":599529834472800255,"downloaders":{"size":16,"mobile":0,"satellite":0,"tor":0,"tor_exit_nodes":0,"vpn":0,"relay":0,"proxy":0,"hosting":11,"service":0},"uploaders":{"size":9,"mobile":0,"satellite":0,"tor":0,"tor_exit_nodes":0,"vpn":0,"relay":0,"proxy":0,"hosting":9,"service":0}},"geometry":{"type":"Point","coordinates":[21.26129,52.10577]}},{"type":"Feature","properties":{"country_code":"MYS","city":"Rawang","geoname_id":"1735150","h3_hexagon":600755938114142207,"downloaders":{"size":16,"mobile":0,"satellite":0,"tor":0,"tor_exit_nodes":0,"vpn":1,"relay":0,"proxy":0,"hosting":0,"service":0},"uploaders":{"size":11,"mobile":0,"satellite":0,"tor":0,"tor_exit_nodes":0,"vpn":0,"relay":0,"proxy":0,"hosting":0,"service":0}},"geometry":{"type":"Point","coordinates":[101.5767,3.3213]}},{"type":"Feature","properties":{"country_code":"SRB","city":"Vršac","geoname_id":"784136","h3_hexagon":599522329017450495,"downloaders":{"size":16,"mobile":0,"satellite":0,"tor":0,"tor_exit_nodes":0,"vpn":0,"relay":0,"proxy":0,"hosting":0,"service":0},"uploaders":{"size":9,"mobile":0,"satellite":0,"tor":0,"tor_exit_nodes":0,"vpn":0,"relay":0,"proxy":0,"hosting":0,"service":0}},"geometry":{"type":"Point","coordinates":[21.30361,45.11667]}},{"type":"Feature","properties":{"country_code":"SVN","city":"Kamnik","geoname_id":"3198365","h3_hexagon":599507801290571775,"downloaders":{"size":16,"mobile":0,"satellite":0,"tor":0,"tor_exit_nodes":0,"vpn":0,"relay":0,"proxy":0,"hosting":0,"service":0},"uploaders":{"size":12,"mobile":0,"satellite":0,"tor":0,"tor_exit_nodes":0,"vpn":0,"relay":0,"proxy":0,"hosting":0,"service":0}},"geometry":{"type":"Point","coordinates":[14.61207,46.22587]}},{"type":"Feature","properties":{"country_code":"USA","city":"Milpitas","geoname_id":"5373327","h3_hexagon":599686044580839423,"downloaders":{"size":15,"mobile":0,"satellite":0,"tor":0,"tor_exit_nodes":0,"vpn":0,"relay":0,"proxy":0,"hosting":0,"service":0},"uploaders":{"size":4,"mobile":0,"satellite":0,"tor":0,"tor_exit_nodes":0,"vpn":0,"relay":0,"proxy":0,"hosting":0,"service":0}},"geometry":{"type":"Point","coordinates":[-121.90662,37.42827]}},{"type":"Feature","properties":{"country_code":"EST","city":"Tallinn","geoname_id":"588409","h3_hexagon":599130193134616575,"downloaders":{"size":15,"mobile":0,"satellite":0,"tor":10,"tor_exit_nodes":0,"vpn":10,"relay":0,"proxy":0,"hosting":12,"service":10},"uploaders":{"size":9,"mobile":0,"satellite":0,"tor":9,"tor_exit_nodes":0,"vpn":9,"relay":0,"proxy":0,"hosting":9,"service":9}},"geometry":{"type":"Point","coordinates":[24.70535,59.40165]}},{"type":"Feature","properties":{"country_code":"USA","city":"San Luis Obispo","geoname_id":"5392323","h3_hexagon":599711972224663551,"downloaders":{"size":15,"mobile":0,"satellite":0,"tor":0,"tor_exit_nodes":0,"vpn":0,"relay":0,"proxy":0,"hosting":0,"service":0},"uploaders":{"size":12,"mobile":0,"satellite":0,"tor":0,"tor_exit_nodes":0,"vpn":0,"relay":0,"proxy":0,"hosting":0,"service":0}},"geometry":{"type":"Point","coordinates":[-120.65962,35.28275]}},{"type":"Feature","properties":{"country_code":"CAN","city":"Regina","geoname_id":"6119109","h3_hexagon":599675854770929663,"downloaders":{"size":14,"mobile":5,"satellite":0,"tor":4,"tor_exit_nodes":0,"vpn":0,"relay":0,"proxy":0,"hosting":0,"service":0},"uploaders":{"size":6,"mobile":1,"satellite":0,"tor":4,"tor_exit_nodes":0,"vpn":0,"relay":0,"proxy":0,"hosting":0,"service":0}},"geometry":{"type":"Point","coordinates":[-104.6178,50.45008]}},{"type":"Feature","properties":{"country_code":"AUS","city":"Sunshine Coast","geoname_id":"10630449","h3_hexagon":602330659955933183,"downloaders":{"size":14,"mobile":0,"satellite":0,"tor":0,"tor_exit_nodes":0,"vpn":0,"relay":0,"proxy":0,"hosting":0,"service":0},"uploaders":{"size":3,"mobile":0,"satellite":0,"tor":0,"tor_exit_nodes":0,"vpn":0,"relay":0,"proxy":0,"hosting":0,"service":0}},"geometry":{"type":"Point","coordinates":[153.07955,-26.65682]}},{"type":"Feature","properties":{"country_code":"USA","city":"Bloomington","geoname_id":"4254679","h3_hexagon":599654699909513215,"downloaders":{"size":14,"mobile":0,"satellite":0,"tor":0,"tor_exit_nodes":0,"vpn":0,"relay":0,"proxy":0,"hosting":0,"service":0},"uploaders":{"size":11,"mobile":0,"satellite":0,"tor":0,"tor_exit_nodes":0,"vpn":0,"relay":0,"proxy":0,"hosting":0,"service":0}},"geometry":{"type":"Point","coordinates":[-86.52639,39.16533]}},{"type":"Feature","properties":{"country_code":"USA","city":"Dover","geoname_id":"4142290","h3_hexagon":599729534345936895,"downloaders":{"size":13,"mobile":0,"satellite":0,"tor":0,"tor_exit_nodes":0,"vpn":0,"relay":0,"proxy":0,"hosting":0,"service":0},"uploaders":{"size":8,"mobile":0,"satellite":0,"tor":0,"tor_exit_nodes":0,"vpn":0,"relay":0,"proxy":0,"hosting":0,"service":0}},"geometry":{"type":"Point","coordinates":[-75.52437,39.15817]}},{"type":"Feature","properties":{"country_code":"ITA","city":"Cuneo","geoname_id":"3177700","h3_hexagon":599534693154553855,"downloaders":{"size":13,"mobile":0,"satellite":0,"tor":0,"tor_exit_nodes":0,"vpn":0,"relay":0,"proxy":0,"hosting":0,"service":0},"uploaders":{"size":8,"mobile":0,"satellite":0,"tor":0,"tor_exit_nodes":0,"vpn":0,"relay":0,"proxy":0,"hosting":0,"service":0}},"geometry":{"type":"Point","coordinates":[7.54828,44.39071]}},{"type":"Feature","properties":{"country_code":"ROU","city":"Orăştie","geoname_id":"671757","h3_hexagon":599522194799722495,"downloaders":{"size":13,"mobile":0,"satellite":0,"tor":0,"tor_exit_nodes":0,"vpn":0,"relay":0,"proxy":0,"hosting":13,"service":0},"uploaders":{"size":12,"mobile":0,"satellite":0,"tor":0,"tor_exit_nodes":0,"vpn":0,"relay":0,"proxy":0,"hosting":12,"service":0}},"geometry":{"type":"Point","coordinates":[23.2,45.83333]}},{"type":"Feature","properties":{"country_code":"USA","city":"Galesburg","geoname_id":"4893392","h3_hexagon":599655324827254783,"downloaders":{"size":13,"mobile":0,"satellite":0,"tor":0,"tor_exit_nodes":0,"vpn":0,"relay":0,"proxy":0,"hosting":0,"service":0},"uploaders":{"size":11,"mobile":0,"satellite":0,"tor":0,"tor_exit_nodes":0,"vpn":0,"relay":0,"proxy":0,"hosting":0,"service":0}},"geometry":{"type":"Point","coordinates":[-90.37124,40.94782]}},{"type":"Feature","properties":{"country_code":"NOR","city":"Horten","geoname_id":"3151770","h3_hexagon":599147618890678271,"downloaders":{"size":13,"mobile":0,"satellite":0,"tor":0,"tor_exit_nodes":0,"vpn":8,"relay":0,"proxy":0,"hosting":0,"service":0},"uploaders":{"size":7,"mobile":0,"satellite":0,"tor":0,"tor_exit_nodes":0,"vpn":7,"relay":0,"proxy":0,"hosting":0,"service":0}},"geometry":{"type":"Point","coordinates":[10.48343,59.41721]}},{"type":"Feature","properties":{"country_code":"IND","city":"Patna","geoname_id":"1260086","h3_hexagon":600035625927704575,"downloaders":{"size":13,"mobile":4,"satellite":0,"tor":0,"tor_exit_nodes":0,"vpn":0,"relay":0,"proxy":0,"hosting":0,"service":0},"uploaders":{"size":3,"mobile":2,"satellite":0,"tor":0,"tor_exit_nodes":0,"vpn":0,"relay":0,"proxy":0,"hosting":0,"service":0}},"geometry":{"type":"Point","coordinates":[85.13563,25.59408]}},{"type":"Feature","properties":{"country_code":"USA","city":"Saginaw","geoname_id":"5007989","h3_hexagon":599670194004033535,"downloaders":{"size":13,"mobile":0,"satellite":0,"tor":0,"tor_exit_nodes":0,"vpn":0,"relay":0,"proxy":0,"hosting":0,"service":0},"uploaders":{"size":11,"mobile":0,"satellite":0,"tor":0,"tor_exit_nodes":0,"vpn":0,"relay":0,"proxy":0,"hosting":0,"service":0}},"geometry":{"type":"Point","coordinates":[-83.95081,43.41947]}},{"type":"Feature","properties":{"country_code":"DEU","city":"Limburg an der Lahn","geoname_id":"2877648","h3_hexagon":599536105125052415,"downloaders":{"size":13,"mobile":0,"satellite":0,"tor":0,"tor_exit_nodes":0,"vpn":0,"relay":0,"proxy":0,"hosting":0,"service":0},"uploaders":{"size":8,"mobile":0,"satellite":0,"tor":0,"tor_exit_nodes":0,"vpn":0,"relay":0,"proxy":0,"hosting":0,"service":0}},"geometry":{"type":"Point","coordinates":[8.0503,50.3836]}},{"type":"Feature","properties":{"country_code":"USA","city":"Frisco","geoname_id":"4692559","h3_hexagon":599661001700278271,"downloaders":{"size":13,"mobile":4,"satellite":0,"tor":0,"tor_exit_nodes":0,"vpn":2,"relay":0,"proxy":0,"hosting":0,"service":0},"uploaders":{"size":4,"mobile":3,"satellite":0,"tor":0,"tor_exit_nodes":0,"vpn":0,"relay":0,"proxy":0,"hosting":0,"service":0}},"geometry":{"type":"Point","coordinates":[-96.82361,33.15067]}},{"type":"Feature","properties":{"country_code":"NOR","city":"Lillehammer","geoname_id":"3147474","h3_hexagon":599146663260454911,"downloaders":{"size":13,"mobile":0,"satellite":0,"tor":0,"tor_exit_nodes":0,"vpn":0,"relay":0,"proxy":0,"hosting":0,"service":0},"uploaders":{"size":9,"mobile":0,"satellite":0,"tor":0,"tor_exit_nodes":0,"vpn":0,"relay":0,"proxy":0,"hosting":0,"service":0}},"geometry":{"type":"Point","coordinates":[10.46628,61.11514]}},{"type":"Feature","properties":{"country_code":"GBR","city":"Peterborough","geoname_id":"2640354","h3_hexagon":599423161443811327,"downloaders":{"size":13,"mobile":0,"satellite":0,"tor":0,"tor_exit_nodes":0,"vpn":0,"relay":0,"proxy":0,"hosting":11,"service":0},"uploaders":{"size":3,"mobile":0,"satellite":0,"tor":0,"tor_exit_nodes":0,"vpn":0,"relay":0,"proxy":0,"hosting":3,"service":0}},"geometry":{"type":"Point","coordinates":[-0.24777,52.57364]}},{"type":"Feature","properties":{"country_code":"USA","city":"De Pere","geoname_id":"5250201","h3_hexagon":599669468154560511,"downloaders":{"size":12,"mobile":0,"satellite":0,"tor":0,"tor_exit_nodes":0,"vpn":0,"relay":0,"proxy":0,"hosting":0,"service":0},"uploaders":{"size":12,"mobile":0,"satellite":0,"tor":0,"tor_exit_nodes":0,"vpn":0,"relay":0,"proxy":0,"hosting":0,"service":0}},"geometry":{"type":"Point","coordinates":[-88.06038,44.44888]}},{"type":"Feature","properties":{"country_code":"NLD","city":"Steenwijk","geoname_id":"2746766","h3_hexagon":599426061620477951,"downloaders":{"size":12,"mobile":0,"satellite":0,"tor":0,"tor_exit_nodes":0,"vpn":0,"relay":0,"proxy":0,"hosting":0,"service":0},"uploaders":{"size":7,"mobile":0,"satellite":0,"tor":0,"tor_exit_nodes":0,"vpn":0,"relay":0,"proxy":0,"hosting":0,"service":0}},"geometry":{"type":"Point","coordinates":[6.12083,52.7875]}},{"type":"Feature","properties":{"country_code":"USA","city":"Fishers","geoname_id":"4257494","h3_hexagon":599727676772581375,"downloaders":{"size":12,"mobile":0,"satellite":0,"tor":0,"tor_exit_nodes":0,"vpn":0,"relay":0,"proxy":0,"hosting":0,"service":0},"uploaders":{"size":10,"mobile":0,"satellite":0,"tor":0,"tor_exit_nodes":0,"vpn":0,"relay":0,"proxy":0,"hosting":0,"service":0}},"geometry":{"type":"Point","coordinates":[-86.01387,39.95559]}},{"type":"Feature","properties":{"country_code":"USA","city":"Burien","geoname_id":"5788516","h3_hexagon":599697130965172223,"downloaders":{"size":12,"mobile":0,"satellite":0,"tor":0,"tor_exit_nodes":0,"vpn":0,"relay":0,"proxy":0,"hosting":0,"service":0},"uploaders":{"size":10,"mobile":0,"satellite":0,"tor":0,"tor_exit_nodes":0,"vpn":0,"relay":0,"proxy":0,"hosting":0,"service":0}},"geometry":{"type":"Point","coordinates":[-122.34679,47.47038]}},{"type":"Feature","properties":{"country_code":"CAN","city":"Nepean","geoname_id":"6087029","h3_hexagon":599744260715053055,"downloaders":{"size":12,"mobile":0,"satellite":0,"tor":0,"tor_exit_nodes":0,"vpn":0,"relay":0,"proxy":0,"hosting":0,"service":0},"uploaders":{"size":4,"mobile":0,"satellite":0,"tor":0,"tor_exit_nodes":0,"vpn":0,"relay":0,"proxy":0,"hosting":0,"service":0}},"geometry":{"type":"Point","coordinates":[-75.7225,45.33619]}},{"type":"Feature","properties":{"country_code":"USA","city":"Cleveland Heights","geoname_id":"4833320","h3_hexagon":599729958473957375,"downloaders":{"size":12,"mobile":0,"satellite":0,"tor":0,"tor_exit_nodes":0,"vpn":0,"relay":0,"proxy":0,"hosting":0,"service":0},"uploaders":{"size":8,"mobile":0,"satellite":0,"tor":0,"tor_exit_nodes":0,"vpn":0,"relay":0,"proxy":0,"hosting":0,"service":0}},"geometry":{"type":"Point","coordinates":[-81.55624,41.52005]}},{"type":"Feature","properties":{"country_code":"USA","city":"Charleston","geoname_id":"4612805","h3_hexagon":600188768355352575,"downloaders":{"size":12,"mobile":12,"satellite":0,"tor":0,"tor_exit_nodes":0,"vpn":0,"relay":0,"proxy":0,"hosting":0,"service":0},"uploaders":{"size":11,"mobile":11,"satellite":0,"tor":0,"tor_exit_nodes":0,"vpn":0,"relay":0,"proxy":0,"hosting":0,"service":0}},"geometry":{"type":"Point","coordinates":[-84.75827,35.2873]}},{"type":"Feature","properties":{"country_code":"CAN","city":"Quinte West","geoname_id":"6115355","h3_hexagon":599746030241579007,"downloaders":{"size":12,"mobile":0,"satellite":0,"tor":0,"tor_exit_nodes":0,"vpn":0,"relay":0,"proxy":0,"hosting":0,"service":0},"uploaders":{"size":8,"mobile":0,"satellite":0,"tor":0,"tor_exit_nodes":0,"vpn":0,"relay":0,"proxy":0,"hosting":0,"service":0}},"geometry":{"type":"Point","coordinates":[-77.56618,44.18342]}},{"type":"Feature","properties":{"country_code":"USA","city":"North Highlands","geoname_id":"5377640","h3_hexagon":599685924321755135,"downloaders":{"size":11,"mobile":0,"satellite":0,"tor":0,"tor_exit_nodes":0,"vpn":0,"relay":0,"proxy":0,"hosting":0,"service":0},"uploaders":{"size":5,"mobile":0,"satellite":0,"tor":0,"tor_exit_nodes":0,"vpn":0,"relay":0,"proxy":0,"hosting":0,"service":0}},"geometry":{"type":"Point","coordinates":[-121.37217,38.68574]}},{"type":"Feature","properties":{"country_code":"THA","city":"Si Racha","geoname_id":"1606250","h3_hexagon":600765059550937087,"downloaders":{"size":11,"mobile":0,"satellite":0,"tor":0,"tor_exit_nodes":0,"vpn":0,"relay":0,"proxy":0,"hosting":0,"service":0},"uploaders":{"size":8,"mobile":0,"satellite":0,"tor":0,"tor_exit_nodes":0,"vpn":0,"relay":0,"proxy":0,"hosting":0,"service":0}},"geometry":{"type":"Point","coordinates":[100.93159,13.17283]}},{"type":"Feature","properties":{"country_code":"ISL","city":"Reykjanesbær","geoname_id":"8644037","h3_hexagon":599108287727665151,"downloaders":{"size":11,"mobile":0,"satellite":0,"tor":0,"tor_exit_nodes":0,"vpn":10,"relay":0,"proxy":0,"hosting":11,"service":10},"uploaders":{"size":6,"mobile":0,"satellite":0,"tor":0,"tor_exit_nodes":0,"vpn":6,"relay":0,"proxy":0,"hosting":6,"service":6}},"geometry":{"type":"Point","coordinates":[-22.56111,63.99813]}},{"type":"Feature","properties":{"country_code":"NLD","city":"Wemeldinge","geoname_id":"2744839","h3_hexagon":599425917739073535,"downloaders":{"size":11,"mobile":0,"satellite":0,"tor":0,"tor_exit_nodes":0,"vpn":0,"relay":0,"proxy":0,"hosting":0,"service":0},"uploaders":{"size":10,"mobile":0,"satellite":0,"tor":0,"tor_exit_nodes":0,"vpn":0,"relay":0,"proxy":0,"hosting":0,"service":0}},"geometry":{"type":"Point","coordinates":[3.99722,51.51833]}},{"type":"Feature","properties":{"country_code":"USA","city":"Missoula","geoname_id":"5666639","h3_hexagon":599693306296795135,"downloaders":{"size":11,"mobile":0,"satellite":0,"tor":0,"tor_exit_nodes":0,"vpn":0,"relay":0,"proxy":0,"hosting":0,"service":0},"uploaders":{"size":3,"mobile":0,"satellite":0,"tor":0,"tor_exit_nodes":0,"vpn":0,"relay":0,"proxy":0,"hosting":0,"service":0}},"geometry":{"type":"Point","coordinates":[-113.994,46.87215]}},{"type":"Feature","properties":{"country_code":"USA","city":"Prescott","geoname_id":"5268045","h3_hexagon":599650312600420351,"downloaders":{"size":10,"mobile":0,"satellite":0,"tor":0,"tor_exit_nodes":0,"vpn":0,"relay":0,"proxy":0,"hosting":0,"service":0},"uploaders":{"size":9,"mobile":0,"satellite":0,"tor":0,"tor_exit_nodes":0,"vpn":0,"relay":0,"proxy":0,"hosting":0,"service":0}},"geometry":{"type":"Point","coordinates":[-92.80215,44.74886]}},{"type":"Feature","properties":{"country_code":"USA","city":"Little Rock","geoname_id":"4119403","h3_hexagon":599653528457183231,"downloaders":{"size":10,"mobile":0,"satellite":0,"tor":0,"tor_exit_nodes":0,"vpn":0,"relay":0,"proxy":0,"hosting":0,"service":0},"uploaders":{"size":6,"mobile":0,"satellite":0,"tor":0,"tor_exit_nodes":0,"vpn":0,"relay":0,"proxy":0,"hosting":0,"service":0}},"geometry":{"type":"Point","coordinates":[-92.28959,34.74648]}},{"type":"Feature","properties":{"country_code":"USA","city":"Northport","geoname_id":"4080555","h3_hexagon":600191317418442751,"downloaders":{"size":10,"mobile":10,"satellite":0,"tor":0,"tor_exit_nodes":0,"vpn":0,"relay":0,"proxy":0,"hosting":0,"service":0},"uploaders":{"size":9,"mobile":9,"satellite":0,"tor":0,"tor_exit_nodes":0,"vpn":0,"relay":0,"proxy":0,"hosting":0,"service":0}},"geometry":{"type":"Point","coordinates":[-87.57723,33.22901]}},{"type":"Feature","properties":{"country_code":"FRA","city":"Amboise","geoname_id":"3037902","h3_hexagon":599408389977538559,"downloaders":{"size":10,"mobile":0,"satellite":0,"tor":0,"tor_exit_nodes":0,"vpn":0,"relay":0,"proxy":0,"hosting":0,"service":0},"uploaders":{"size":10,"mobile":0,"satellite":0,"tor":0,"tor_exit_nodes":0,"vpn":0,"relay":0,"proxy":0,"hosting":0,"service":0}},"geometry":{"type":"Point","coordinates":[0.98266,47.41249]}},{"type":"Feature","properties":{"country_code":"BGR","city":"Godech","geoname_id":"731384","h3_hexagon":599519989334015999,"downloaders":{"size":10,"mobile":0,"satellite":0,"tor":0,"tor_exit_nodes":0,"vpn":0,"relay":0,"proxy":0,"hosting":0,"service":0},"uploaders":{"size":8,"mobile":0,"satellite":0,"tor":0,"tor_exit_nodes":0,"vpn":0,"relay":0,"proxy":0,"hosting":0,"service":0}},"geometry":{"type":"Point","coordinates":[23.04852,43.01682]}},{"type":"Feature","properties":{"country_code":"USA","city":"Vista","geoname_id":"5406602","h3_hexagon":599711332274536447,"downloaders":{"size":10,"mobile":0,"satellite":0,"tor":0,"tor_exit_nodes":0,"vpn":0,"relay":0,"proxy":0,"hosting":0,"service":0},"uploaders":{"size":3,"mobile":0,"satellite":0,"tor":0,"tor_exit_nodes":0,"vpn":0,"relay":0,"proxy":0,"hosting":0,"service":0}},"geometry":{"type":"Point","coordinates":[-117.24254,33.20004]}},{"type":"Feature","properties":{"country_code":"BRA","city":"Nova Petrópolis","geoname_id":"3456127","h3_hexagon":601952794101940223,"downloaders":{"size":9,"mobile":0,"satellite":0,"tor":0,"tor_exit_nodes":0,"vpn":0,"relay":0,"proxy":0,"hosting":0,"service":0},"uploaders":{"size":8,"mobile":0,"satellite":0,"tor":0,"tor_exit_nodes":0,"vpn":0,"relay":0,"proxy":0,"hosting":0,"service":0}},"geometry":{"type":"Point","coordinates":[-51.11444,-29.37639]}},{"type":"Feature","properties":{"country_code":"DEU","city":"Langenzenn","geoname_id":"2880862","h3_hexagon":599535897892880383,"downloaders":{"size":9,"mobile":0,"satellite":0,"tor":0,"tor_exit_nodes":0,"vpn":0,"relay":0,"proxy":0,"hosting":0,"service":0},"uploaders":{"size":5,"mobile":0,"satellite":0,"tor":0,"tor_exit_nodes":0,"vpn":0,"relay":0,"proxy":0,"hosting":0,"service":0}},"geometry":{"type":"Point","coordinates":[10.7923,49.49463]}},{"type":"Feature","properties":{"country_code":"NOR","city":"Lakselv","geoname_id":"779082","h3_hexagon":598999003358560255,"downloaders":{"size":9,"mobile":0,"satellite":0,"tor":0,"tor_exit_nodes":0,"vpn":0,"relay":0,"proxy":0,"hosting":0,"service":0},"uploaders":{"size":9,"mobile":0,"satellite":0,"tor":0,"tor_exit_nodes":0,"vpn":0,"relay":0,"proxy":0,"hosting":0,"service":0}},"geometry":{"type":"Point","coordinates":[24.97182,70.05133]}},{"type":"Feature","properties":{"country_code":"DEU","city":"Ramstein-Miesenbach","geoname_id":"2850536","h3_hexagon":599533288700248063,"downloaders":{"size":8,"mobile":0,"satellite":0,"tor":3,"tor_exit_nodes":0,"vpn":0,"relay":0,"proxy":0,"hosting":0,"service":0},"uploaders":{"size":3,"mobile":0,"satellite":0,"tor":3,"tor_exit_nodes":0,"vpn":0,"relay":0,"proxy":0,"hosting":0,"service":0}},"geometry":{"type":"Point","coordinates":[7.55533,49.44452]}},{"type":"Feature","properties":{"country_code":"PHL","city":"Zamboanga","geoname_id":"1679432","h3_hexagon":600814294908534783,"downloaders":{"size":8,"mobile":0,"satellite":0,"tor":0,"tor_exit_nodes":0,"vpn":0,"relay":0,"proxy":0,"hosting":0,"service":0},"uploaders":{"size":5,"mobile":0,"satellite":0,"tor":0,"tor_exit_nodes":0,"vpn":0,"relay":0,"proxy":0,"hosting":0,"service":0}},"geometry":{"type":"Point","coordinates":[122.07389,6.91028]}},{"type":"Feature","properties":{"country_code":"DEU","city":"Erlangen","geoname_id":"2929567","h3_hexagon":599535909704040447,"downloaders":{"size":8,"mobile":0,"satellite":0,"tor":4,"tor_exit_nodes":4,"vpn":0,"relay":0,"proxy":0,"hosting":0,"service":0},"uploaders":{"size":4,"mobile":0,"satellite":0,"tor":3,"tor_exit_nodes":3,"vpn":0,"relay":0,"proxy":0,"hosting":0,"service":0}},"geometry":{"type":"Point","coordinates":[11.00783,49.59099]}},{"type":"Feature","properties":{"country_code":"USA","city":"Milwaukee","geoname_id":"5263045","h3_hexagon":599671248418504703,"downloaders":{"size":8,"mobile":0,"satellite":0,"tor":0,"tor_exit_nodes":0,"vpn":0,"relay":0,"proxy":0,"hosting":0,"service":0},"uploaders":{"size":3,"mobile":0,"satellite":0,"tor":0,"tor_exit_nodes":0,"vpn":0,"relay":0,"proxy":0,"hosting":0,"service":0}},"geometry":{"type":"Point","coordinates":[-87.8947,42.9751]}},{"type":"Feature","properties":{"country_code":"GRC","city":"Ágios Prokópios","geoname_id":"263425","h3_hexagon":599521048043454463,"downloaders":{"size":8,"mobile":8,"satellite":0,"tor":0,"tor_exit_nodes":0,"vpn":0,"relay":0,"proxy":0,"hosting":0,"service":0},"uploaders":{"size":6,"mobile":6,"satellite":0,"tor":0,"tor_exit_nodes":0,"vpn":0,"relay":0,"proxy":0,"hosting":0,"service":0}},"geometry":{"type":"Point","coordinates":[21.55467,39.01828]}},{"type":"Feature","properties":{"country_code":"USA","city":"Wichita Falls","geoname_id":"4741752","h3_hexagon":599662488832704511,"downloaders":{"size":7,"mobile":0,"satellite":0,"tor":0,"tor_exit_nodes":0,"vpn":0,"relay":0,"proxy":0,"hosting":0,"service":0},"uploaders":{"size":3,"mobile":0,"satellite":0,"tor":0,"tor_exit_nodes":0,"vpn":0,"relay":0,"proxy":0,"hosting":0,"service":0}},"geometry":{"type":"Point","coordinates":[-98.49339,33.91371]}},{"type":"Feature","properties":{"country_code":"YEM","city":"Aden","geoname_id":"415189","h3_hexagon":600434952659533823,"downloaders":{"size":7,"mobile":0,"satellite":7,"tor":0,"tor_exit_nodes":0,"vpn":0,"relay":0,"proxy":0,"hosting":0,"service":0},"uploaders":{"size":7,"mobile":0,"satellite":7,"tor":0,"tor_exit_nodes":0,"vpn":0,"relay":0,"proxy":0,"hosting":0,"service":0}},"geometry":{"type":"Point","coordinates":[45.03852,12.77957]}},{"type":"Feature","properties":{"country_code":"USA","city":"Bristol","geoname_id":"5282835","h3_hexagon":599718998791159807,"downloaders":{"size":7,"mobile":0,"satellite":0,"tor":0,"tor_exit_nodes":0,"vpn":0,"relay":0,"proxy":0,"hosting":0,"service":0},"uploaders":{"size":4,"mobile":0,"satellite":0,"tor":0,"tor_exit_nodes":0,"vpn":0,"relay":0,"proxy":0,"hosting":0,"service":0}},"geometry":{"type":"Point","coordinates":[-72.94927,41.67176]}},{"type":"Feature","properties":{"country_code":"IND","city":"Kanpur","geoname_id":"1267995","h3_hexagon":600061498810695679,"downloaders":{"size":7,"mobile":2,"satellite":0,"tor":0,"tor_exit_nodes":0,"vpn":0,"relay":0,"proxy":0,"hosting":0,"service":0},"uploaders":{"size":3,"mobile":1,"satellite":0,"tor":0,"tor_exit_nodes":0,"vpn":0,"relay":0,"proxy":0,"hosting":0,"service":0}},"geometry":{"type":"Point","coordinates":[80.34975,26.46523]}},{"type":"Feature","properties":{"country_code":"NOR","city":"Grimstad","geoname_id":"3155041","h3_hexagon":599147983962898431,"downloaders":{"size":6,"mobile":0,"satellite":0,"tor":0,"tor_exit_nodes":0,"vpn":0,"relay":0,"proxy":0,"hosting":0,"service":0},"uploaders":{"size":4,"mobile":0,"satellite":0,"tor":0,"tor_exit_nodes":0,"vpn":0,"relay":0,"proxy":0,"hosting":0,"service":0}},"geometry":{"type":"Point","coordinates":[8.59343,58.3405]}},{"type":"Feature","properties":{"country_code":"USA","city":"Bath","geoname_id":"4957570","h3_hexagon":599721233247895551,"downloaders":{"size":6,"mobile":0,"satellite":0,"tor":0,"tor_exit_nodes":0,"vpn":0,"relay":0,"proxy":0,"hosting":0,"service":0},"uploaders":{"size":6,"mobile":0,"satellite":0,"tor":0,"tor_exit_nodes":0,"vpn":0,"relay":0,"proxy":0,"hosting":0,"service":0}},"geometry":{"type":"Point","coordinates":[-69.8206,43.91064]}},{"type":"Feature","properties":{"country_code":"COL","city":"Bogotá","geoname_id":"3688689","h3_hexagon":600788833268662271,"downloaders":{"size":5,"mobile":0,"satellite":0,"tor":0,"tor_exit_nodes":0,"vpn":4,"relay":0,"proxy":0,"hosting":4,"service":4},"uploaders":{"size":3,"mobile":0,"satellite":0,"tor":0,"tor_exit_nodes":0,"vpn":3,"relay":0,"proxy":0,"hosting":3,"service":3}},"geometry":{"type":"Point","coordinates":[-74.1036,4.6948]}},{"type":"Feature","properties":{"country_code":"USA","city":"The Colony","geoname_id":"4736388","h3_hexagon":599661029617565695,"downloaders":{"size":5,"mobile":5,"satellite":0,"tor":0,"tor_exit_nodes":0,"vpn":0,"relay":0,"proxy":0,"hosting":0,"service":0},"uploaders":{"size":4,"mobile":4,"satellite":0,"tor":0,"tor_exit_nodes":0,"vpn":0,"relay":0,"proxy":0,"hosting":0,"service":0}},"geometry":{"type":"Point","coordinates":[-96.88639,33.08901]}},{"type":"Feature","properties":{"country_code":"USA","city":"Cedarburg","geoname_id":"5248171","h3_hexagon":599671237681086463,"downloaders":{"size":5,"mobile":0,"satellite":0,"tor":0,"tor_exit_nodes":0,"vpn":0,"relay":0,"proxy":0,"hosting":0,"service":0},"uploaders":{"size":4,"mobile":0,"satellite":0,"tor":0,"tor_exit_nodes":0,"vpn":0,"relay":0,"proxy":0,"hosting":0,"service":0}},"geometry":{"type":"Point","coordinates":[-87.98759,43.29667]}},{"type":"Feature","properties":{"country_code":"USA","city":"Amarillo","geoname_id":"5516233","h3_hexagon":599661638429179903,"downloaders":{"size":5,"mobile":3,"satellite":0,"tor":0,"tor_exit_nodes":0,"vpn":0,"relay":0,"proxy":0,"hosting":0,"service":0},"uploaders":{"size":3,"mobile":3,"satellite":0,"tor":0,"tor_exit_nodes":0,"vpn":0,"relay":0,"proxy":0,"hosting":0,"service":0}},"geometry":{"type":"Point","coordinates":[-101.8313,35.222]}},{"type":"Feature","properties":{"country_code":"CHE","city":"Arbon","geoname_id":"2661731","h3_hexagon":599533872815800319,"downloaders":{"size":5,"mobile":0,"satellite":0,"tor":0,"tor_exit_nodes":0,"vpn":1,"relay":0,"proxy":0,"hosting":0,"service":0},"uploaders":{"size":3,"mobile":0,"satellite":0,"tor":0,"tor_exit_nodes":0,"vpn":0,"relay":0,"proxy":0,"hosting":0,"service":0}},"geometry":{"type":"Point","coordinates":[9.43333,47.51667]}},{"type":"Feature","properties":{"country_code":"USA","city":"Chesterbrook","geoname_id":"5184086","h3_hexagon":599729477437620223,"downloaders":{"size":4,"mobile":0,"satellite":0,"tor":0,"tor_exit_nodes":0,"vpn":0,"relay":0,"proxy":0,"hosting":3,"service":0},"uploaders":{"size":3,"mobile":0,"satellite":0,"tor":0,"tor_exit_nodes":0,"vpn":0,"relay":0,"proxy":0,"hosting":3,"service":0}},"geometry":{"type":"Point","coordinates":[-75.4696,40.0971]}}]}