{"type":"FeatureCollection","id":"Distributed Denial of Secrets: USA","swarm_geo_partition_by":"hexagon","swarm_hexagon_resolution":5,"swarm_size_min":3,"swarm_features_size":53902,"data_version":"20260510","btiha_size":25,"features":[{"type":"Feature","properties":{"country_code":"CHN","city":"Nanjing","geoname_id":"1799962","h3_hexagon":599833147210727423,"downloaders":{"size":20233,"mobile":22,"satellite":0,"tor":0,"tor_exit_nodes":0,"vpn":316,"relay":0,"proxy":2,"hosting":4,"service":0},"uploaders":{"size":11575,"mobile":0,"satellite":0,"tor":0,"tor_exit_nodes":0,"vpn":121,"relay":0,"proxy":0,"hosting":0,"service":0}},"geometry":{"type":"Point","coordinates":[118.77778,32.06167]}},{"type":"Feature","properties":{"country_code":"KOR","city":"Seoul","geoname_id":"1835848","h3_hexagon":599838696308473855,"downloaders":{"size":10339,"mobile":264,"satellite":0,"tor":1,"tor_exit_nodes":0,"vpn":245,"relay":0,"proxy":9,"hosting":435,"service":61},"uploaders":{"size":3,"mobile":0,"satellite":0,"tor":0,"tor_exit_nodes":0,"vpn":0,"relay":0,"proxy":0,"hosting":0,"service":0}},"geometry":{"type":"Point","coordinates":[126.9784,37.566]}},{"type":"Feature","properties":{"country_code":"NLD","city":"Lelystad","geoname_id":"2751738","h3_hexagon":599425828618502143,"downloaders":{"size":6616,"mobile":0,"satellite":0,"tor":59,"tor_exit_nodes":7,"vpn":1066,"relay":0,"proxy":57,"hosting":6600,"service":774},"uploaders":{"size":431,"mobile":0,"satellite":0,"tor":25,"tor_exit_nodes":5,"vpn":264,"relay":0,"proxy":1,"hosting":431,"service":235}},"geometry":{"type":"Point","coordinates":[5.475,52.50833]}},{"type":"Feature","properties":{"country_code":"TUR","city":"Istanbul","geoname_id":"745044","h3_hexagon":599520334005141503,"downloaders":{"size":6330,"mobile":106,"satellite":0,"tor":0,"tor_exit_nodes":0,"vpn":8,"relay":0,"proxy":2,"hosting":18,"service":3},"uploaders":{"size":8,"mobile":0,"satellite":0,"tor":0,"tor_exit_nodes":0,"vpn":0,"relay":0,"proxy":0,"hosting":6,"service":0}},"geometry":{"type":"Point","coordinates":[28.94966,41.01384]}},{"type":"Feature","properties":{"country_code":"RUS","city":"Moscow","geoname_id":"524901","h3_hexagon":599289533200072703,"downloaders":{"size":6154,"mobile":61,"satellite":0,"tor":0,"tor_exit_nodes":0,"vpn":369,"relay":5,"proxy":13,"hosting":929,"service":81},"uploaders":{"size":51,"mobile":2,"satellite":0,"tor":0,"tor_exit_nodes":0,"vpn":0,"relay":0,"proxy":0,"hosting":20,"service":0}},"geometry":{"type":"Point","coordinates":[37.61781,55.75204]}},{"type":"Feature","properties":{"country_code":"NLD","city":"Amsterdam","geoname_id":"2759794","h3_hexagon":599425793185021951,"downloaders":{"size":5633,"mobile":35,"satellite":0,"tor":2,"tor_exit_nodes":0,"vpn":2428,"relay":2,"proxy":2,"hosting":4900,"service":1774},"uploaders":{"size":705,"mobile":2,"satellite":0,"tor":1,"tor_exit_nodes":0,"vpn":603,"relay":0,"proxy":0,"hosting":587,"service":558}},"geometry":{"type":"Point","coordinates":[4.88969,52.37403]}},{"type":"Feature","properties":{"country_code":"RUS","city":"Saint Petersburg","geoname_id":"498817","h3_hexagon":599278232067375103,"downloaders":{"size":3780,"mobile":19,"satellite":0,"tor":0,"tor_exit_nodes":0,"vpn":113,"relay":3,"proxy":1,"hosting":216,"service":9},"uploaders":{"size":7,"mobile":0,"satellite":0,"tor":0,"tor_exit_nodes":0,"vpn":0,"relay":0,"proxy":0,"hosting":1,"service":0}},"geometry":{"type":"Point","coordinates":[30.31413,59.93863]}},{"type":"Feature","properties":{"country_code":"CHN","city":"Shanghai","geoname_id":"1796236","h3_hexagon":599833714146410495,"downloaders":{"size":3568,"mobile":97,"satellite":0,"tor":0,"tor_exit_nodes":0,"vpn":177,"relay":0,"proxy":3,"hosting":890,"service":0},"uploaders":{"size":11,"mobile":0,"satellite":0,"tor":0,"tor_exit_nodes":0,"vpn":0,"relay":0,"proxy":0,"hosting":1,"service":0}},"geometry":{"type":"Point","coordinates":[121.45806,31.22222]}},{"type":"Feature","properties":{"country_code":"GBR","city":"London","geoname_id":"2643743","h3_hexagon":599423697240981503,"downloaders":{"size":2955,"mobile":137,"satellite":1,"tor":6,"tor_exit_nodes":0,"vpn":400,"relay":0,"proxy":20,"hosting":456,"service":371},"uploaders":{"size":200,"mobile":2,"satellite":0,"tor":0,"tor_exit_nodes":0,"vpn":164,"relay":0,"proxy":15,"hosting":176,"service":164}},"geometry":{"type":"Point","coordinates":[-0.12574,51.50853]}},{"type":"Feature","properties":{"country_code":"FRA","city":"Paris","geoname_id":"2988507","h3_hexagon":599536505630752767,"downloaders":{"size":2926,"mobile":493,"satellite":3,"tor":1,"tor_exit_nodes":0,"vpn":702,"relay":0,"proxy":5,"hosting":1216,"service":599},"uploaders":{"size":107,"mobile":9,"satellite":0,"tor":0,"tor_exit_nodes":0,"vpn":68,"relay":0,"proxy":0,"hosting":55,"service":60}},"geometry":{"type":"Point","coordinates":[2.3488,48.85341]}},{"type":"Feature","properties":{"country_code":"CHN","city":"Shenzhen","geoname_id":"1795565","h3_hexagon":600124212849410047,"downloaders":{"size":2490,"mobile":5,"satellite":0,"tor":0,"tor_exit_nodes":0,"vpn":119,"relay":0,"proxy":0,"hosting":14,"service":0},"uploaders":{"size":4,"mobile":0,"satellite":0,"tor":0,"tor_exit_nodes":0,"vpn":0,"relay":0,"proxy":0,"hosting":0,"service":0}},"geometry":{"type":"Point","coordinates":[114.0683,22.54554]}},{"type":"Feature","properties":{"country_code":"HUN","city":"Budapest","geoname_id":"3054643","h3_hexagon":599506755466035199,"downloaders":{"size":2183,"mobile":88,"satellite":1,"tor":0,"tor_exit_nodes":0,"vpn":107,"relay":0,"proxy":0,"hosting":121,"service":19},"uploaders":{"size":40,"mobile":30,"satellite":0,"tor":0,"tor_exit_nodes":0,"vpn":9,"relay":0,"proxy":0,"hosting":1,"service":1}},"geometry":{"type":"Point","coordinates":[19.04045,47.49835]}},{"type":"Feature","properties":{"country_code":"CAN","city":"Toronto","geoname_id":"6167865","h3_hexagon":599745919646171135,"downloaders":{"size":2156,"mobile":19,"satellite":2,"tor":0,"tor_exit_nodes":26,"vpn":1601,"relay":0,"proxy":3,"hosting":1723,"service":1538},"uploaders":{"size":789,"mobile":0,"satellite":0,"tor":0,"tor_exit_nodes":4,"vpn":674,"relay":0,"proxy":0,"hosting":699,"service":642}},"geometry":{"type":"Point","coordinates":[-79.39864,43.70643]}},{"type":"Feature","properties":{"country_code":"CHE","city":"Zürich","geoname_id":"2657896","h3_hexagon":599533925429149695,"downloaders":{"size":1779,"mobile":151,"satellite":0,"tor":2,"tor_exit_nodes":1,"vpn":1449,"relay":0,"proxy":1,"hosting":1460,"service":1433},"uploaders":{"size":558,"mobile":0,"satellite":0,"tor":0,"tor_exit_nodes":0,"vpn":539,"relay":0,"proxy":0,"hosting":547,"service":539}},"geometry":{"type":"Point","coordinates":[8.55,47.36667]}},{"type":"Feature","properties":{"country_code":"POL","city":"Warsaw","geoname_id":"756135","h3_hexagon":599529866685054975,"downloaders":{"size":1746,"mobile":26,"satellite":2,"tor":0,"tor_exit_nodes":0,"vpn":116,"relay":0,"proxy":1,"hosting":169,"service":102},"uploaders":{"size":42,"mobile":2,"satellite":0,"tor":0,"tor_exit_nodes":0,"vpn":36,"relay":0,"proxy":0,"hosting":38,"service":36}},"geometry":{"type":"Point","coordinates":[21.01178,52.22977]}},{"type":"Feature","properties":{"country_code":"USA","city":"New York City","geoname_id":"5128581","h3_hexagon":599718752904282111,"downloaders":{"size":1580,"mobile":5,"satellite":1,"tor":13,"tor_exit_nodes":0,"vpn":1165,"relay":0,"proxy":2,"hosting":1182,"service":1154},"uploaders":{"size":456,"mobile":0,"satellite":0,"tor":12,"tor_exit_nodes":0,"vpn":436,"relay":0,"proxy":0,"hosting":449,"service":436}},"geometry":{"type":"Point","coordinates":[-74.00597,40.71427]}},{"type":"Feature","properties":{"country_code":"GRC","city":"Zográfos","geoname_id":"8358544","h3_hexagon":599521529079791615,"downloaders":{"size":1507,"mobile":1197,"satellite":3,"tor":0,"tor_exit_nodes":0,"vpn":24,"relay":0,"proxy":0,"hosting":23,"service":23},"uploaders":{"size":356,"mobile":342,"satellite":0,"tor":0,"tor_exit_nodes":0,"vpn":12,"relay":0,"proxy":0,"hosting":12,"service":12}},"geometry":{"type":"Point","coordinates":[23.76911,37.97574]}},{"type":"Feature","properties":{"country_code":"CAN","city":"Montréal","geoname_id":"6077243","h3_hexagon":599746916078583807,"downloaders":{"size":1491,"mobile":42,"satellite":0,"tor":0,"tor_exit_nodes":0,"vpn":724,"relay":0,"proxy":103,"hosting":654,"service":708},"uploaders":{"size":272,"mobile":0,"satellite":0,"tor":0,"tor_exit_nodes":0,"vpn":250,"relay":0,"proxy":61,"hosting":159,"service":247}},"geometry":{"type":"Point","coordinates":[-73.58781,45.50884]}},{"type":"Feature","properties":{"country_code":"ESP","city":"Madrid","geoname_id":"3117735","h3_hexagon":599982373701943295,"downloaders":{"size":1436,"mobile":15,"satellite":1,"tor":0,"tor_exit_nodes":0,"vpn":164,"relay":0,"proxy":0,"hosting":194,"service":153},"uploaders":{"size":63,"mobile":0,"satellite":0,"tor":0,"tor_exit_nodes":0,"vpn":32,"relay":0,"proxy":0,"hosting":36,"service":32}},"geometry":{"type":"Point","coordinates":[-3.70256,40.4165]}},{"type":"Feature","properties":{"country_code":"MEX","city":"Mexico City","geoname_id":"3530597","h3_hexagon":600273269689417727,"downloaders":{"size":1248,"mobile":2,"satellite":3,"tor":0,"tor_exit_nodes":0,"vpn":41,"relay":0,"proxy":0,"hosting":41,"service":41},"uploaders":{"size":19,"mobile":0,"satellite":0,"tor":0,"tor_exit_nodes":0,"vpn":19,"relay":0,"proxy":0,"hosting":19,"service":19}},"geometry":{"type":"Point","coordinates":[-99.12766,19.42847]}},{"type":"Feature","properties":{"country_code":"DEU","city":"Frankfurt am Main","geoname_id":"2925533","h3_hexagon":599536111567503359,"downloaders":{"size":1244,"mobile":2,"satellite":0,"tor":15,"tor_exit_nodes":7,"vpn":535,"relay":0,"proxy":5,"hosting":1136,"service":514},"uploaders":{"size":260,"mobile":0,"satellite":0,"tor":10,"tor_exit_nodes":0,"vpn":143,"relay":0,"proxy":0,"hosting":258,"service":143}},"geometry":{"type":"Point","coordinates":[8.68417,50.11552]}},{"type":"Feature","properties":{"country_code":"CAN","city":"Vancouver","geoname_id":"6173331","h3_hexagon":599697732260593663,"downloaders":{"size":1104,"mobile":139,"satellite":0,"tor":3,"tor_exit_nodes":0,"vpn":806,"relay":0,"proxy":0,"hosting":329,"service":771},"uploaders":{"size":507,"mobile":9,"satellite":0,"tor":0,"tor_exit_nodes":0,"vpn":471,"relay":0,"proxy":0,"hosting":137,"service":455}},"geometry":{"type":"Point","coordinates":[-123.11934,49.24966]}},{"type":"Feature","properties":{"country_code":"CHN","city":"Wuxi","geoname_id":"1790923","h3_hexagon":599833677639188479,"downloaders":{"size":962,"mobile":0,"satellite":0,"tor":0,"tor_exit_nodes":0,"vpn":8,"relay":0,"proxy":0,"hosting":0,"service":0},"uploaders":{"size":714,"mobile":0,"satellite":0,"tor":0,"tor_exit_nodes":0,"vpn":7,"relay":0,"proxy":0,"hosting":0,"service":0}},"geometry":{"type":"Point","coordinates":[120.28857000000001,31.56887]}},{"type":"Feature","properties":{"country_code":"USA","city":"Los Angeles","geoname_id":"5368361","h3_hexagon":599711151885910015,"downloaders":{"size":936,"mobile":9,"satellite":1,"tor":0,"tor_exit_nodes":0,"vpn":584,"relay":0,"proxy":0,"hosting":814,"service":573},"uploaders":{"size":317,"mobile":1,"satellite":0,"tor":0,"tor_exit_nodes":0,"vpn":273,"relay":0,"proxy":0,"hosting":309,"service":269}},"geometry":{"type":"Point","coordinates":[-118.24368,34.05223]}},{"type":"Feature","properties":{"country_code":"BRA","city":"São Paulo","geoname_id":"3448439","h3_hexagon":601935341502332927,"downloaders":{"size":889,"mobile":18,"satellite":8,"tor":0,"tor_exit_nodes":0,"vpn":18,"relay":0,"proxy":0,"hosting":80,"service":15},"uploaders":{"size":43,"mobile":0,"satellite":0,"tor":0,"tor_exit_nodes":0,"vpn":2,"relay":0,"proxy":0,"hosting":2,"service":2}},"geometry":{"type":"Point","coordinates":[-46.63611,-23.5475]}},{"type":"Feature","properties":{"country_code":"USA","city":"Ashburn","geoname_id":"4744870","h3_hexagon":599729341072408575,"downloaders":{"size":871,"mobile":0,"satellite":1,"tor":0,"tor_exit_nodes":0,"vpn":139,"relay":0,"proxy":0,"hosting":866,"service":138},"uploaders":{"size":191,"mobile":0,"satellite":0,"tor":0,"tor_exit_nodes":0,"vpn":55,"relay":0,"proxy":0,"hosting":191,"service":55}},"geometry":{"type":"Point","coordinates":[-77.48749,39.04372]}},{"type":"Feature","properties":{"country_code":"JPN","city":"Tokyo","geoname_id":"1850147","h3_hexagon":599811782969655295,"downloaders":{"size":858,"mobile":197,"satellite":0,"tor":0,"tor_exit_nodes":0,"vpn":173,"relay":3,"proxy":0,"hosting":245,"service":163},"uploaders":{"size":58,"mobile":0,"satellite":0,"tor":0,"tor_exit_nodes":0,"vpn":57,"relay":0,"proxy":0,"hosting":57,"service":57}},"geometry":{"type":"Point","coordinates":[139.69171,35.6895]}},{"type":"Feature","properties":{"country_code":"UKR","city":"Kyiv","geoname_id":"703448","h3_hexagon":599513355757027327,"downloaders":{"size":857,"mobile":17,"satellite":6,"tor":0,"tor_exit_nodes":0,"vpn":55,"relay":0,"proxy":0,"hosting":167,"service":32},"uploaders":{"size":15,"mobile":1,"satellite":0,"tor":0,"tor_exit_nodes":0,"vpn":6,"relay":0,"proxy":0,"hosting":13,"service":6}},"geometry":{"type":"Point","coordinates":[30.5238,50.45466]}},{"type":"Feature","properties":{"country_code":"PRT","city":"Lisbon","geoname_id":"2267057","h3_hexagon":599985036581666815,"downloaders":{"size":782,"mobile":38,"satellite":2,"tor":0,"tor_exit_nodes":0,"vpn":163,"relay":0,"proxy":0,"hosting":162,"service":161},"uploaders":{"size":54,"mobile":0,"satellite":0,"tor":0,"tor_exit_nodes":0,"vpn":51,"relay":0,"proxy":0,"hosting":51,"service":51}},"geometry":{"type":"Point","coordinates":[-9.1498,38.72509]}},{"type":"Feature","properties":{"country_code":"FRA","city":"Lille","geoname_id":"2998324","h3_hexagon":599423858302255103,"downloaders":{"size":757,"mobile":99,"satellite":0,"tor":0,"tor_exit_nodes":0,"vpn":35,"relay":0,"proxy":3,"hosting":518,"service":12},"uploaders":{"size":23,"mobile":0,"satellite":0,"tor":0,"tor_exit_nodes":0,"vpn":0,"relay":0,"proxy":0,"hosting":23,"service":0}},"geometry":{"type":"Point","coordinates":[3.05512,50.63391]}},{"type":"Feature","properties":{"country_code":"BGR","city":"Sofia","geoname_id":"727011","h3_hexagon":599520012956336127,"downloaders":{"size":736,"mobile":11,"satellite":0,"tor":0,"tor_exit_nodes":0,"vpn":68,"relay":0,"proxy":0,"hosting":101,"service":44},"uploaders":{"size":15,"mobile":0,"satellite":0,"tor":0,"tor_exit_nodes":0,"vpn":2,"relay":0,"proxy":0,"hosting":2,"service":2}},"geometry":{"type":"Point","coordinates":[23.32415,42.69751]}},{"type":"Feature","properties":{"country_code":"HKG","city":"Hong Kong","geoname_id":"1819729","h3_hexagon":600122469092687871,"downloaders":{"size":720,"mobile":4,"satellite":0,"tor":0,"tor_exit_nodes":0,"vpn":92,"relay":1,"proxy":0,"hosting":114,"service":46},"uploaders":{"size":27,"mobile":0,"satellite":0,"tor":0,"tor_exit_nodes":0,"vpn":20,"relay":0,"proxy":0,"hosting":23,"service":20}},"geometry":{"type":"Point","coordinates":[114.17469,22.27832]}},{"type":"Feature","properties":{"country_code":"USA","city":"Miami","geoname_id":"4164138","h3_hexagon":600186088295759871,"downloaders":{"size":705,"mobile":1,"satellite":0,"tor":0,"tor_exit_nodes":0,"vpn":307,"relay":52,"proxy":0,"hosting":668,"service":356},"uploaders":{"size":99,"mobile":0,"satellite":0,"tor":0,"tor_exit_nodes":0,"vpn":81,"relay":10,"proxy":0,"hosting":91,"service":91}},"geometry":{"type":"Point","coordinates":[-80.19366,25.77427]}},{"type":"Feature","properties":{"country_code":"ITA","city":"Milan","geoname_id":"3173435","h3_hexagon":599534678122168319,"downloaders":{"size":690,"mobile":6,"satellite":9,"tor":2,"tor_exit_nodes":0,"vpn":77,"relay":0,"proxy":0,"hosting":189,"service":66},"uploaders":{"size":19,"mobile":0,"satellite":4,"tor":0,"tor_exit_nodes":0,"vpn":11,"relay":0,"proxy":0,"hosting":14,"service":11}},"geometry":{"type":"Point","coordinates":[9.18951,45.46427]}},{"type":"Feature","properties":{"country_code":"SWE","city":"Stockholm","geoname_id":"2673730","h3_hexagon":599128723182059519,"downloaders":{"size":689,"mobile":1,"satellite":0,"tor":8,"tor_exit_nodes":2,"vpn":470,"relay":0,"proxy":0,"hosting":500,"service":457},"uploaders":{"size":178,"mobile":0,"satellite":0,"tor":2,"tor_exit_nodes":0,"vpn":171,"relay":0,"proxy":0,"hosting":178,"service":171}},"geometry":{"type":"Point","coordinates":[18.06871,59.32938]}},{"type":"Feature","properties":{"country_code":"USA","city":"Chicago","geoname_id":"4887398","h3_hexagon":599654181292212223,"downloaders":{"size":683,"mobile":8,"satellite":0,"tor":1,"tor_exit_nodes":0,"vpn":524,"relay":0,"proxy":0,"hosting":515,"service":458},"uploaders":{"size":225,"mobile":4,"satellite":0,"tor":0,"tor_exit_nodes":0,"vpn":214,"relay":0,"proxy":0,"hosting":207,"service":204}},"geometry":{"type":"Point","coordinates":[-87.65005,41.85003]}},{"type":"Feature","properties":{"country_code":"USA","city":"Seattle","geoname_id":"5809844","h3_hexagon":599697093384208383,"downloaders":{"size":673,"mobile":13,"satellite":43,"tor":0,"tor_exit_nodes":0,"vpn":514,"relay":0,"proxy":0,"hosting":529,"service":514},"uploaders":{"size":344,"mobile":2,"satellite":32,"tor":0,"tor_exit_nodes":0,"vpn":274,"relay":0,"proxy":0,"hosting":275,"service":274}},"geometry":{"type":"Point","coordinates":[-122.33207,47.60621]}},{"type":"Feature","properties":{"country_code":"CHN","city":"Beijing","geoname_id":"1816670","h3_hexagon":599852468121108479,"downloaders":{"size":671,"mobile":3,"satellite":0,"tor":0,"tor_exit_nodes":0,"vpn":28,"relay":0,"proxy":0,"hosting":48,"service":0},"uploaders":{"size":83,"mobile":0,"satellite":0,"tor":0,"tor_exit_nodes":0,"vpn":0,"relay":0,"proxy":0,"hosting":0,"service":0}},"geometry":{"type":"Point","coordinates":[116.39723,39.9075]}},{"type":"Feature","properties":{"country_code":"NLD","city":"Rotterdam","geoname_id":"2747891","h3_hexagon":599425957467521023,"downloaders":{"size":651,"mobile":28,"satellite":0,"tor":0,"tor_exit_nodes":0,"vpn":259,"relay":0,"proxy":0,"hosting":287,"service":34},"uploaders":{"size":41,"mobile":0,"satellite":0,"tor":0,"tor_exit_nodes":0,"vpn":22,"relay":0,"proxy":0,"hosting":40,"service":10}},"geometry":{"type":"Point","coordinates":[4.47917,51.9225]}},{"type":"Feature","properties":{"country_code":"FRA","city":"Marseille","geoname_id":"2995469","h3_hexagon":599988658312839167,"downloaders":{"size":639,"mobile":70,"satellite":0,"tor":0,"tor_exit_nodes":0,"vpn":252,"relay":0,"proxy":0,"hosting":296,"service":251},"uploaders":{"size":90,"mobile":1,"satellite":0,"tor":0,"tor_exit_nodes":0,"vpn":88,"relay":0,"proxy":0,"hosting":88,"service":88}},"geometry":{"type":"Point","coordinates":[5.38107,43.29695]}},{"type":"Feature","properties":{"country_code":"USA","city":"Denver","geoname_id":"5419384","h3_hexagon":599656933292507135,"downloaders":{"size":615,"mobile":3,"satellite":1,"tor":0,"tor_exit_nodes":0,"vpn":432,"relay":0,"proxy":0,"hosting":555,"service":431},"uploaders":{"size":197,"mobile":1,"satellite":0,"tor":0,"tor_exit_nodes":0,"vpn":195,"relay":0,"proxy":0,"hosting":194,"service":194}},"geometry":{"type":"Point","coordinates":[-104.9847,39.73915]}},{"type":"Feature","properties":{"country_code":"DEU","city":"Berlin","geoname_id":"2950159","h3_hexagon":599526122547314687,"downloaders":{"size":608,"mobile":24,"satellite":1,"tor":11,"tor_exit_nodes":11,"vpn":49,"relay":0,"proxy":0,"hosting":59,"service":48},"uploaders":{"size":155,"mobile":0,"satellite":0,"tor":7,"tor_exit_nodes":7,"vpn":23,"relay":0,"proxy":0,"hosting":16,"service":23}},"geometry":{"type":"Point","coordinates":[13.41053,52.52437]}},{"type":"Feature","properties":{"country_code":"LVA","city":"Riga","geoname_id":"456172","h3_hexagon":599530737489674239,"downloaders":{"size":598,"mobile":5,"satellite":0,"tor":6,"tor_exit_nodes":0,"vpn":117,"relay":0,"proxy":2,"hosting":163,"service":106},"uploaders":{"size":53,"mobile":0,"satellite":0,"tor":1,"tor_exit_nodes":0,"vpn":32,"relay":0,"proxy":0,"hosting":32,"service":32}},"geometry":{"type":"Point","coordinates":[24.10589,56.946]}},{"type":"Feature","properties":{"country_code":"AUS","city":"Sydney","geoname_id":"2147714","h3_hexagon":602322242893774847,"downloaders":{"size":589,"mobile":20,"satellite":1,"tor":0,"tor_exit_nodes":0,"vpn":88,"relay":1,"proxy":0,"hosting":192,"service":80},"uploaders":{"size":53,"mobile":0,"satellite":0,"tor":0,"tor_exit_nodes":0,"vpn":15,"relay":0,"proxy":0,"hosting":16,"service":15}},"geometry":{"type":"Point","coordinates":[151.20732,-33.86785]}},{"type":"Feature","properties":{"country_code":"GUY","city":"Georgetown","geoname_id":"3378644","h3_hexagon":600650648064622591,"downloaders":{"size":579,"mobile":1,"satellite":0,"tor":0,"tor_exit_nodes":0,"vpn":0,"relay":0,"proxy":0,"hosting":0,"service":0},"uploaders":{"size":119,"mobile":0,"satellite":0,"tor":0,"tor_exit_nodes":0,"vpn":0,"relay":0,"proxy":0,"hosting":0,"service":0}},"geometry":{"type":"Point","coordinates":[-58.15527,6.80448]}},{"type":"Feature","properties":{"country_code":"SGP","city":"Singapore","geoname_id":"1880252","h3_hexagon":600757819309817855,"downloaders":{"size":578,"mobile":9,"satellite":0,"tor":0,"tor_exit_nodes":0,"vpn":264,"relay":63,"proxy":0,"hosting":466,"service":324},"uploaders":{"size":117,"mobile":0,"satellite":0,"tor":0,"tor_exit_nodes":0,"vpn":98,"relay":14,"proxy":0,"hosting":116,"service":112}},"geometry":{"type":"Point","coordinates":[103.85007,1.28967]}},{"type":"Feature","properties":{"country_code":"BEL","city":"Brussels","geoname_id":"2800866","h3_hexagon":599535396455448575,"downloaders":{"size":577,"mobile":3,"satellite":1,"tor":0,"tor_exit_nodes":0,"vpn":125,"relay":0,"proxy":0,"hosting":121,"service":120},"uploaders":{"size":34,"mobile":0,"satellite":0,"tor":0,"tor_exit_nodes":0,"vpn":24,"relay":0,"proxy":0,"hosting":24,"service":24}},"geometry":{"type":"Point","coordinates":[4.34878,50.85045]}},{"type":"Feature","properties":{"country_code":"USA","city":"San Jose","geoname_id":"5392171","h3_hexagon":599686042433355775,"downloaders":{"size":549,"mobile":2,"satellite":4,"tor":0,"tor_exit_nodes":0,"vpn":303,"relay":1,"proxy":0,"hosting":426,"service":298},"uploaders":{"size":104,"mobile":0,"satellite":0,"tor":0,"tor_exit_nodes":0,"vpn":79,"relay":0,"proxy":0,"hosting":84,"service":79}},"geometry":{"type":"Point","coordinates":[-121.89496,37.33939]}},{"type":"Feature","properties":{"country_code":"USA","city":"Leesburg","geoname_id":"4769125","h3_hexagon":599729339998666751,"downloaders":{"size":542,"mobile":0,"satellite":0,"tor":0,"tor_exit_nodes":0,"vpn":37,"relay":0,"proxy":0,"hosting":539,"service":37},"uploaders":{"size":41,"mobile":0,"satellite":0,"tor":0,"tor_exit_nodes":0,"vpn":19,"relay":0,"proxy":0,"hosting":41,"service":19}},"geometry":{"type":"Point","coordinates":[-77.5636,39.11566]}},{"type":"Feature","properties":{"country_code":"ROU","city":"Bucharest","geoname_id":"683506","h3_hexagon":599522920649195519,"downloaders":{"size":541,"mobile":4,"satellite":0,"tor":0,"tor_exit_nodes":0,"vpn":136,"relay":0,"proxy":0,"hosting":140,"service":125},"uploaders":{"size":35,"mobile":0,"satellite":0,"tor":0,"tor_exit_nodes":0,"vpn":22,"relay":0,"proxy":0,"hosting":26,"service":22}},"geometry":{"type":"Point","coordinates":[26.10626,44.43225]}},{"type":"Feature","properties":{"country_code":"FIN","city":"Helsinki","geoname_id":"658225","h3_hexagon":599280485851463679,"downloaders":{"size":497,"mobile":12,"satellite":0,"tor":0,"tor_exit_nodes":0,"vpn":219,"relay":0,"proxy":0,"hosting":406,"service":178},"uploaders":{"size":110,"mobile":0,"satellite":0,"tor":0,"tor_exit_nodes":0,"vpn":99,"relay":0,"proxy":0,"hosting":109,"service":99}},"geometry":{"type":"Point","coordinates":[24.93545,60.16952]}},{"type":"Feature","properties":{"country_code":"ITA","city":"Rome","geoname_id":"3169070","h3_hexagon":599515334663208959,"downloaders":{"size":492,"mobile":6,"satellite":0,"tor":0,"tor_exit_nodes":0,"vpn":14,"relay":0,"proxy":0,"hosting":31,"service":12},"uploaders":{"size":11,"mobile":0,"satellite":0,"tor":0,"tor_exit_nodes":0,"vpn":4,"relay":0,"proxy":0,"hosting":4,"service":4}},"geometry":{"type":"Point","coordinates":[12.51133,41.89193]}},{"type":"Feature","properties":{"country_code":"CZE","city":"Prague","geoname_id":"3067696","h3_hexagon":599510176407486463,"downloaders":{"size":481,"mobile":5,"satellite":5,"tor":0,"tor_exit_nodes":0,"vpn":100,"relay":0,"proxy":0,"hosting":135,"service":84},"uploaders":{"size":45,"mobile":0,"satellite":0,"tor":0,"tor_exit_nodes":0,"vpn":32,"relay":0,"proxy":0,"hosting":32,"service":32}},"geometry":{"type":"Point","coordinates":[14.42076,50.08804]}},{"type":"Feature","properties":{"country_code":"AUS","city":"Melbourne","geoname_id":"2158177","h3_hexagon":602328092639231999,"downloaders":{"size":475,"mobile":6,"satellite":2,"tor":0,"tor_exit_nodes":0,"vpn":86,"relay":0,"proxy":0,"hosting":73,"service":62},"uploaders":{"size":50,"mobile":0,"satellite":0,"tor":0,"tor_exit_nodes":0,"vpn":7,"relay":0,"proxy":0,"hosting":4,"service":4}},"geometry":{"type":"Point","coordinates":[144.96332,-37.814]}},{"type":"Feature","properties":{"country_code":"SVN","city":"Ljubljana","geoname_id":"3196359","h3_hexagon":599507759414640639,"downloaders":{"size":436,"mobile":7,"satellite":0,"tor":0,"tor_exit_nodes":0,"vpn":20,"relay":1,"proxy":0,"hosting":13,"service":12},"uploaders":{"size":5,"mobile":0,"satellite":0,"tor":0,"tor_exit_nodes":0,"vpn":5,"relay":0,"proxy":0,"hosting":5,"service":5}},"geometry":{"type":"Point","coordinates":[14.50513,46.05108]}},{"type":"Feature","properties":{"country_code":"FRA","city":"Dunkerque","geoname_id":"3020686","h3_hexagon":599423551212093439,"downloaders":{"size":431,"mobile":11,"satellite":0,"tor":1,"tor_exit_nodes":1,"vpn":12,"relay":0,"proxy":1,"hosting":410,"service":1},"uploaders":{"size":14,"mobile":0,"satellite":0,"tor":0,"tor_exit_nodes":0,"vpn":0,"relay":0,"proxy":0,"hosting":14,"service":0}},"geometry":{"type":"Point","coordinates":[2.37681,51.0344]}},{"type":"Feature","properties":{"country_code":"FRA","city":"Drancy","geoname_id":"3020839","h3_hexagon":599536489524625407,"downloaders":{"size":420,"mobile":133,"satellite":0,"tor":0,"tor_exit_nodes":0,"vpn":106,"relay":0,"proxy":0,"hosting":129,"service":103},"uploaders":{"size":7,"mobile":2,"satellite":0,"tor":0,"tor_exit_nodes":0,"vpn":2,"relay":0,"proxy":0,"hosting":5,"service":2}},"geometry":{"type":"Point","coordinates":[2.44533,48.92578]}},{"type":"Feature","properties":{"country_code":"CHE","city":"Zürich","geoname_id":"2657896","h3_hexagon":599533157703745535,"downloaders":{"size":405,"mobile":0,"satellite":0,"tor":0,"tor_exit_nodes":0,"vpn":388,"relay":0,"proxy":0,"hosting":388,"service":388},"uploaders":{"size":219,"mobile":0,"satellite":0,"tor":0,"tor_exit_nodes":0,"vpn":219,"relay":0,"proxy":0,"hosting":219,"service":219}},"geometry":{"type":"Point","coordinates":[8.4488,47.395]}},{"type":"Feature","properties":{"country_code":"ESP","city":"Sevilla","geoname_id":"2510911","h3_hexagon":599983460328669183,"downloaders":{"size":393,"mobile":16,"satellite":0,"tor":0,"tor_exit_nodes":0,"vpn":0,"relay":0,"proxy":0,"hosting":0,"service":0},"uploaders":{"size":19,"mobile":0,"satellite":0,"tor":0,"tor_exit_nodes":0,"vpn":0,"relay":0,"proxy":0,"hosting":0,"service":0}},"geometry":{"type":"Point","coordinates":[-5.97317,37.38283]}},{"type":"Feature","properties":{"country_code":"POL","city":"Ursynów","geoname_id":"6545326","h3_hexagon":599529753942163455,"downloaders":{"size":388,"mobile":1,"satellite":0,"tor":0,"tor_exit_nodes":0,"vpn":16,"relay":7,"proxy":0,"hosting":17,"service":23},"uploaders":{"size":3,"mobile":0,"satellite":0,"tor":0,"tor_exit_nodes":0,"vpn":3,"relay":0,"proxy":0,"hosting":3,"service":3}},"geometry":{"type":"Point","coordinates":[21.0068,52.1552]}},{"type":"Feature","properties":{"country_code":"USA","city":"Oakland","geoname_id":"5378538","h3_hexagon":599685771850416127,"downloaders":{"size":361,"mobile":1,"satellite":0,"tor":0,"tor_exit_nodes":0,"vpn":277,"relay":0,"proxy":0,"hosting":278,"service":274},"uploaders":{"size":173,"mobile":0,"satellite":0,"tor":0,"tor_exit_nodes":0,"vpn":164,"relay":0,"proxy":0,"hosting":164,"service":164}},"geometry":{"type":"Point","coordinates":[-122.2708,37.80437]}},{"type":"Feature","properties":{"country_code":"ITA","city":"Naples","geoname_id":"3172394","h3_hexagon":599515530084220927,"downloaders":{"size":360,"mobile":18,"satellite":0,"tor":0,"tor_exit_nodes":0,"vpn":0,"relay":0,"proxy":0,"hosting":2,"service":0},"uploaders":{"size":9,"mobile":0,"satellite":0,"tor":0,"tor_exit_nodes":0,"vpn":0,"relay":0,"proxy":0,"hosting":0,"service":0}},"geometry":{"type":"Point","coordinates":[14.26811,40.85216]}},{"type":"Feature","properties":{"country_code":"AUT","city":"Vienna","geoname_id":"2761369","h3_hexagon":599508008522743807,"downloaders":{"size":354,"mobile":37,"satellite":3,"tor":2,"tor_exit_nodes":0,"vpn":123,"relay":0,"proxy":3,"hosting":137,"service":120},"uploaders":{"size":81,"mobile":13,"satellite":0,"tor":0,"tor_exit_nodes":0,"vpn":64,"relay":0,"proxy":0,"hosting":65,"service":64}},"geometry":{"type":"Point","coordinates":[16.37208,48.20849]}},{"type":"Feature","properties":{"country_code":"USA","city":"Atlanta","geoname_id":"4180439","h3_hexagon":600188328121204735,"downloaders":{"size":348,"mobile":4,"satellite":0,"tor":0,"tor_exit_nodes":0,"vpn":239,"relay":0,"proxy":0,"hosting":253,"service":239},"uploaders":{"size":76,"mobile":0,"satellite":0,"tor":0,"tor_exit_nodes":0,"vpn":66,"relay":0,"proxy":0,"hosting":65,"service":66}},"geometry":{"type":"Point","coordinates":[-84.38798,33.749]}},{"type":"Feature","properties":{"country_code":"CHN","city":"Zhengzhou","geoname_id":"1784658","h3_hexagon":600114582458990591,"downloaders":{"size":347,"mobile":0,"satellite":0,"tor":0,"tor_exit_nodes":0,"vpn":10,"relay":0,"proxy":0,"hosting":0,"service":0},"uploaders":{"size":5,"mobile":0,"satellite":0,"tor":0,"tor_exit_nodes":0,"vpn":0,"relay":0,"proxy":0,"hosting":0,"service":0}},"geometry":{"type":"Point","coordinates":[113.64861,34.75778]}},{"type":"Feature","properties":{"country_code":"FRA","city":"Lauterbourg","geoname_id":"3005948","h3_hexagon":599533262930444287,"downloaders":{"size":345,"mobile":0,"satellite":0,"tor":1,"tor_exit_nodes":0,"vpn":2,"relay":0,"proxy":1,"hosting":339,"service":0},"uploaders":{"size":8,"mobile":0,"satellite":0,"tor":0,"tor_exit_nodes":0,"vpn":0,"relay":0,"proxy":0,"hosting":8,"service":0}},"geometry":{"type":"Point","coordinates":[8.17846,48.97515]}},{"type":"Feature","properties":{"country_code":"POL","city":"Poznań","geoname_id":"3088171","h3_hexagon":599509036093669375,"downloaders":{"size":338,"mobile":4,"satellite":0,"tor":0,"tor_exit_nodes":0,"vpn":0,"relay":0,"proxy":0,"hosting":0,"service":0},"uploaders":{"size":10,"mobile":0,"satellite":0,"tor":0,"tor_exit_nodes":0,"vpn":0,"relay":0,"proxy":0,"hosting":0,"service":0}},"geometry":{"type":"Point","coordinates":[16.92993,52.40692]}},{"type":"Feature","properties":{"country_code":"ISR","city":"H̱olon","geoname_id":"294751","h3_hexagon":599782549274755071,"downloaders":{"size":337,"mobile":29,"satellite":0,"tor":0,"tor_exit_nodes":0,"vpn":7,"relay":0,"proxy":0,"hosting":5,"service":5},"uploaders":{"size":3,"mobile":0,"satellite":0,"tor":0,"tor_exit_nodes":0,"vpn":1,"relay":0,"proxy":0,"hosting":1,"service":1}},"geometry":{"type":"Point","coordinates":[34.77918,32.01034]}},{"type":"Feature","properties":{"country_code":"LTU","city":"Vilnius","geoname_id":"593116","h3_hexagon":599528520212807679,"downloaders":{"size":331,"mobile":2,"satellite":0,"tor":1,"tor_exit_nodes":0,"vpn":20,"relay":0,"proxy":0,"hosting":27,"service":15},"uploaders":{"size":16,"mobile":0,"satellite":0,"tor":0,"tor_exit_nodes":0,"vpn":6,"relay":0,"proxy":0,"hosting":6,"service":6}},"geometry":{"type":"Point","coordinates":[25.2798,54.68916]}},{"type":"Feature","properties":{"country_code":"USA","city":"Dallas","geoname_id":"4684888","h3_hexagon":599661245439672319,"downloaders":{"size":327,"mobile":10,"satellite":0,"tor":0,"tor_exit_nodes":0,"vpn":265,"relay":0,"proxy":0,"hosting":290,"service":261},"uploaders":{"size":86,"mobile":8,"satellite":0,"tor":0,"tor_exit_nodes":0,"vpn":78,"relay":0,"proxy":0,"hosting":78,"service":78}},"geometry":{"type":"Point","coordinates":[-96.80667,32.78306]}},{"type":"Feature","properties":{"country_code":"NZL","city":"Auckland","geoname_id":"2193733","h3_hexagon":602273987862462463,"downloaders":{"size":321,"mobile":86,"satellite":0,"tor":0,"tor_exit_nodes":0,"vpn":108,"relay":0,"proxy":0,"hosting":107,"service":97},"uploaders":{"size":57,"mobile":13,"satellite":0,"tor":0,"tor_exit_nodes":0,"vpn":31,"relay":0,"proxy":0,"hosting":31,"service":31}},"geometry":{"type":"Point","coordinates":[174.76349,-36.84853]}},{"type":"Feature","properties":{"country_code":"DNK","city":"Copenhagen","geoname_id":"2618425","h3_hexagon":599524487238516735,"downloaders":{"size":320,"mobile":3,"satellite":0,"tor":0,"tor_exit_nodes":1,"vpn":193,"relay":0,"proxy":0,"hosting":205,"service":188},"uploaders":{"size":120,"mobile":0,"satellite":0,"tor":0,"tor_exit_nodes":1,"vpn":106,"relay":0,"proxy":0,"hosting":118,"service":106}},"geometry":{"type":"Point","coordinates":[12.56553,55.67594]}},{"type":"Feature","properties":{"country_code":"SWE","city":"Kista","geoname_id":"2700791","h3_hexagon":599128728550768639,"downloaders":{"size":310,"mobile":3,"satellite":0,"tor":0,"tor_exit_nodes":0,"vpn":96,"relay":0,"proxy":0,"hosting":91,"service":91},"uploaders":{"size":57,"mobile":0,"satellite":0,"tor":0,"tor_exit_nodes":0,"vpn":56,"relay":0,"proxy":0,"hosting":56,"service":56}},"geometry":{"type":"Point","coordinates":[17.94479,59.40316]}},{"type":"Feature","properties":{"country_code":"FRA","city":"Saint-Denis","geoname_id":"2980916","h3_hexagon":599536509925720063,"downloaders":{"size":307,"mobile":57,"satellite":0,"tor":0,"tor_exit_nodes":0,"vpn":111,"relay":0,"proxy":0,"hosting":111,"service":111},"uploaders":{"size":11,"mobile":0,"satellite":0,"tor":0,"tor_exit_nodes":0,"vpn":10,"relay":0,"proxy":0,"hosting":10,"service":10}},"geometry":{"type":"Point","coordinates":[2.35387,48.93564]}},{"type":"Feature","properties":{"country_code":"NOR","city":"Oslo","geoname_id":"3143244","h3_hexagon":599147610300743679,"downloaders":{"size":305,"mobile":12,"satellite":1,"tor":1,"tor_exit_nodes":1,"vpn":130,"relay":0,"proxy":0,"hosting":118,"service":115},"uploaders":{"size":66,"mobile":0,"satellite":0,"tor":0,"tor_exit_nodes":0,"vpn":54,"relay":0,"proxy":0,"hosting":54,"service":54}},"geometry":{"type":"Point","coordinates":[10.74609,59.91273]}},{"type":"Feature","properties":{"country_code":"USA","city":"Phoenix","geoname_id":"5308655","h3_hexagon":599712593921179647,"downloaders":{"size":288,"mobile":1,"satellite":1,"tor":2,"tor_exit_nodes":0,"vpn":146,"relay":0,"proxy":0,"hosting":166,"service":144},"uploaders":{"size":71,"mobile":0,"satellite":0,"tor":0,"tor_exit_nodes":0,"vpn":67,"relay":0,"proxy":0,"hosting":67,"service":67}},"geometry":{"type":"Point","coordinates":[-112.07404,33.44838]}},{"type":"Feature","properties":{"country_code":"ARG","city":"Buenos Aires","geoname_id":"3435910","h3_hexagon":602407239222820863,"downloaders":{"size":281,"mobile":15,"satellite":4,"tor":0,"tor_exit_nodes":0,"vpn":8,"relay":0,"proxy":0,"hosting":11,"service":7},"uploaders":{"size":3,"mobile":0,"satellite":0,"tor":0,"tor_exit_nodes":0,"vpn":0,"relay":0,"proxy":0,"hosting":0,"service":0}},"geometry":{"type":"Point","coordinates":[-58.37723,-34.61315]}},{"type":"Feature","properties":{"country_code":"DEU","city":"Falkenstein","geoname_id":"2927913","h3_hexagon":599510146342715391,"downloaders":{"size":276,"mobile":0,"satellite":0,"tor":0,"tor_exit_nodes":0,"vpn":2,"relay":0,"proxy":0,"hosting":276,"service":2},"uploaders":{"size":31,"mobile":0,"satellite":0,"tor":0,"tor_exit_nodes":0,"vpn":0,"relay":0,"proxy":0,"hosting":31,"service":0}},"geometry":{"type":"Point","coordinates":[12.37129,50.47788]}},{"type":"Feature","properties":{"country_code":"MYS","city":"Petaling Jaya","geoname_id":"1735158","h3_hexagon":600755908049371135,"downloaders":{"size":275,"mobile":29,"satellite":0,"tor":0,"tor_exit_nodes":0,"vpn":26,"relay":0,"proxy":0,"hosting":9,"service":4},"uploaders":{"size":15,"mobile":0,"satellite":0,"tor":0,"tor_exit_nodes":0,"vpn":3,"relay":0,"proxy":0,"hosting":0,"service":0}},"geometry":{"type":"Point","coordinates":[101.60671,3.10726]}},{"type":"Feature","properties":{"country_code":"JPN","city":"Osaka","geoname_id":"1853909","h3_hexagon":599794658935046143,"downloaders":{"size":269,"mobile":50,"satellite":0,"tor":0,"tor_exit_nodes":0,"vpn":51,"relay":0,"proxy":0,"hosting":59,"service":51},"uploaders":{"size":23,"mobile":0,"satellite":0,"tor":0,"tor_exit_nodes":0,"vpn":23,"relay":0,"proxy":0,"hosting":23,"service":23}},"geometry":{"type":"Point","coordinates":[135.50107,34.69379]}},{"type":"Feature","properties":{"country_code":"BEL","city":"Wortegem","geoname_id":"2783449","h3_hexagon":599423892661993471,"downloaders":{"size":265,"mobile":0,"satellite":0,"tor":0,"tor_exit_nodes":0,"vpn":3,"relay":0,"proxy":0,"hosting":0,"service":0},"uploaders":{"size":10,"mobile":0,"satellite":0,"tor":0,"tor_exit_nodes":0,"vpn":0,"relay":0,"proxy":0,"hosting":0,"service":0}},"geometry":{"type":"Point","coordinates":[3.51,50.85357]}},{"type":"Feature","properties":{"country_code":"EST","city":"Tallinn","geoname_id":"588409","h3_hexagon":599130146963718143,"downloaders":{"size":263,"mobile":78,"satellite":0,"tor":0,"tor_exit_nodes":0,"vpn":112,"relay":0,"proxy":0,"hosting":88,"service":106},"uploaders":{"size":45,"mobile":22,"satellite":0,"tor":0,"tor_exit_nodes":0,"vpn":32,"relay":0,"proxy":0,"hosting":21,"service":32}},"geometry":{"type":"Point","coordinates":[24.75353,59.43696]}},{"type":"Feature","properties":{"country_code":"HRV","city":"Zagreb","geoname_id":"3186886","h3_hexagon":599507825986633727,"downloaders":{"size":262,"mobile":25,"satellite":0,"tor":0,"tor_exit_nodes":0,"vpn":12,"relay":0,"proxy":0,"hosting":13,"service":10},"uploaders":{"size":8,"mobile":4,"satellite":0,"tor":0,"tor_exit_nodes":0,"vpn":1,"relay":0,"proxy":0,"hosting":1,"service":1}},"geometry":{"type":"Point","coordinates":[15.97798,45.81444]}},{"type":"Feature","properties":{"country_code":"AUS","city":"Perth","geoname_id":"2063523","h3_hexagon":601919312684384255,"downloaders":{"size":260,"mobile":5,"satellite":3,"tor":0,"tor_exit_nodes":0,"vpn":109,"relay":0,"proxy":0,"hosting":103,"service":101},"uploaders":{"size":36,"mobile":0,"satellite":0,"tor":0,"tor_exit_nodes":0,"vpn":30,"relay":0,"proxy":0,"hosting":30,"service":30}},"geometry":{"type":"Point","coordinates":[115.8614,-31.95224]}},{"type":"Feature","properties":{"country_code":"POL","city":"Gdańsk","geoname_id":"3099434","h3_hexagon":599524775001325567,"downloaders":{"size":252,"mobile":1,"satellite":0,"tor":0,"tor_exit_nodes":0,"vpn":0,"relay":0,"proxy":0,"hosting":0,"service":0},"uploaders":{"size":8,"mobile":0,"satellite":0,"tor":0,"tor_exit_nodes":0,"vpn":0,"relay":0,"proxy":0,"hosting":0,"service":0}},"geometry":{"type":"Point","coordinates":[18.64912,54.35227]}},{"type":"Feature","properties":{"country_code":"POL","city":"Kraków","geoname_id":"3094802","h3_hexagon":599509706108567551,"downloaders":{"size":250,"mobile":1,"satellite":0,"tor":0,"tor_exit_nodes":0,"vpn":2,"relay":0,"proxy":0,"hosting":2,"service":0},"uploaders":{"size":9,"mobile":0,"satellite":0,"tor":0,"tor_exit_nodes":0,"vpn":0,"relay":0,"proxy":0,"hosting":0,"service":0}},"geometry":{"type":"Point","coordinates":[19.93658,50.06143]}},{"type":"Feature","properties":{"country_code":"IRL","city":"Dublin","geoname_id":"2964574","h3_hexagon":599403993004769279,"downloaders":{"size":248,"mobile":5,"satellite":0,"tor":0,"tor_exit_nodes":0,"vpn":57,"relay":0,"proxy":0,"hosting":104,"service":55},"uploaders":{"size":6,"mobile":1,"satellite":0,"tor":0,"tor_exit_nodes":0,"vpn":2,"relay":0,"proxy":0,"hosting":2,"service":2}},"geometry":{"type":"Point","coordinates":[-6.24889,53.33306]}},{"type":"Feature","properties":{"country_code":"SWE","city":"Göteborg","geoname_id":"2711537","h3_hexagon":599526696999190527,"downloaders":{"size":238,"mobile":1,"satellite":0,"tor":1,"tor_exit_nodes":1,"vpn":115,"relay":0,"proxy":0,"hosting":104,"service":111},"uploaders":{"size":28,"mobile":0,"satellite":0,"tor":0,"tor_exit_nodes":0,"vpn":27,"relay":0,"proxy":0,"hosting":25,"service":27}},"geometry":{"type":"Point","coordinates":[11.96679,57.70716]}},{"type":"Feature","properties":{"country_code":"NLD","city":"Breda","geoname_id":"2758401","h3_hexagon":599535414709059583,"downloaders":{"size":235,"mobile":0,"satellite":0,"tor":0,"tor_exit_nodes":0,"vpn":115,"relay":0,"proxy":0,"hosting":197,"service":114},"uploaders":{"size":46,"mobile":0,"satellite":0,"tor":0,"tor_exit_nodes":0,"vpn":33,"relay":0,"proxy":0,"hosting":46,"service":33}},"geometry":{"type":"Point","coordinates":[4.77596,51.58656]}},{"type":"Feature","properties":{"country_code":"AUS","city":"Brisbane","geoname_id":"2174003","h3_hexagon":602330960603643903,"downloaders":{"size":234,"mobile":7,"satellite":3,"tor":0,"tor_exit_nodes":0,"vpn":61,"relay":0,"proxy":0,"hosting":57,"service":56},"uploaders":{"size":4,"mobile":0,"satellite":0,"tor":0,"tor_exit_nodes":0,"vpn":2,"relay":0,"proxy":0,"hosting":2,"service":2}},"geometry":{"type":"Point","coordinates":[153.02809,-27.46794]}},{"type":"Feature","properties":{"country_code":"FRA","city":"Lyon","geoname_id":"2996944","h3_hexagon":599534014549721087,"downloaders":{"size":233,"mobile":54,"satellite":0,"tor":0,"tor_exit_nodes":0,"vpn":1,"relay":0,"proxy":0,"hosting":15,"service":0},"uploaders":{"size":7,"mobile":6,"satellite":0,"tor":0,"tor_exit_nodes":0,"vpn":0,"relay":0,"proxy":0,"hosting":0,"service":0}},"geometry":{"type":"Point","coordinates":[4.8406,45.75805]}},{"type":"Feature","properties":{"country_code":"NLD","city":"Amsterdam","geoname_id":"2759794","h3_hexagon":599425825397276671,"downloaders":{"size":228,"mobile":0,"satellite":0,"tor":0,"tor_exit_nodes":0,"vpn":45,"relay":0,"proxy":0,"hosting":219,"service":0},"uploaders":{"size":16,"mobile":0,"satellite":0,"tor":0,"tor_exit_nodes":0,"vpn":0,"relay":0,"proxy":0,"hosting":16,"service":0}},"geometry":{"type":"Point","coordinates":[4.9056,52.389]}},{"type":"Feature","properties":{"country_code":"RUS","city":"Izhevsk","geoname_id":"554840","h3_hexagon":599276774999719935,"downloaders":{"size":227,"mobile":0,"satellite":0,"tor":0,"tor_exit_nodes":0,"vpn":3,"relay":0,"proxy":0,"hosting":0,"service":0},"uploaders":{"size":5,"mobile":0,"satellite":0,"tor":0,"tor_exit_nodes":0,"vpn":0,"relay":0,"proxy":0,"hosting":0,"service":0}},"geometry":{"type":"Point","coordinates":[53.19862,56.85225]}},{"type":"Feature","properties":{"country_code":"THA","city":"Bangkok","geoname_id":"1609350","h3_hexagon":600749287357284351,"downloaders":{"size":226,"mobile":39,"satellite":0,"tor":0,"tor_exit_nodes":0,"vpn":4,"relay":0,"proxy":0,"hosting":16,"service":2},"uploaders":{"size":9,"mobile":6,"satellite":0,"tor":0,"tor_exit_nodes":0,"vpn":0,"relay":0,"proxy":0,"hosting":0,"service":0}},"geometry":{"type":"Point","coordinates":[100.50144,13.75398]}},{"type":"Feature","properties":{"country_code":"JPN","city":"Ōi","geoname_id":"1854530","h3_hexagon":599811815181910015,"downloaders":{"size":223,"mobile":4,"satellite":0,"tor":0,"tor_exit_nodes":0,"vpn":135,"relay":0,"proxy":1,"hosting":207,"service":134},"uploaders":{"size":57,"mobile":0,"satellite":0,"tor":0,"tor_exit_nodes":0,"vpn":49,"relay":0,"proxy":0,"hosting":57,"service":49}},"geometry":{"type":"Point","coordinates":[139.7302,35.609]}},{"type":"Feature","properties":{"country_code":"CHN","city":"Hefei","geoname_id":"1808722","h3_hexagon":599833494029336575,"downloaders":{"size":216,"mobile":0,"satellite":0,"tor":0,"tor_exit_nodes":0,"vpn":20,"relay":0,"proxy":0,"hosting":0,"service":0},"uploaders":{"size":5,"mobile":0,"satellite":0,"tor":0,"tor_exit_nodes":0,"vpn":0,"relay":0,"proxy":0,"hosting":0,"service":0}},"geometry":{"type":"Point","coordinates":[117.28083,31.86389]}},{"type":"Feature","properties":{"country_code":"CHN","city":"Chengdu","geoname_id":"1815286","h3_hexagon":600120305502912511,"downloaders":{"size":209,"mobile":14,"satellite":0,"tor":0,"tor_exit_nodes":0,"vpn":18,"relay":0,"proxy":0,"hosting":9,"service":0},"uploaders":{"size":24,"mobile":0,"satellite":0,"tor":0,"tor_exit_nodes":0,"vpn":10,"relay":0,"proxy":0,"hosting":0,"service":0}},"geometry":{"type":"Point","coordinates":[104.06667,30.66667]}},{"type":"Feature","properties":{"country_code":"GBR","city":"Manchester","geoname_id":"2643123","h3_hexagon":599424170761125887,"downloaders":{"size":202,"mobile":27,"satellite":0,"tor":0,"tor_exit_nodes":0,"vpn":116,"relay":0,"proxy":1,"hosting":116,"service":111},"uploaders":{"size":46,"mobile":0,"satellite":0,"tor":0,"tor_exit_nodes":0,"vpn":46,"relay":0,"proxy":0,"hosting":46,"service":45}},"geometry":{"type":"Point","coordinates":[-2.23743,53.48095]}},{"type":"Feature","properties":{"country_code":"DEU","city":"Nürnberg","geoname_id":"2861650","h3_hexagon":599535905409073151,"downloaders":{"size":200,"mobile":4,"satellite":0,"tor":2,"tor_exit_nodes":0,"vpn":3,"relay":0,"proxy":0,"hosting":179,"service":2},"uploaders":{"size":4,"mobile":0,"satellite":0,"tor":0,"tor_exit_nodes":0,"vpn":1,"relay":0,"proxy":0,"hosting":3,"service":1}},"geometry":{"type":"Point","coordinates":[11.07752,49.45421]}},{"type":"Feature","properties":{"country_code":"CAN","city":"Beauharnois","geoname_id":"5896495","h3_hexagon":599746925742260223,"downloaders":{"size":198,"mobile":0,"satellite":0,"tor":0,"tor_exit_nodes":0,"vpn":5,"relay":0,"proxy":0,"hosting":195,"service":5},"uploaders":{"size":5,"mobile":0,"satellite":0,"tor":0,"tor_exit_nodes":0,"vpn":0,"relay":0,"proxy":0,"hosting":5,"service":0}},"geometry":{"type":"Point","coordinates":[-73.8725,45.31341]}},{"type":"Feature","properties":{"country_code":"NLD","city":"Haarlem","geoname_id":"2755003","h3_hexagon":599425712654385151,"downloaders":{"size":182,"mobile":0,"satellite":0,"tor":0,"tor_exit_nodes":0,"vpn":156,"relay":0,"proxy":0,"hosting":160,"service":0},"uploaders":{"size":3,"mobile":0,"satellite":0,"tor":0,"tor_exit_nodes":0,"vpn":0,"relay":0,"proxy":0,"hosting":0,"service":0}},"geometry":{"type":"Point","coordinates":[4.63683,52.38084]}},{"type":"Feature","properties":{"country_code":"TUN","city":"Tunis","geoname_id":"2464470","h3_hexagon":599971481664880639,"downloaders":{"size":180,"mobile":6,"satellite":0,"tor":0,"tor_exit_nodes":0,"vpn":1,"relay":0,"proxy":0,"hosting":0,"service":0},"uploaders":{"size":20,"mobile":0,"satellite":0,"tor":0,"tor_exit_nodes":0,"vpn":0,"relay":0,"proxy":0,"hosting":0,"service":0}},"geometry":{"type":"Point","coordinates":[10.16579,36.81897]}},{"type":"Feature","properties":{"country_code":"ESP","city":"Valencia","geoname_id":"2509954","h3_hexagon":599987280702078975,"downloaders":{"size":178,"mobile":6,"satellite":0,"tor":0,"tor_exit_nodes":0,"vpn":5,"relay":0,"proxy":0,"hosting":1,"service":1},"uploaders":{"size":10,"mobile":0,"satellite":0,"tor":0,"tor_exit_nodes":0,"vpn":0,"relay":0,"proxy":0,"hosting":0,"service":0}},"geometry":{"type":"Point","coordinates":[-0.37966,39.47391]}},{"type":"Feature","properties":{"country_code":"RUS","city":"Surgut","geoname_id":"1490624","h3_hexagon":599172692909752319,"downloaders":{"size":177,"mobile":0,"satellite":0,"tor":0,"tor_exit_nodes":0,"vpn":0,"relay":0,"proxy":0,"hosting":0,"service":0},"uploaders":{"size":3,"mobile":0,"satellite":0,"tor":0,"tor_exit_nodes":0,"vpn":0,"relay":0,"proxy":0,"hosting":0,"service":0}},"geometry":{"type":"Point","coordinates":[73.41775,61.25757]}},{"type":"Feature","properties":{"country_code":"SVK","city":"Bratislava","geoname_id":"3060972","h3_hexagon":599506695336493055,"downloaders":{"size":172,"mobile":0,"satellite":0,"tor":0,"tor_exit_nodes":0,"vpn":29,"relay":0,"proxy":0,"hosting":26,"service":25},"uploaders":{"size":5,"mobile":0,"satellite":0,"tor":0,"tor_exit_nodes":0,"vpn":5,"relay":0,"proxy":0,"hosting":5,"service":5}},"geometry":{"type":"Point","coordinates":[17.10674,48.14816]}},{"type":"Feature","properties":{"country_code":"USA","city":"Houston","geoname_id":"4699066","h3_hexagon":600182486965682175,"downloaders":{"size":171,"mobile":7,"satellite":0,"tor":0,"tor_exit_nodes":0,"vpn":55,"relay":0,"proxy":0,"hosting":62,"service":52},"uploaders":{"size":3,"mobile":0,"satellite":0,"tor":0,"tor_exit_nodes":0,"vpn":3,"relay":0,"proxy":0,"hosting":3,"service":3}},"geometry":{"type":"Point","coordinates":[-95.36327,29.76328]}},{"type":"Feature","properties":{"country_code":"CZE","city":"Ostrava","geoname_id":"3068799","h3_hexagon":599506918674792447,"downloaders":{"size":170,"mobile":5,"satellite":0,"tor":0,"tor_exit_nodes":0,"vpn":9,"relay":0,"proxy":0,"hosting":0,"service":0},"uploaders":{"size":12,"mobile":1,"satellite":0,"tor":0,"tor_exit_nodes":0,"vpn":0,"relay":0,"proxy":0,"hosting":0,"service":0}},"geometry":{"type":"Point","coordinates":[18.28204,49.83465]}},{"type":"Feature","properties":{"country_code":"UZB","city":"Tashkent","geoname_id":"1512569","h3_hexagon":599552803957899263,"downloaders":{"size":169,"mobile":5,"satellite":0,"tor":0,"tor_exit_nodes":0,"vpn":13,"relay":0,"proxy":0,"hosting":117,"service":9},"uploaders":{"size":10,"mobile":0,"satellite":0,"tor":0,"tor_exit_nodes":0,"vpn":0,"relay":0,"proxy":0,"hosting":10,"service":0}},"geometry":{"type":"Point","coordinates":[69.21627,41.26465]}},{"type":"Feature","properties":{"country_code":"USA","city":"Buffalo","geoname_id":"5110629","h3_hexagon":599729084448112639,"downloaders":{"size":158,"mobile":0,"satellite":0,"tor":0,"tor_exit_nodes":0,"vpn":33,"relay":0,"proxy":0,"hosting":146,"service":33},"uploaders":{"size":24,"mobile":0,"satellite":0,"tor":0,"tor_exit_nodes":0,"vpn":7,"relay":0,"proxy":0,"hosting":24,"service":7}},"geometry":{"type":"Point","coordinates":[-78.87837,42.88645]}},{"type":"Feature","properties":{"country_code":"SWE","city":"Malmö","geoname_id":"2692969","h3_hexagon":599524502270902271,"downloaders":{"size":156,"mobile":2,"satellite":0,"tor":0,"tor_exit_nodes":0,"vpn":85,"relay":0,"proxy":0,"hosting":83,"service":73},"uploaders":{"size":35,"mobile":0,"satellite":0,"tor":0,"tor_exit_nodes":0,"vpn":34,"relay":0,"proxy":0,"hosting":34,"service":34}},"geometry":{"type":"Point","coordinates":[13.00073,55.60587]}},{"type":"Feature","properties":{"country_code":"SRB","city":"Belgrade","geoname_id":"792680","h3_hexagon":599508383258640383,"downloaders":{"size":155,"mobile":30,"satellite":0,"tor":0,"tor_exit_nodes":0,"vpn":29,"relay":0,"proxy":0,"hosting":35,"service":29},"uploaders":{"size":3,"mobile":0,"satellite":0,"tor":0,"tor_exit_nodes":0,"vpn":3,"relay":0,"proxy":0,"hosting":3,"service":3}},"geometry":{"type":"Point","coordinates":[20.46513,44.80401]}},{"type":"Feature","properties":{"country_code":"ZAF","city":"Johannesburg","geoname_id":"993800","h3_hexagon":602299504263167999,"downloaders":{"size":153,"mobile":7,"satellite":0,"tor":0,"tor_exit_nodes":0,"vpn":6,"relay":0,"proxy":0,"hosting":41,"service":5},"uploaders":{"size":5,"mobile":0,"satellite":0,"tor":0,"tor_exit_nodes":0,"vpn":1,"relay":0,"proxy":0,"hosting":1,"service":1}},"geometry":{"type":"Point","coordinates":[28.04363,-26.20227]}},{"type":"Feature","properties":{"country_code":"MEX","city":"Santiago de Querétaro","geoname_id":"3991164","h3_hexagon":600272041328771071,"downloaders":{"size":151,"mobile":0,"satellite":0,"tor":0,"tor_exit_nodes":0,"vpn":74,"relay":0,"proxy":0,"hosting":74,"service":74},"uploaders":{"size":46,"mobile":0,"satellite":0,"tor":0,"tor_exit_nodes":0,"vpn":46,"relay":0,"proxy":0,"hosting":46,"service":46}},"geometry":{"type":"Point","coordinates":[-100.38806,20.58806]}},{"type":"Feature","properties":{"country_code":"CAN","city":"Windsor","geoname_id":"6182962","h3_hexagon":599729908008091647,"downloaders":{"size":146,"mobile":2,"satellite":67,"tor":0,"tor_exit_nodes":0,"vpn":23,"relay":0,"proxy":0,"hosting":24,"service":23},"uploaders":{"size":52,"mobile":0,"satellite":48,"tor":0,"tor_exit_nodes":0,"vpn":3,"relay":0,"proxy":0,"hosting":3,"service":3}},"geometry":{"type":"Point","coordinates":[-83.01654,42.30008]}},{"type":"Feature","properties":{"country_code":"USA","city":"Salt Lake City","geoname_id":"5780993","h3_hexagon":599657607602372607,"downloaders":{"size":139,"mobile":0,"satellite":0,"tor":0,"tor_exit_nodes":0,"vpn":81,"relay":0,"proxy":0,"hosting":90,"service":81},"uploaders":{"size":51,"mobile":0,"satellite":0,"tor":0,"tor_exit_nodes":0,"vpn":49,"relay":0,"proxy":0,"hosting":49,"service":49}},"geometry":{"type":"Point","coordinates":[-111.89105,40.76078]}},{"type":"Feature","properties":{"country_code":"DEU","city":"Düsseldorf","geoname_id":"2934246","h3_hexagon":599535458732474367,"downloaders":{"size":138,"mobile":4,"satellite":0,"tor":0,"tor_exit_nodes":0,"vpn":38,"relay":0,"proxy":0,"hosting":43,"service":38},"uploaders":{"size":28,"mobile":0,"satellite":0,"tor":0,"tor_exit_nodes":0,"vpn":27,"relay":0,"proxy":0,"hosting":27,"service":27}},"geometry":{"type":"Point","coordinates":[6.77927,51.22319]}},{"type":"Feature","properties":{"country_code":"USA","city":"Kansas City","geoname_id":"4393217","h3_hexagon":599653166606188543,"downloaders":{"size":137,"mobile":3,"satellite":0,"tor":0,"tor_exit_nodes":0,"vpn":21,"relay":0,"proxy":0,"hosting":54,"service":19},"uploaders":{"size":19,"mobile":0,"satellite":0,"tor":0,"tor_exit_nodes":0,"vpn":2,"relay":0,"proxy":0,"hosting":2,"service":2}},"geometry":{"type":"Point","coordinates":[-94.57857,39.09973]}},{"type":"Feature","properties":{"country_code":"USA","city":"Philadelphia","geoname_id":"4560349","h3_hexagon":599718949399035903,"downloaders":{"size":135,"mobile":6,"satellite":1,"tor":0,"tor_exit_nodes":0,"vpn":7,"relay":0,"proxy":0,"hosting":7,"service":5},"uploaders":{"size":4,"mobile":1,"satellite":0,"tor":0,"tor_exit_nodes":0,"vpn":0,"relay":0,"proxy":0,"hosting":0,"service":0}},"geometry":{"type":"Point","coordinates":[-75.16362,39.95238]}},{"type":"Feature","properties":{"country_code":"CHN","city":"Changsha","geoname_id":"1815577","h3_hexagon":600131658175217663,"downloaders":{"size":134,"mobile":0,"satellite":0,"tor":0,"tor_exit_nodes":0,"vpn":2,"relay":0,"proxy":0,"hosting":0,"service":0},"uploaders":{"size":15,"mobile":0,"satellite":0,"tor":0,"tor_exit_nodes":0,"vpn":0,"relay":0,"proxy":0,"hosting":0,"service":0}},"geometry":{"type":"Point","coordinates":[112.97087,28.19874]}},{"type":"Feature","properties":{"country_code":"PHL","city":"Manila","geoname_id":"1701668","h3_hexagon":600831342707474431,"downloaders":{"size":131,"mobile":29,"satellite":0,"tor":0,"tor_exit_nodes":0,"vpn":4,"relay":0,"proxy":0,"hosting":5,"service":3},"uploaders":{"size":5,"mobile":0,"satellite":0,"tor":0,"tor_exit_nodes":0,"vpn":0,"relay":0,"proxy":0,"hosting":0,"service":0}},"geometry":{"type":"Point","coordinates":[120.9822,14.6042]}},{"type":"Feature","properties":{"country_code":"BRA","city":"Porto Alegre","geoname_id":"3452925","h3_hexagon":601951910412419071,"downloaders":{"size":129,"mobile":0,"satellite":0,"tor":0,"tor_exit_nodes":0,"vpn":0,"relay":0,"proxy":0,"hosting":0,"service":0},"uploaders":{"size":16,"mobile":0,"satellite":0,"tor":0,"tor_exit_nodes":0,"vpn":0,"relay":0,"proxy":0,"hosting":0,"service":0}},"geometry":{"type":"Point","coordinates":[-51.23019,-30.03283]}},{"type":"Feature","properties":{"country_code":"FRA","city":"Bordeaux","geoname_id":"3031582","h3_hexagon":599408345954123775,"downloaders":{"size":127,"mobile":28,"satellite":0,"tor":0,"tor_exit_nodes":0,"vpn":16,"relay":0,"proxy":0,"hosting":16,"service":16},"uploaders":{"size":7,"mobile":0,"satellite":0,"tor":0,"tor_exit_nodes":0,"vpn":7,"relay":0,"proxy":0,"hosting":7,"service":7}},"geometry":{"type":"Point","coordinates":[-0.58046,44.84124]}},{"type":"Feature","properties":{"country_code":"DEU","city":"Stuttgart","geoname_id":"2825297","h3_hexagon":599535823804694527,"downloaders":{"size":126,"mobile":2,"satellite":0,"tor":0,"tor_exit_nodes":0,"vpn":0,"relay":0,"proxy":0,"hosting":4,"service":0},"uploaders":{"size":22,"mobile":0,"satellite":0,"tor":0,"tor_exit_nodes":0,"vpn":0,"relay":0,"proxy":0,"hosting":0,"service":0}},"geometry":{"type":"Point","coordinates":[9.17702,48.78232]}},{"type":"Feature","properties":{"country_code":"AUS","city":"Adelaide","geoname_id":"2078025","h3_hexagon":602234852120461311,"downloaders":{"size":123,"mobile":6,"satellite":0,"tor":0,"tor_exit_nodes":0,"vpn":43,"relay":0,"proxy":0,"hosting":37,"service":37},"uploaders":{"size":16,"mobile":0,"satellite":0,"tor":0,"tor_exit_nodes":0,"vpn":15,"relay":0,"proxy":0,"hosting":15,"service":15}},"geometry":{"type":"Point","coordinates":[138.59863000000001,-34.92866]}},{"type":"Feature","properties":{"country_code":"USA","city":"Miami","geoname_id":"4164138","h3_hexagon":600186133392916479,"downloaders":{"size":123,"mobile":0,"satellite":0,"tor":0,"tor_exit_nodes":0,"vpn":122,"relay":0,"proxy":0,"hosting":122,"service":122},"uploaders":{"size":37,"mobile":0,"satellite":0,"tor":0,"tor_exit_nodes":0,"vpn":37,"relay":0,"proxy":0,"hosting":37,"service":37}},"geometry":{"type":"Point","coordinates":[-80.3549,25.8141]}},{"type":"Feature","properties":{"country_code":"HKG","city":"Tung Chung","geoname_id":"11101593","h3_hexagon":600124216070635519,"downloaders":{"size":118,"mobile":0,"satellite":0,"tor":0,"tor_exit_nodes":0,"vpn":9,"relay":0,"proxy":1,"hosting":45,"service":1},"uploaders":{"size":5,"mobile":0,"satellite":0,"tor":0,"tor_exit_nodes":0,"vpn":0,"relay":0,"proxy":0,"hosting":4,"service":0}},"geometry":{"type":"Point","coordinates":[113.94243,22.28783]}},{"type":"Feature","properties":{"country_code":"USA","city":"Portland","geoname_id":"5746545","h3_hexagon":599698931630211071,"downloaders":{"size":117,"mobile":0,"satellite":1,"tor":0,"tor_exit_nodes":0,"vpn":7,"relay":0,"proxy":0,"hosting":38,"service":5},"uploaders":{"size":14,"mobile":0,"satellite":0,"tor":0,"tor_exit_nodes":0,"vpn":2,"relay":0,"proxy":0,"hosting":2,"service":2}},"geometry":{"type":"Point","coordinates":[-122.67621,45.52345]}},{"type":"Feature","properties":{"country_code":"GBR","city":"Bexley","geoname_id":"2655775","h3_hexagon":599423945275342847,"downloaders":{"size":114,"mobile":0,"satellite":0,"tor":0,"tor_exit_nodes":0,"vpn":0,"relay":0,"proxy":0,"hosting":77,"service":0},"uploaders":{"size":12,"mobile":0,"satellite":0,"tor":0,"tor_exit_nodes":0,"vpn":0,"relay":0,"proxy":0,"hosting":12,"service":0}},"geometry":{"type":"Point","coordinates":[0.14866,51.44162]}},{"type":"Feature","properties":{"country_code":"CAN","city":"Edmonton","geoname_id":"5946768","h3_hexagon":599311682346418175,"downloaders":{"size":108,"mobile":59,"satellite":0,"tor":0,"tor_exit_nodes":0,"vpn":1,"relay":0,"proxy":0,"hosting":0,"service":0},"uploaders":{"size":10,"mobile":10,"satellite":0,"tor":0,"tor_exit_nodes":0,"vpn":0,"relay":0,"proxy":0,"hosting":0,"service":0}},"geometry":{"type":"Point","coordinates":[-113.46871,53.55014]}},{"type":"Feature","properties":{"country_code":"USA","city":"Minneapolis","geoname_id":"5037649","h3_hexagon":599670509684129791,"downloaders":{"size":106,"mobile":6,"satellite":0,"tor":0,"tor_exit_nodes":0,"vpn":1,"relay":14,"proxy":0,"hosting":15,"service":15},"uploaders":{"size":45,"mobile":1,"satellite":0,"tor":0,"tor_exit_nodes":0,"vpn":0,"relay":5,"proxy":0,"hosting":5,"service":5}},"geometry":{"type":"Point","coordinates":[-93.26384,44.97997]}},{"type":"Feature","properties":{"country_code":"DEU","city":"Munich","geoname_id":"2867714","h3_hexagon":599533816981225471,"downloaders":{"size":106,"mobile":12,"satellite":0,"tor":0,"tor_exit_nodes":0,"vpn":1,"relay":0,"proxy":0,"hosting":0,"service":0},"uploaders":{"size":9,"mobile":0,"satellite":0,"tor":0,"tor_exit_nodes":0,"vpn":0,"relay":0,"proxy":0,"hosting":0,"service":0}},"geometry":{"type":"Point","coordinates":[11.57549,48.13743]}},{"type":"Feature","properties":{"country_code":"ISL","city":"Reykjavík","geoname_id":"3413829","h3_hexagon":599108344635981823,"downloaders":{"size":104,"mobile":4,"satellite":0,"tor":0,"tor_exit_nodes":0,"vpn":29,"relay":0,"proxy":0,"hosting":6,"service":27},"uploaders":{"size":8,"mobile":0,"satellite":0,"tor":0,"tor_exit_nodes":0,"vpn":5,"relay":0,"proxy":0,"hosting":0,"service":5}},"geometry":{"type":"Point","coordinates":[-21.89541,64.13548]}},{"type":"Feature","properties":{"country_code":"ESP","city":"Zaragoza","geoname_id":"3104324","h3_hexagon":599989240280907775,"downloaders":{"size":100,"mobile":1,"satellite":0,"tor":0,"tor_exit_nodes":0,"vpn":1,"relay":0,"proxy":0,"hosting":0,"service":0},"uploaders":{"size":10,"mobile":0,"satellite":0,"tor":0,"tor_exit_nodes":0,"vpn":0,"relay":0,"proxy":0,"hosting":0,"service":0}},"geometry":{"type":"Point","coordinates":[-0.87734,41.65606]}},{"type":"Feature","properties":{"country_code":"BRA","city":"Serra","geoname_id":"3447779","h3_hexagon":601944241748312063,"downloaders":{"size":95,"mobile":0,"satellite":0,"tor":0,"tor_exit_nodes":0,"vpn":0,"relay":0,"proxy":0,"hosting":0,"service":0},"uploaders":{"size":20,"mobile":0,"satellite":0,"tor":0,"tor_exit_nodes":0,"vpn":0,"relay":0,"proxy":0,"hosting":0,"service":0}},"geometry":{"type":"Point","coordinates":[-40.30778,-20.12861]}},{"type":"Feature","properties":{"country_code":"USA","city":"Boston","geoname_id":"4930956","h3_hexagon":599720948706312191,"downloaders":{"size":88,"mobile":0,"satellite":0,"tor":0,"tor_exit_nodes":0,"vpn":61,"relay":0,"proxy":0,"hosting":61,"service":61},"uploaders":{"size":17,"mobile":0,"satellite":0,"tor":0,"tor_exit_nodes":0,"vpn":16,"relay":0,"proxy":0,"hosting":16,"service":16}},"geometry":{"type":"Point","coordinates":[-71.05977,42.35843]}},{"type":"Feature","properties":{"country_code":"UKR","city":"Bila Tserkva","geoname_id":"712165","h3_hexagon":599513352535801855,"downloaders":{"size":88,"mobile":0,"satellite":0,"tor":0,"tor_exit_nodes":0,"vpn":2,"relay":0,"proxy":0,"hosting":0,"service":0},"uploaders":{"size":11,"mobile":0,"satellite":0,"tor":0,"tor_exit_nodes":0,"vpn":0,"relay":0,"proxy":0,"hosting":0,"service":0}},"geometry":{"type":"Point","coordinates":[30.12851,49.8004]}},{"type":"Feature","properties":{"country_code":"CAN","city":"Calgary","geoname_id":"5913490","h3_hexagon":599309485470646271,"downloaders":{"size":85,"mobile":27,"satellite":0,"tor":0,"tor_exit_nodes":0,"vpn":5,"relay":0,"proxy":0,"hosting":1,"service":5},"uploaders":{"size":3,"mobile":0,"satellite":0,"tor":0,"tor_exit_nodes":0,"vpn":0,"relay":0,"proxy":0,"hosting":0,"service":0}},"geometry":{"type":"Point","coordinates":[-114.08529,51.05011]}},{"type":"Feature","properties":{"country_code":"DEU","city":"Norderstedt","geoname_id":"2862026","h3_hexagon":599525595340079103,"downloaders":{"size":83,"mobile":0,"satellite":0,"tor":0,"tor_exit_nodes":0,"vpn":0,"relay":0,"proxy":0,"hosting":0,"service":0},"uploaders":{"size":48,"mobile":0,"satellite":0,"tor":0,"tor_exit_nodes":0,"vpn":0,"relay":0,"proxy":0,"hosting":0,"service":0}},"geometry":{"type":"Point","coordinates":[9.99328,53.70177]}},{"type":"Feature","properties":{"country_code":"USA","city":"Las Vegas","geoname_id":"5506956","h3_hexagon":599709288943845375,"downloaders":{"size":82,"mobile":0,"satellite":0,"tor":0,"tor_exit_nodes":0,"vpn":18,"relay":0,"proxy":0,"hosting":38,"service":13},"uploaders":{"size":5,"mobile":0,"satellite":0,"tor":0,"tor_exit_nodes":0,"vpn":0,"relay":0,"proxy":0,"hosting":5,"service":0}},"geometry":{"type":"Point","coordinates":[-115.13722,36.17497]}},{"type":"Feature","properties":{"country_code":"USA","city":"Columbus","geoname_id":"4509177","h3_hexagon":599727890447204351,"downloaders":{"size":80,"mobile":1,"satellite":0,"tor":0,"tor_exit_nodes":0,"vpn":1,"relay":0,"proxy":0,"hosting":58,"service":1},"uploaders":{"size":3,"mobile":0,"satellite":0,"tor":0,"tor_exit_nodes":0,"vpn":0,"relay":0,"proxy":0,"hosting":0,"service":0}},"geometry":{"type":"Point","coordinates":[-82.99879,39.96118]}},{"type":"Feature","properties":{"country_code":"GBR","city":"Rochdale","geoname_id":"2639272","h3_hexagon":599423112051687423,"downloaders":{"size":80,"mobile":5,"satellite":0,"tor":0,"tor_exit_nodes":0,"vpn":2,"relay":0,"proxy":0,"hosting":0,"service":0},"uploaders":{"size":6,"mobile":0,"satellite":0,"tor":0,"tor_exit_nodes":0,"vpn":0,"relay":0,"proxy":0,"hosting":0,"service":0}},"geometry":{"type":"Point","coordinates":[-2.1833,53.5833]}},{"type":"Feature","properties":{"country_code":"IND","city":"Bengaluru","geoname_id":"1277333","h3_hexagon":600668999386136575,"downloaders":{"size":79,"mobile":9,"satellite":0,"tor":0,"tor_exit_nodes":0,"vpn":0,"relay":0,"proxy":0,"hosting":0,"service":0},"uploaders":{"size":17,"mobile":1,"satellite":0,"tor":0,"tor_exit_nodes":0,"vpn":0,"relay":0,"proxy":0,"hosting":0,"service":0}},"geometry":{"type":"Point","coordinates":[77.59369,12.97194]}},{"type":"Feature","properties":{"country_code":"DNK","city":"Ballerup","geoname_id":"2624341","h3_hexagon":599524491533484031,"downloaders":{"size":78,"mobile":0,"satellite":0,"tor":0,"tor_exit_nodes":0,"vpn":71,"relay":0,"proxy":0,"hosting":70,"service":70},"uploaders":{"size":43,"mobile":0,"satellite":0,"tor":0,"tor_exit_nodes":0,"vpn":43,"relay":0,"proxy":0,"hosting":43,"service":43}},"geometry":{"type":"Point","coordinates":[12.36328,55.73165]}},{"type":"Feature","properties":{"country_code":"USA","city":"Austin","geoname_id":"4671654","h3_hexagon":600256260545183743,"downloaders":{"size":77,"mobile":9,"satellite":0,"tor":0,"tor_exit_nodes":0,"vpn":1,"relay":0,"proxy":0,"hosting":0,"service":0},"uploaders":{"size":18,"mobile":4,"satellite":0,"tor":0,"tor_exit_nodes":0,"vpn":0,"relay":0,"proxy":0,"hosting":0,"service":0}},"geometry":{"type":"Point","coordinates":[-97.74306,30.26715]}},{"type":"Feature","properties":{"country_code":"IND","city":"Chennai","geoname_id":"1264527","h3_hexagon":600694833614422015,"downloaders":{"size":76,"mobile":6,"satellite":0,"tor":0,"tor_exit_nodes":0,"vpn":0,"relay":0,"proxy":0,"hosting":2,"service":0},"uploaders":{"size":10,"mobile":1,"satellite":0,"tor":0,"tor_exit_nodes":0,"vpn":0,"relay":0,"proxy":0,"hosting":0,"service":0}},"geometry":{"type":"Point","coordinates":[80.27847,13.08784]}},{"type":"Feature","properties":{"country_code":"USA","city":"St. Louis","geoname_id":"4407066","h3_hexagon":599651706317307903,"downloaders":{"size":76,"mobile":9,"satellite":0,"tor":0,"tor_exit_nodes":0,"vpn":4,"relay":0,"proxy":0,"hosting":55,"service":4},"uploaders":{"size":8,"mobile":8,"satellite":0,"tor":0,"tor_exit_nodes":0,"vpn":0,"relay":0,"proxy":0,"hosting":0,"service":0}},"geometry":{"type":"Point","coordinates":[-90.19789,38.62727]}},{"type":"Feature","properties":{"country_code":"CAN","city":"Ottawa","geoname_id":"6094817","h3_hexagon":599744265010020351,"downloaders":{"size":76,"mobile":2,"satellite":0,"tor":0,"tor_exit_nodes":0,"vpn":0,"relay":0,"proxy":0,"hosting":0,"service":0},"uploaders":{"size":22,"mobile":0,"satellite":0,"tor":0,"tor_exit_nodes":0,"vpn":0,"relay":0,"proxy":0,"hosting":0,"service":0}},"geometry":{"type":"Point","coordinates":[-75.69812,45.41117]}},{"type":"Feature","properties":{"country_code":"CHE","city":"Lausanne","geoname_id":"2659994","h3_hexagon":599533071804399615,"downloaders":{"size":72,"mobile":0,"satellite":0,"tor":0,"tor_exit_nodes":0,"vpn":3,"relay":0,"proxy":0,"hosting":1,"service":0},"uploaders":{"size":9,"mobile":0,"satellite":0,"tor":0,"tor_exit_nodes":0,"vpn":0,"relay":0,"proxy":0,"hosting":0,"service":0}},"geometry":{"type":"Point","coordinates":[6.63282,46.516]}},{"type":"Feature","properties":{"country_code":"CHE","city":"Genève","geoname_id":"2660646","h3_hexagon":599534119776419839,"downloaders":{"size":72,"mobile":1,"satellite":0,"tor":0,"tor_exit_nodes":0,"vpn":9,"relay":0,"proxy":0,"hosting":21,"service":0},"uploaders":{"size":10,"mobile":0,"satellite":0,"tor":0,"tor_exit_nodes":0,"vpn":0,"relay":0,"proxy":0,"hosting":10,"service":0}},"geometry":{"type":"Point","coordinates":[6.14569,46.20222]}},{"type":"Feature","properties":{"country_code":"CAN","city":"Winnipeg","geoname_id":"6183235","h3_hexagon":599666810643546111,"downloaders":{"size":71,"mobile":1,"satellite":1,"tor":0,"tor_exit_nodes":0,"vpn":0,"relay":0,"proxy":0,"hosting":0,"service":0},"uploaders":{"size":7,"mobile":0,"satellite":0,"tor":0,"tor_exit_nodes":0,"vpn":0,"relay":0,"proxy":0,"hosting":0,"service":0}},"geometry":{"type":"Point","coordinates":[-97.14704,49.8844]}},{"type":"Feature","properties":{"country_code":"USA","city":"Pittsburgh","geoname_id":"5206379","h3_hexagon":599726724363583487,"downloaders":{"size":71,"mobile":0,"satellite":0,"tor":0,"tor_exit_nodes":0,"vpn":28,"relay":0,"proxy":0,"hosting":28,"service":28},"uploaders":{"size":15,"mobile":0,"satellite":0,"tor":0,"tor_exit_nodes":0,"vpn":13,"relay":0,"proxy":0,"hosting":13,"service":13}},"geometry":{"type":"Point","coordinates":[-79.99589,40.44062]}},{"type":"Feature","properties":{"country_code":"BGR","city":"Burgas","geoname_id":"732770","h3_hexagon":599522698384637951,"downloaders":{"size":68,"mobile":1,"satellite":0,"tor":0,"tor_exit_nodes":0,"vpn":0,"relay":0,"proxy":0,"hosting":0,"service":0},"uploaders":{"size":3,"mobile":0,"satellite":0,"tor":0,"tor_exit_nodes":0,"vpn":0,"relay":0,"proxy":0,"hosting":0,"service":0}},"geometry":{"type":"Point","coordinates":[27.46886,42.50651]}},{"type":"Feature","properties":{"country_code":"HRV","city":"Rijeka","geoname_id":"3191648","h3_hexagon":599507781963218943,"downloaders":{"size":65,"mobile":0,"satellite":0,"tor":0,"tor_exit_nodes":0,"vpn":0,"relay":0,"proxy":0,"hosting":0,"service":0},"uploaders":{"size":11,"mobile":0,"satellite":0,"tor":0,"tor_exit_nodes":0,"vpn":0,"relay":0,"proxy":0,"hosting":0,"service":0}},"geometry":{"type":"Point","coordinates":[14.44241,45.32673]}},{"type":"Feature","properties":{"country_code":"ROU","city":"Târgu Mureş","geoname_id":"665004","h3_hexagon":599512447371444223,"downloaders":{"size":64,"mobile":0,"satellite":0,"tor":0,"tor_exit_nodes":0,"vpn":1,"relay":0,"proxy":0,"hosting":0,"service":0},"uploaders":{"size":17,"mobile":0,"satellite":0,"tor":0,"tor_exit_nodes":0,"vpn":0,"relay":0,"proxy":0,"hosting":0,"service":0}},"geometry":{"type":"Point","coordinates":[24.55747,46.54245]}},{"type":"Feature","properties":{"country_code":"FRA","city":"Grenoble","geoname_id":"3014728","h3_hexagon":599534225003118591,"downloaders":{"size":63,"mobile":5,"satellite":0,"tor":0,"tor_exit_nodes":0,"vpn":0,"relay":0,"proxy":0,"hosting":0,"service":0},"uploaders":{"size":7,"mobile":0,"satellite":0,"tor":0,"tor_exit_nodes":0,"vpn":0,"relay":0,"proxy":0,"hosting":0,"service":0}},"geometry":{"type":"Point","coordinates":[5.71479,45.17869]}},{"type":"Feature","properties":{"country_code":"IND","city":"Mumbai","geoname_id":"1275339","h3_hexagon":600677175930126335,"downloaders":{"size":63,"mobile":0,"satellite":0,"tor":0,"tor_exit_nodes":0,"vpn":0,"relay":1,"proxy":0,"hosting":26,"service":1},"uploaders":{"size":10,"mobile":0,"satellite":0,"tor":0,"tor_exit_nodes":0,"vpn":0,"relay":0,"proxy":0,"hosting":10,"service":0}},"geometry":{"type":"Point","coordinates":[72.88261,19.07283]}},{"type":"Feature","properties":{"country_code":"USA","city":"San Diego","geoname_id":"5391811","h3_hexagon":599711305430990847,"downloaders":{"size":62,"mobile":1,"satellite":0,"tor":0,"tor_exit_nodes":0,"vpn":3,"relay":0,"proxy":0,"hosting":0,"service":0},"uploaders":{"size":9,"mobile":0,"satellite":0,"tor":0,"tor_exit_nodes":0,"vpn":0,"relay":0,"proxy":0,"hosting":0,"service":0}},"geometry":{"type":"Point","coordinates":[-117.16472,32.71571]}},{"type":"Feature","properties":{"country_code":"DEU","city":"Berlin","geoname_id":"2950159","h3_hexagon":599526121473572863,"downloaders":{"size":62,"mobile":1,"satellite":0,"tor":0,"tor_exit_nodes":0,"vpn":13,"relay":0,"proxy":0,"hosting":13,"service":13},"uploaders":{"size":7,"mobile":0,"satellite":0,"tor":0,"tor_exit_nodes":0,"vpn":2,"relay":0,"proxy":0,"hosting":2,"service":2}},"geometry":{"type":"Point","coordinates":[13.3846,52.5323]}},{"type":"Feature","properties":{"country_code":"USA","city":"Raleigh","geoname_id":"4487042","h3_hexagon":599732370098094079,"downloaders":{"size":59,"mobile":2,"satellite":0,"tor":0,"tor_exit_nodes":0,"vpn":14,"relay":0,"proxy":0,"hosting":13,"service":13},"uploaders":{"size":24,"mobile":0,"satellite":0,"tor":0,"tor_exit_nodes":0,"vpn":0,"relay":0,"proxy":0,"hosting":0,"service":0}},"geometry":{"type":"Point","coordinates":[-78.63861,35.7721]}},{"type":"Feature","properties":{"country_code":"USA","city":"Rochester","geoname_id":"5134086","h3_hexagon":599745738183802879,"downloaders":{"size":59,"mobile":1,"satellite":0,"tor":15,"tor_exit_nodes":0,"vpn":2,"relay":0,"proxy":0,"hosting":0,"service":0},"uploaders":{"size":29,"mobile":0,"satellite":0,"tor":12,"tor_exit_nodes":0,"vpn":0,"relay":0,"proxy":0,"hosting":0,"service":0}},"geometry":{"type":"Point","coordinates":[-77.61556,43.15478]}},{"type":"Feature","properties":{"country_code":"NLD","city":"Roosendaal","geoname_id":"2747930","h3_hexagon":599535413635317759,"downloaders":{"size":58,"mobile":0,"satellite":0,"tor":0,"tor_exit_nodes":0,"vpn":7,"relay":0,"proxy":0,"hosting":37,"service":7},"uploaders":{"size":12,"mobile":0,"satellite":0,"tor":0,"tor_exit_nodes":0,"vpn":0,"relay":0,"proxy":0,"hosting":1,"service":0}},"geometry":{"type":"Point","coordinates":[4.46528,51.53083]}},{"type":"Feature","properties":{"country_code":"LUX","city":"Luxembourg","geoname_id":"2960316","h3_hexagon":599535365316935679,"downloaders":{"size":58,"mobile":0,"satellite":0,"tor":0,"tor_exit_nodes":0,"vpn":24,"relay":0,"proxy":15,"hosting":42,"service":24},"uploaders":{"size":13,"mobile":0,"satellite":0,"tor":0,"tor_exit_nodes":0,"vpn":13,"relay":0,"proxy":0,"hosting":13,"service":13}},"geometry":{"type":"Point","coordinates":[6.13268,49.60982]}},{"type":"Feature","properties":{"country_code":"USA","city":"Jacksonville","geoname_id":"4160021","h3_hexagon":600191514986938367,"downloaders":{"size":56,"mobile":27,"satellite":0,"tor":0,"tor_exit_nodes":0,"vpn":0,"relay":0,"proxy":0,"hosting":0,"service":0},"uploaders":{"size":11,"mobile":11,"satellite":0,"tor":0,"tor_exit_nodes":0,"vpn":0,"relay":0,"proxy":0,"hosting":0,"service":0}},"geometry":{"type":"Point","coordinates":[-81.65565,30.33218]}},{"type":"Feature","properties":{"country_code":"BGD","city":"Dhaka","geoname_id":"1185241","h3_hexagon":600050875209089023,"downloaders":{"size":54,"mobile":0,"satellite":5,"tor":0,"tor_exit_nodes":0,"vpn":2,"relay":0,"proxy":0,"hosting":6,"service":0},"uploaders":{"size":6,"mobile":0,"satellite":4,"tor":0,"tor_exit_nodes":0,"vpn":0,"relay":0,"proxy":0,"hosting":0,"service":0}},"geometry":{"type":"Point","coordinates":[90.40744,23.7104]}},{"type":"Feature","properties":{"country_code":"NLD","city":"Oud-Beijerland","geoname_id":"2749182","h3_hexagon":599425952098811903,"downloaders":{"size":54,"mobile":0,"satellite":0,"tor":0,"tor_exit_nodes":0,"vpn":2,"relay":0,"proxy":0,"hosting":0,"service":0},"uploaders":{"size":10,"mobile":0,"satellite":0,"tor":0,"tor_exit_nodes":0,"vpn":0,"relay":0,"proxy":0,"hosting":0,"service":0}},"geometry":{"type":"Point","coordinates":[4.4125,51.82417]}},{"type":"Feature","properties":{"country_code":"CAN","city":"Markham","geoname_id":"6066513","h3_hexagon":599745689865420799,"downloaders":{"size":54,"mobile":8,"satellite":0,"tor":0,"tor_exit_nodes":0,"vpn":11,"relay":0,"proxy":0,"hosting":0,"service":0},"uploaders":{"size":9,"mobile":0,"satellite":0,"tor":0,"tor_exit_nodes":0,"vpn":9,"relay":0,"proxy":0,"hosting":0,"service":0}},"geometry":{"type":"Point","coordinates":[-79.2663,43.86682]}},{"type":"Feature","properties":{"country_code":"USA","city":"McAllen","geoname_id":"4709796","h3_hexagon":600257725129031679,"downloaders":{"size":53,"mobile":0,"satellite":0,"tor":0,"tor_exit_nodes":0,"vpn":24,"relay":0,"proxy":0,"hosting":24,"service":24},"uploaders":{"size":34,"mobile":0,"satellite":0,"tor":0,"tor_exit_nodes":0,"vpn":13,"relay":0,"proxy":0,"hosting":13,"service":13}},"geometry":{"type":"Point","coordinates":[-98.23001,26.20341]}},{"type":"Feature","properties":{"country_code":"ARG","city":"Rosario","geoname_id":"3838583","h3_hexagon":602407827633340415,"downloaders":{"size":53,"mobile":1,"satellite":0,"tor":0,"tor_exit_nodes":0,"vpn":0,"relay":0,"proxy":0,"hosting":0,"service":0},"uploaders":{"size":3,"mobile":0,"satellite":0,"tor":0,"tor_exit_nodes":0,"vpn":0,"relay":0,"proxy":0,"hosting":0,"service":0}},"geometry":{"type":"Point","coordinates":[-60.63932,-32.94682]}},{"type":"Feature","properties":{"country_code":"POL","city":"Toruń","geoname_id":"3083271","h3_hexagon":599530040631230463,"downloaders":{"size":53,"mobile":0,"satellite":0,"tor":0,"tor_exit_nodes":0,"vpn":14,"relay":0,"proxy":0,"hosting":14,"service":14},"uploaders":{"size":9,"mobile":0,"satellite":0,"tor":0,"tor_exit_nodes":0,"vpn":9,"relay":0,"proxy":0,"hosting":9,"service":9}},"geometry":{"type":"Point","coordinates":[18.59814,53.01375]}},{"type":"Feature","properties":{"country_code":"FRA","city":"Le Pecq","geoname_id":"3002984","h3_hexagon":599536508851978239,"downloaders":{"size":52,"mobile":7,"satellite":0,"tor":0,"tor_exit_nodes":0,"vpn":1,"relay":0,"proxy":0,"hosting":0,"service":0},"uploaders":{"size":4,"mobile":0,"satellite":0,"tor":0,"tor_exit_nodes":0,"vpn":0,"relay":0,"proxy":0,"hosting":0,"service":0}},"geometry":{"type":"Point","coordinates":[2.10371,48.89317]}},{"type":"Feature","properties":{"country_code":"NZL","city":"Christchurch","geoname_id":"2192362","h3_hexagon":602824066872639487,"downloaders":{"size":52,"mobile":10,"satellite":0,"tor":0,"tor_exit_nodes":0,"vpn":0,"relay":0,"proxy":0,"hosting":0,"service":0},"uploaders":{"size":12,"mobile":1,"satellite":0,"tor":0,"tor_exit_nodes":0,"vpn":0,"relay":0,"proxy":0,"hosting":0,"service":0}},"geometry":{"type":"Point","coordinates":[172.63333,-43.53333]}},{"type":"Feature","properties":{"country_code":"CAN","city":"Halifax","geoname_id":"6324729","h3_hexagon":599736063769968639,"downloaders":{"size":51,"mobile":2,"satellite":0,"tor":0,"tor_exit_nodes":0,"vpn":15,"relay":0,"proxy":0,"hosting":14,"service":14},"uploaders":{"size":12,"mobile":0,"satellite":0,"tor":0,"tor_exit_nodes":0,"vpn":12,"relay":0,"proxy":0,"hosting":12,"service":12}},"geometry":{"type":"Point","coordinates":[-63.57688,44.64269]}},{"type":"Feature","properties":{"country_code":"USA","city":"Silver Spring","geoname_id":"4369596","h3_hexagon":599729185379844095,"downloaders":{"size":50,"mobile":0,"satellite":0,"tor":0,"tor_exit_nodes":0,"vpn":0,"relay":0,"proxy":0,"hosting":0,"service":0},"uploaders":{"size":29,"mobile":0,"satellite":0,"tor":0,"tor_exit_nodes":0,"vpn":0,"relay":0,"proxy":0,"hosting":0,"service":0}},"geometry":{"type":"Point","coordinates":[-77.02609,38.99067]}},{"type":"Feature","properties":{"country_code":"POL","city":"Gliwice","geoname_id":"3099230","h3_hexagon":599508933014454271,"downloaders":{"size":50,"mobile":0,"satellite":0,"tor":0,"tor_exit_nodes":0,"vpn":1,"relay":0,"proxy":0,"hosting":0,"service":0},"uploaders":{"size":9,"mobile":0,"satellite":0,"tor":0,"tor_exit_nodes":0,"vpn":0,"relay":0,"proxy":0,"hosting":0,"service":0}},"geometry":{"type":"Point","coordinates":[18.67658,50.29761]}},{"type":"Feature","properties":{"country_code":"TWN","city":"Hsinchu","geoname_id":"1675151","h3_hexagon":600309164878594047,"downloaders":{"size":50,"mobile":0,"satellite":0,"tor":0,"tor_exit_nodes":0,"vpn":6,"relay":0,"proxy":0,"hosting":0,"service":0},"uploaders":{"size":4,"mobile":0,"satellite":0,"tor":0,"tor_exit_nodes":0,"vpn":0,"relay":0,"proxy":0,"hosting":0,"service":0}},"geometry":{"type":"Point","coordinates":[120.96861,24.80361]}},{"type":"Feature","properties":{"country_code":"CHN","city":"Harbin","geoname_id":"2037013","h3_hexagon":599340916041318399,"downloaders":{"size":50,"mobile":0,"satellite":0,"tor":0,"tor_exit_nodes":0,"vpn":1,"relay":0,"proxy":0,"hosting":0,"service":0},"uploaders":{"size":4,"mobile":0,"satellite":0,"tor":0,"tor_exit_nodes":0,"vpn":0,"relay":0,"proxy":0,"hosting":0,"service":0}},"geometry":{"type":"Point","coordinates":[126.65,45.75]}},{"type":"Feature","properties":{"country_code":"CAN","city":"Hamilton","geoname_id":"5969782","h3_hexagon":599745899245076479,"downloaders":{"size":49,"mobile":3,"satellite":0,"tor":0,"tor_exit_nodes":0,"vpn":0,"relay":0,"proxy":0,"hosting":0,"service":0},"uploaders":{"size":9,"mobile":0,"satellite":0,"tor":0,"tor_exit_nodes":0,"vpn":0,"relay":0,"proxy":0,"hosting":0,"service":0}},"geometry":{"type":"Point","coordinates":[-79.84963,43.25011]}},{"type":"Feature","properties":{"country_code":"NLD","city":"Nijmegen","geoname_id":"2750053","h3_hexagon":599425785668829183,"downloaders":{"size":49,"mobile":14,"satellite":0,"tor":0,"tor_exit_nodes":0,"vpn":0,"relay":0,"proxy":0,"hosting":7,"service":0},"uploaders":{"size":19,"mobile":10,"satellite":0,"tor":0,"tor_exit_nodes":0,"vpn":0,"relay":0,"proxy":0,"hosting":1,"service":0}},"geometry":{"type":"Point","coordinates":[5.85278,51.8425]}},{"type":"Feature","properties":{"country_code":"USA","city":"Hialeah","geoname_id":"4158476","h3_hexagon":600186129097949183,"downloaders":{"size":49,"mobile":0,"satellite":0,"tor":0,"tor_exit_nodes":0,"vpn":47,"relay":0,"proxy":0,"hosting":47,"service":47},"uploaders":{"size":28,"mobile":0,"satellite":0,"tor":0,"tor_exit_nodes":0,"vpn":28,"relay":0,"proxy":0,"hosting":28,"service":28}},"geometry":{"type":"Point","coordinates":[-80.3889,25.9098]}},{"type":"Feature","properties":{"country_code":"AUT","city":"Langenzersdorf","geoname_id":"2772998","h3_hexagon":599506949813305343,"downloaders":{"size":47,"mobile":1,"satellite":0,"tor":0,"tor_exit_nodes":0,"vpn":41,"relay":0,"proxy":0,"hosting":42,"service":41},"uploaders":{"size":20,"mobile":0,"satellite":0,"tor":0,"tor_exit_nodes":0,"vpn":20,"relay":0,"proxy":0,"hosting":20,"service":20}},"geometry":{"type":"Point","coordinates":[16.36143,48.30432]}},{"type":"Feature","properties":{"country_code":"USA","city":"Richmond","geoname_id":"4781708","h3_hexagon":599727353576292351,"downloaders":{"size":46,"mobile":0,"satellite":0,"tor":0,"tor_exit_nodes":0,"vpn":1,"relay":0,"proxy":0,"hosting":0,"service":0},"uploaders":{"size":14,"mobile":0,"satellite":0,"tor":0,"tor_exit_nodes":0,"vpn":0,"relay":0,"proxy":0,"hosting":0,"service":0}},"geometry":{"type":"Point","coordinates":[-77.46026,37.55376]}},{"type":"Feature","properties":{"country_code":"USA","city":"Summit","geoname_id":"5105127","h3_hexagon":599718755051765759,"downloaders":{"size":44,"mobile":0,"satellite":0,"tor":0,"tor_exit_nodes":0,"vpn":1,"relay":0,"proxy":0,"hosting":0,"service":0},"uploaders":{"size":20,"mobile":0,"satellite":0,"tor":0,"tor_exit_nodes":0,"vpn":0,"relay":0,"proxy":0,"hosting":0,"service":0}},"geometry":{"type":"Point","coordinates":[-74.36468,40.71562]}},{"type":"Feature","properties":{"country_code":"USA","city":"New Haven","geoname_id":"4839366","h3_hexagon":599719007381094399,"downloaders":{"size":44,"mobile":0,"satellite":0,"tor":0,"tor_exit_nodes":0,"vpn":37,"relay":0,"proxy":0,"hosting":37,"service":37},"uploaders":{"size":11,"mobile":0,"satellite":0,"tor":0,"tor_exit_nodes":0,"vpn":11,"relay":0,"proxy":0,"hosting":11,"service":11}},"geometry":{"type":"Point","coordinates":[-72.92816,41.30815]}},{"type":"Feature","properties":{"country_code":"UKR","city":"Kropyvnytskyi","geoname_id":"705812","h3_hexagon":599511032179720191,"downloaders":{"size":44,"mobile":0,"satellite":0,"tor":0,"tor_exit_nodes":0,"vpn":0,"relay":0,"proxy":0,"hosting":0,"service":0},"uploaders":{"size":4,"mobile":0,"satellite":0,"tor":0,"tor_exit_nodes":0,"vpn":0,"relay":0,"proxy":0,"hosting":0,"service":0}},"geometry":{"type":"Point","coordinates":[32.26618,48.50834]}},{"type":"Feature","properties":{"country_code":"USA","city":"Chicago","geoname_id":"4887398","h3_hexagon":599654178070986751,"downloaders":{"size":43,"mobile":0,"satellite":0,"tor":0,"tor_exit_nodes":0,"vpn":36,"relay":0,"proxy":0,"hosting":42,"service":35},"uploaders":{"size":21,"mobile":0,"satellite":0,"tor":0,"tor_exit_nodes":0,"vpn":19,"relay":0,"proxy":0,"hosting":21,"service":19}},"geometry":{"type":"Point","coordinates":[-87.6386,41.8868]}},{"type":"Feature","properties":{"country_code":"USA","city":"Bothell","geoname_id":"5787829","h3_hexagon":599697096605433855,"downloaders":{"size":43,"mobile":3,"satellite":0,"tor":0,"tor_exit_nodes":0,"vpn":12,"relay":0,"proxy":0,"hosting":0,"service":0},"uploaders":{"size":18,"mobile":2,"satellite":0,"tor":0,"tor_exit_nodes":0,"vpn":10,"relay":0,"proxy":0,"hosting":0,"service":0}},"geometry":{"type":"Point","coordinates":[-122.2054,47.76232]}},{"type":"Feature","properties":{"country_code":"CAN","city":"Brampton","geoname_id":"5907364","h3_hexagon":599745920719912959,"downloaders":{"size":43,"mobile":2,"satellite":0,"tor":0,"tor_exit_nodes":0,"vpn":0,"relay":0,"proxy":0,"hosting":0,"service":0},"uploaders":{"size":9,"mobile":0,"satellite":0,"tor":0,"tor_exit_nodes":0,"vpn":0,"relay":0,"proxy":0,"hosting":0,"service":0}},"geometry":{"type":"Point","coordinates":[-79.76633,43.68341]}},{"type":"Feature","properties":{"country_code":"AUT","city":"Traiskirchen","geoname_id":"2763460","h3_hexagon":599508003154034687,"downloaders":{"size":43,"mobile":0,"satellite":0,"tor":0,"tor_exit_nodes":0,"vpn":33,"relay":0,"proxy":0,"hosting":33,"service":33},"uploaders":{"size":24,"mobile":0,"satellite":0,"tor":0,"tor_exit_nodes":0,"vpn":24,"relay":0,"proxy":0,"hosting":24,"service":24}},"geometry":{"type":"Point","coordinates":[16.29324,48.01485]}},{"type":"Feature","properties":{"country_code":"USA","city":"San Antonio","geoname_id":"4726206","h3_hexagon":600256113442553855,"downloaders":{"size":40,"mobile":4,"satellite":0,"tor":0,"tor_exit_nodes":0,"vpn":1,"relay":0,"proxy":0,"hosting":0,"service":0},"uploaders":{"size":4,"mobile":0,"satellite":0,"tor":0,"tor_exit_nodes":0,"vpn":0,"relay":0,"proxy":0,"hosting":0,"service":0}},"geometry":{"type":"Point","coordinates":[-98.49363,29.42412]}},{"type":"Feature","properties":{"country_code":"POL","city":"Częstochowa","geoname_id":"3100946","h3_hexagon":599508966300450815,"downloaders":{"size":39,"mobile":0,"satellite":0,"tor":0,"tor_exit_nodes":0,"vpn":7,"relay":0,"proxy":0,"hosting":4,"service":0},"uploaders":{"size":7,"mobile":0,"satellite":0,"tor":0,"tor_exit_nodes":0,"vpn":0,"relay":0,"proxy":0,"hosting":0,"service":0}},"geometry":{"type":"Point","coordinates":[19.12409,50.79646]}},{"type":"Feature","properties":{"country_code":"IND","city":"Rāmnagar","geoname_id":"1258637","h3_hexagon":600063820240519167,"downloaders":{"size":39,"mobile":39,"satellite":0,"tor":0,"tor_exit_nodes":0,"vpn":0,"relay":0,"proxy":0,"hosting":0,"service":0},"uploaders":{"size":4,"mobile":4,"satellite":0,"tor":0,"tor_exit_nodes":0,"vpn":0,"relay":0,"proxy":0,"hosting":0,"service":0}},"geometry":{"type":"Point","coordinates":[79.1283,29.3925]}},{"type":"Feature","properties":{"country_code":"USA","city":"Omaha","geoname_id":"5074472","h3_hexagon":599648226320056319,"downloaders":{"size":39,"mobile":1,"satellite":0,"tor":0,"tor_exit_nodes":0,"vpn":26,"relay":0,"proxy":0,"hosting":26,"service":26},"uploaders":{"size":14,"mobile":0,"satellite":0,"tor":0,"tor_exit_nodes":0,"vpn":14,"relay":0,"proxy":0,"hosting":14,"service":14}},"geometry":{"type":"Point","coordinates":[-95.94043,41.25626]}},{"type":"Feature","properties":{"country_code":"USA","city":"Piscataway","geoname_id":"5102713","h3_hexagon":599718750756798463,"downloaders":{"size":39,"mobile":0,"satellite":0,"tor":0,"tor_exit_nodes":0,"vpn":1,"relay":0,"proxy":0,"hosting":28,"service":1},"uploaders":{"size":11,"mobile":0,"satellite":0,"tor":0,"tor_exit_nodes":0,"vpn":0,"relay":0,"proxy":0,"hosting":11,"service":0}},"geometry":{"type":"Point","coordinates":[-74.39904,40.49927]}},{"type":"Feature","properties":{"country_code":"USA","city":"Garland","geoname_id":"4693003","h3_hexagon":599661009216471039,"downloaders":{"size":38,"mobile":2,"satellite":0,"tor":0,"tor_exit_nodes":0,"vpn":2,"relay":0,"proxy":0,"hosting":3,"service":0},"uploaders":{"size":13,"mobile":0,"satellite":0,"tor":0,"tor_exit_nodes":0,"vpn":0,"relay":0,"proxy":0,"hosting":0,"service":0}},"geometry":{"type":"Point","coordinates":[-96.63888,32.91262]}},{"type":"Feature","properties":{"country_code":"USA","city":"Vancouver","geoname_id":"5814616","h3_hexagon":599698934851436543,"downloaders":{"size":37,"mobile":0,"satellite":0,"tor":0,"tor_exit_nodes":0,"vpn":1,"relay":0,"proxy":0,"hosting":0,"service":0},"uploaders":{"size":5,"mobile":0,"satellite":0,"tor":0,"tor_exit_nodes":0,"vpn":1,"relay":0,"proxy":0,"hosting":0,"service":0}},"geometry":{"type":"Point","coordinates":[-122.66149,45.63873]}},{"type":"Feature","properties":{"country_code":"DEU","city":"Braunschweig","geoname_id":"2945024","h3_hexagon":599525305429786623,"downloaders":{"size":36,"mobile":1,"satellite":0,"tor":0,"tor_exit_nodes":0,"vpn":0,"relay":0,"proxy":0,"hosting":0,"service":0},"uploaders":{"size":23,"mobile":0,"satellite":0,"tor":0,"tor_exit_nodes":0,"vpn":0,"relay":0,"proxy":0,"hosting":0,"service":0}},"geometry":{"type":"Point","coordinates":[10.52673,52.26594]}},{"type":"Feature","properties":{"country_code":"USA","city":"Orlando","geoname_id":"4167147","h3_hexagon":600186634830348287,"downloaders":{"size":35,"mobile":8,"satellite":0,"tor":0,"tor_exit_nodes":0,"vpn":2,"relay":0,"proxy":0,"hosting":2,"service":2},"uploaders":{"size":12,"mobile":0,"satellite":0,"tor":0,"tor_exit_nodes":0,"vpn":0,"relay":0,"proxy":0,"hosting":0,"service":0}},"geometry":{"type":"Point","coordinates":[-81.37924,28.53834]}},{"type":"Feature","properties":{"country_code":"USA","city":"Charlotte","geoname_id":"4460243","h3_hexagon":600189883973107711,"downloaders":{"size":35,"mobile":4,"satellite":1,"tor":0,"tor_exit_nodes":0,"vpn":10,"relay":0,"proxy":0,"hosting":9,"service":9},"uploaders":{"size":4,"mobile":2,"satellite":0,"tor":0,"tor_exit_nodes":0,"vpn":1,"relay":0,"proxy":0,"hosting":1,"service":1}},"geometry":{"type":"Point","coordinates":[-80.84313,35.22709]}},{"type":"Feature","properties":{"country_code":"ROU","city":"Fundeni","geoname_id":"677811","h3_hexagon":599522762809147391,"downloaders":{"size":34,"mobile":0,"satellite":0,"tor":0,"tor_exit_nodes":0,"vpn":31,"relay":0,"proxy":0,"hosting":34,"service":31},"uploaders":{"size":16,"mobile":0,"satellite":0,"tor":0,"tor_exit_nodes":0,"vpn":16,"relay":0,"proxy":0,"hosting":16,"service":16}},"geometry":{"type":"Point","coordinates":[26.16565,44.45892]}},{"type":"Feature","properties":{"country_code":"ZAF","city":"Durban","geoname_id":"1007311","h3_hexagon":602287964759785471,"downloaders":{"size":34,"mobile":6,"satellite":0,"tor":0,"tor_exit_nodes":0,"vpn":0,"relay":0,"proxy":0,"hosting":3,"service":0},"uploaders":{"size":3,"mobile":2,"satellite":0,"tor":0,"tor_exit_nodes":0,"vpn":0,"relay":0,"proxy":0,"hosting":0,"service":0}},"geometry":{"type":"Point","coordinates":[31.0292,-29.8579]}},{"type":"Feature","properties":{"country_code":"QAT","city":"Doha","geoname_id":"290030","h3_hexagon":600446307479322623,"downloaders":{"size":33,"mobile":0,"satellite":0,"tor":0,"tor_exit_nodes":0,"vpn":1,"relay":0,"proxy":0,"hosting":0,"service":0},"uploaders":{"size":12,"mobile":0,"satellite":0,"tor":0,"tor_exit_nodes":0,"vpn":0,"relay":0,"proxy":0,"hosting":0,"service":0}},"geometry":{"type":"Point","coordinates":[51.53096,25.28545]}},{"type":"Feature","properties":{"country_code":"HUN","city":"Cegléd","geoname_id":"3054543","h3_hexagon":599508546467397631,"downloaders":{"size":33,"mobile":0,"satellite":0,"tor":0,"tor_exit_nodes":0,"vpn":1,"relay":0,"proxy":0,"hosting":0,"service":0},"uploaders":{"size":3,"mobile":0,"satellite":0,"tor":0,"tor_exit_nodes":0,"vpn":0,"relay":0,"proxy":0,"hosting":0,"service":0}},"geometry":{"type":"Point","coordinates":[19.79952,47.17266]}},{"type":"Feature","properties":{"country_code":"USA","city":"Dallas","geoname_id":"4684888","h3_hexagon":599661243292188671,"downloaders":{"size":32,"mobile":1,"satellite":0,"tor":0,"tor_exit_nodes":0,"vpn":29,"relay":0,"proxy":0,"hosting":29,"service":29},"uploaders":{"size":10,"mobile":0,"satellite":0,"tor":0,"tor_exit_nodes":0,"vpn":10,"relay":0,"proxy":0,"hosting":10,"service":10}},"geometry":{"type":"Point","coordinates":[-96.7776,32.7673]}},{"type":"Feature","properties":{"country_code":"THA","city":"Bang Lamung","geoname_id":"1619423","h3_hexagon":600765172293828607,"downloaders":{"size":30,"mobile":0,"satellite":0,"tor":0,"tor_exit_nodes":0,"vpn":10,"relay":0,"proxy":0,"hosting":0,"service":0},"uploaders":{"size":19,"mobile":0,"satellite":0,"tor":0,"tor_exit_nodes":0,"vpn":10,"relay":0,"proxy":0,"hosting":0,"service":0}},"geometry":{"type":"Point","coordinates":[100.92891,13.04704]}},{"type":"Feature","properties":{"country_code":"GBR","city":"Newport","geoname_id":"2641598","h3_hexagon":599424635691335679,"downloaders":{"size":30,"mobile":8,"satellite":0,"tor":0,"tor_exit_nodes":0,"vpn":0,"relay":0,"proxy":0,"hosting":0,"service":0},"uploaders":{"size":7,"mobile":7,"satellite":0,"tor":0,"tor_exit_nodes":0,"vpn":0,"relay":0,"proxy":0,"hosting":0,"service":0}},"geometry":{"type":"Point","coordinates":[-2.99835,51.58774]}},{"type":"Feature","properties":{"country_code":"BRA","city":"Nova Andradina","geoname_id":"6317707","h3_hexagon":601935176146092031,"downloaders":{"size":30,"mobile":0,"satellite":0,"tor":0,"tor_exit_nodes":0,"vpn":0,"relay":0,"proxy":0,"hosting":0,"service":0},"uploaders":{"size":17,"mobile":0,"satellite":0,"tor":0,"tor_exit_nodes":0,"vpn":0,"relay":0,"proxy":0,"hosting":0,"service":0}},"geometry":{"type":"Point","coordinates":[-53.34306,-22.23333]}},{"type":"Feature","properties":{"country_code":"IND","city":"Kolkata","geoname_id":"1275004","h3_hexagon":600050965403402239,"downloaders":{"size":30,"mobile":3,"satellite":0,"tor":0,"tor_exit_nodes":0,"vpn":0,"relay":0,"proxy":0,"hosting":0,"service":0},"uploaders":{"size":6,"mobile":1,"satellite":0,"tor":0,"tor_exit_nodes":0,"vpn":0,"relay":0,"proxy":0,"hosting":0,"service":0}},"geometry":{"type":"Point","coordinates":[88.36304,22.56263]}},{"type":"Feature","properties":{"country_code":"USA","city":"Tampa","geoname_id":"4174757","h3_hexagon":600176843378655231,"downloaders":{"size":30,"mobile":1,"satellite":0,"tor":0,"tor_exit_nodes":0,"vpn":0,"relay":0,"proxy":0,"hosting":1,"service":0},"uploaders":{"size":8,"mobile":0,"satellite":0,"tor":0,"tor_exit_nodes":0,"vpn":0,"relay":0,"proxy":0,"hosting":0,"service":0}},"geometry":{"type":"Point","coordinates":[-82.45843,27.94752]}},{"type":"Feature","properties":{"country_code":"SWE","city":"Västerås","geoname_id":"2664454","h3_hexagon":599128737140703231,"downloaders":{"size":30,"mobile":0,"satellite":0,"tor":0,"tor_exit_nodes":0,"vpn":1,"relay":0,"proxy":0,"hosting":0,"service":0},"uploaders":{"size":9,"mobile":0,"satellite":0,"tor":0,"tor_exit_nodes":0,"vpn":0,"relay":0,"proxy":0,"hosting":0,"service":0}},"geometry":{"type":"Point","coordinates":[16.55276,59.61617]}},{"type":"Feature","properties":{"country_code":"NLD","city":"Maastricht","geoname_id":"2751283","h3_hexagon":599535139831152639,"downloaders":{"size":30,"mobile":0,"satellite":0,"tor":0,"tor_exit_nodes":0,"vpn":0,"relay":0,"proxy":0,"hosting":0,"service":0},"uploaders":{"size":6,"mobile":0,"satellite":0,"tor":0,"tor_exit_nodes":0,"vpn":0,"relay":0,"proxy":0,"hosting":0,"service":0}},"geometry":{"type":"Point","coordinates":[5.68889,50.84833]}},{"type":"Feature","properties":{"country_code":"SVN","city":"Kamnik","geoname_id":"3198365","h3_hexagon":599507801290571775,"downloaders":{"size":29,"mobile":0,"satellite":0,"tor":0,"tor_exit_nodes":0,"vpn":0,"relay":0,"proxy":0,"hosting":0,"service":0},"uploaders":{"size":12,"mobile":0,"satellite":0,"tor":0,"tor_exit_nodes":0,"vpn":0,"relay":0,"proxy":0,"hosting":0,"service":0}},"geometry":{"type":"Point","coordinates":[14.61207,46.22587]}},{"type":"Feature","properties":{"country_code":"USA","city":"Garden Grove","geoname_id":"5351515","h3_hexagon":599711074576498687,"downloaders":{"size":29,"mobile":8,"satellite":0,"tor":0,"tor_exit_nodes":0,"vpn":1,"relay":0,"proxy":0,"hosting":0,"service":1},"uploaders":{"size":7,"mobile":7,"satellite":0,"tor":0,"tor_exit_nodes":0,"vpn":0,"relay":0,"proxy":0,"hosting":0,"service":0}},"geometry":{"type":"Point","coordinates":[-117.94145,33.77391]}},{"type":"Feature","properties":{"country_code":"FRA","city":"Marcq-en-Ostrevent","geoname_id":"2995907","h3_hexagon":599535574696591359,"downloaders":{"size":29,"mobile":2,"satellite":0,"tor":0,"tor_exit_nodes":0,"vpn":1,"relay":0,"proxy":0,"hosting":0,"service":0},"uploaders":{"size":10,"mobile":0,"satellite":0,"tor":0,"tor_exit_nodes":0,"vpn":0,"relay":0,"proxy":0,"hosting":0,"service":0}},"geometry":{"type":"Point","coordinates":[3.23806,50.28557]}},{"type":"Feature","properties":{"country_code":"GRC","city":"Lamía","geoname_id":"258620","h3_hexagon":599521793220280319,"downloaders":{"size":28,"mobile":28,"satellite":0,"tor":0,"tor_exit_nodes":0,"vpn":0,"relay":0,"proxy":0,"hosting":0,"service":0},"uploaders":{"size":10,"mobile":10,"satellite":0,"tor":0,"tor_exit_nodes":0,"vpn":0,"relay":0,"proxy":0,"hosting":0,"service":0}},"geometry":{"type":"Point","coordinates":[22.4335,38.89947]}},{"type":"Feature","properties":{"country_code":"SWE","city":"Norrköping","geoname_id":"2688368","h3_hexagon":599131796231159807,"downloaders":{"size":27,"mobile":0,"satellite":0,"tor":0,"tor_exit_nodes":0,"vpn":0,"relay":0,"proxy":0,"hosting":0,"service":0},"uploaders":{"size":10,"mobile":0,"satellite":0,"tor":0,"tor_exit_nodes":0,"vpn":0,"relay":0,"proxy":0,"hosting":0,"service":0}},"geometry":{"type":"Point","coordinates":[16.1826,58.59419]}},{"type":"Feature","properties":{"country_code":"KGZ","city":"Kant","geoname_id":"1528193","h3_hexagon":599543608432918527,"downloaders":{"size":27,"mobile":0,"satellite":0,"tor":0,"tor_exit_nodes":0,"vpn":1,"relay":0,"proxy":0,"hosting":5,"service":0},"uploaders":{"size":7,"mobile":0,"satellite":0,"tor":0,"tor_exit_nodes":0,"vpn":0,"relay":0,"proxy":0,"hosting":0,"service":0}},"geometry":{"type":"Point","coordinates":[74.85077,42.89106]}},{"type":"Feature","properties":{"country_code":"POL","city":"Łęczna","geoname_id":"766583","h3_hexagon":599509612693028863,"downloaders":{"size":27,"mobile":0,"satellite":0,"tor":0,"tor_exit_nodes":0,"vpn":0,"relay":0,"proxy":0,"hosting":0,"service":0},"uploaders":{"size":10,"mobile":0,"satellite":0,"tor":0,"tor_exit_nodes":0,"vpn":0,"relay":0,"proxy":0,"hosting":0,"service":0}},"geometry":{"type":"Point","coordinates":[22.88135,51.30121]}},{"type":"Feature","properties":{"country_code":"BIH","city":"Banja Luka","geoname_id":"3204541","h3_hexagon":599518416302243839,"downloaders":{"size":27,"mobile":0,"satellite":0,"tor":0,"tor_exit_nodes":0,"vpn":0,"relay":0,"proxy":0,"hosting":0,"service":0},"uploaders":{"size":9,"mobile":0,"satellite":0,"tor":0,"tor_exit_nodes":0,"vpn":0,"relay":0,"proxy":0,"hosting":0,"service":0}},"geometry":{"type":"Point","coordinates":[17.20629,44.77879]}},{"type":"Feature","properties":{"country_code":"MYS","city":"Rawang","geoname_id":"1735150","h3_hexagon":600755938114142207,"downloaders":{"size":26,"mobile":1,"satellite":0,"tor":0,"tor_exit_nodes":0,"vpn":0,"relay":0,"proxy":0,"hosting":0,"service":0},"uploaders":{"size":13,"mobile":0,"satellite":0,"tor":0,"tor_exit_nodes":0,"vpn":0,"relay":0,"proxy":0,"hosting":0,"service":0}},"geometry":{"type":"Point","coordinates":[101.5767,3.3213]}},{"type":"Feature","properties":{"country_code":"GBR","city":"Peterborough","geoname_id":"2640354","h3_hexagon":599423161443811327,"downloaders":{"size":26,"mobile":0,"satellite":0,"tor":0,"tor_exit_nodes":0,"vpn":0,"relay":0,"proxy":0,"hosting":26,"service":0},"uploaders":{"size":13,"mobile":0,"satellite":0,"tor":0,"tor_exit_nodes":0,"vpn":0,"relay":0,"proxy":0,"hosting":13,"service":0}},"geometry":{"type":"Point","coordinates":[-0.24777,52.57364]}},{"type":"Feature","properties":{"country_code":"CAN","city":"Nepean","geoname_id":"6087029","h3_hexagon":599744260715053055,"downloaders":{"size":26,"mobile":0,"satellite":0,"tor":0,"tor_exit_nodes":0,"vpn":0,"relay":0,"proxy":0,"hosting":0,"service":0},"uploaders":{"size":4,"mobile":0,"satellite":0,"tor":0,"tor_exit_nodes":0,"vpn":0,"relay":0,"proxy":0,"hosting":0,"service":0}},"geometry":{"type":"Point","coordinates":[-75.7225,45.33619]}},{"type":"Feature","properties":{"country_code":"DEU","city":"Wiesbaden","geoname_id":"2809346","h3_hexagon":599536104051310591,"downloaders":{"size":26,"mobile":0,"satellite":0,"tor":0,"tor_exit_nodes":0,"vpn":0,"relay":0,"proxy":0,"hosting":0,"service":0},"uploaders":{"size":8,"mobile":0,"satellite":0,"tor":0,"tor_exit_nodes":0,"vpn":0,"relay":0,"proxy":0,"hosting":0,"service":0}},"geometry":{"type":"Point","coordinates":[8.24435,50.08601]}},{"type":"Feature","properties":{"country_code":"USA","city":"St. Petersburg","geoname_id":"4171563","h3_hexagon":600176845526138879,"downloaders":{"size":24,"mobile":0,"satellite":0,"tor":0,"tor_exit_nodes":0,"vpn":0,"relay":0,"proxy":0,"hosting":1,"service":0},"uploaders":{"size":9,"mobile":0,"satellite":0,"tor":0,"tor_exit_nodes":0,"vpn":0,"relay":0,"proxy":0,"hosting":0,"service":0}},"geometry":{"type":"Point","coordinates":[-82.67927,27.77086]}},{"type":"Feature","properties":{"country_code":"ROU","city":"Bistriţa","geoname_id":"684657","h3_hexagon":599512483878666239,"downloaders":{"size":24,"mobile":0,"satellite":0,"tor":0,"tor_exit_nodes":0,"vpn":1,"relay":0,"proxy":0,"hosting":0,"service":0},"uploaders":{"size":11,"mobile":0,"satellite":0,"tor":0,"tor_exit_nodes":0,"vpn":0,"relay":0,"proxy":0,"hosting":0,"service":0}},"geometry":{"type":"Point","coordinates":[24.50011,47.13316]}},{"type":"Feature","properties":{"country_code":"USA","city":"Bend","geoname_id":"5713587","h3_hexagon":599694052547362815,"downloaders":{"size":23,"mobile":0,"satellite":0,"tor":0,"tor_exit_nodes":0,"vpn":19,"relay":0,"proxy":0,"hosting":19,"service":19},"uploaders":{"size":13,"mobile":0,"satellite":0,"tor":0,"tor_exit_nodes":0,"vpn":12,"relay":0,"proxy":0,"hosting":12,"service":12}},"geometry":{"type":"Point","coordinates":[-121.31531,44.05817]}},{"type":"Feature","properties":{"country_code":"SWE","city":"Åkersberga","geoname_id":"2727234","h3_hexagon":599128463336538111,"downloaders":{"size":22,"mobile":0,"satellite":0,"tor":0,"tor_exit_nodes":0,"vpn":18,"relay":0,"proxy":0,"hosting":0,"service":18},"uploaders":{"size":4,"mobile":0,"satellite":0,"tor":0,"tor_exit_nodes":0,"vpn":4,"relay":0,"proxy":0,"hosting":0,"service":4}},"geometry":{"type":"Point","coordinates":[18.29967,59.47944]}},{"type":"Feature","properties":{"country_code":"GRC","city":"Akhinós","geoname_id":"265469","h3_hexagon":599521805031440383,"downloaders":{"size":21,"mobile":21,"satellite":0,"tor":0,"tor_exit_nodes":0,"vpn":0,"relay":0,"proxy":0,"hosting":0,"service":0},"uploaders":{"size":6,"mobile":6,"satellite":0,"tor":0,"tor_exit_nodes":0,"vpn":0,"relay":0,"proxy":0,"hosting":0,"service":0}},"geometry":{"type":"Point","coordinates":[22.72483,38.89284]}},{"type":"Feature","properties":{"country_code":"FRA","city":"Béziers","geoname_id":"3032833","h3_hexagon":599988199825080319,"downloaders":{"size":21,"mobile":1,"satellite":0,"tor":0,"tor_exit_nodes":0,"vpn":0,"relay":0,"proxy":0,"hosting":0,"service":0},"uploaders":{"size":10,"mobile":0,"satellite":0,"tor":0,"tor_exit_nodes":0,"vpn":0,"relay":0,"proxy":0,"hosting":0,"service":0}},"geometry":{"type":"Point","coordinates":[3.21402,43.34122]}},{"type":"Feature","properties":{"country_code":"SWE","city":"Linköping","geoname_id":"2694762","h3_hexagon":599131845623283711,"downloaders":{"size":21,"mobile":0,"satellite":0,"tor":0,"tor_exit_nodes":0,"vpn":0,"relay":0,"proxy":0,"hosting":0,"service":0},"uploaders":{"size":12,"mobile":0,"satellite":0,"tor":0,"tor_exit_nodes":0,"vpn":0,"relay":0,"proxy":0,"hosting":0,"service":0}},"geometry":{"type":"Point","coordinates":[15.62157,58.41086]}},{"type":"Feature","properties":{"country_code":"USA","city":"Westford","geoname_id":"4955219","h3_hexagon":599720954075021311,"downloaders":{"size":21,"mobile":0,"satellite":0,"tor":0,"tor_exit_nodes":0,"vpn":0,"relay":0,"proxy":0,"hosting":0,"service":0},"uploaders":{"size":11,"mobile":0,"satellite":0,"tor":0,"tor_exit_nodes":0,"vpn":0,"relay":0,"proxy":0,"hosting":0,"service":0}},"geometry":{"type":"Point","coordinates":[-71.43784,42.57926]}},{"type":"Feature","properties":{"country_code":"USA","city":"Palo Alto","geoname_id":"5380748","h3_hexagon":599686043507097599,"downloaders":{"size":21,"mobile":2,"satellite":0,"tor":0,"tor_exit_nodes":0,"vpn":0,"relay":0,"proxy":0,"hosting":0,"service":0},"uploaders":{"size":8,"mobile":0,"satellite":0,"tor":0,"tor_exit_nodes":0,"vpn":0,"relay":0,"proxy":0,"hosting":0,"service":0}},"geometry":{"type":"Point","coordinates":[-122.14302,37.44188]}},{"type":"Feature","properties":{"country_code":"USA","city":"Southfield","geoname_id":"5010636","h3_hexagon":599729906934349823,"downloaders":{"size":21,"mobile":2,"satellite":0,"tor":0,"tor_exit_nodes":0,"vpn":0,"relay":0,"proxy":0,"hosting":0,"service":0},"uploaders":{"size":12,"mobile":0,"satellite":0,"tor":0,"tor_exit_nodes":0,"vpn":0,"relay":0,"proxy":0,"hosting":0,"service":0}},"geometry":{"type":"Point","coordinates":[-83.22187,42.47337]}},{"type":"Feature","properties":{"country_code":"ARG","city":"Río Cuarto","geoname_id":"3838874","h3_hexagon":602116283105804287,"downloaders":{"size":20,"mobile":14,"satellite":0,"tor":0,"tor_exit_nodes":0,"vpn":0,"relay":0,"proxy":0,"hosting":0,"service":0},"uploaders":{"size":7,"mobile":7,"satellite":0,"tor":0,"tor_exit_nodes":0,"vpn":0,"relay":0,"proxy":0,"hosting":0,"service":0}},"geometry":{"type":"Point","coordinates":[-64.35272,-33.13044]}},{"type":"Feature","properties":{"country_code":"USA","city":"Livonia","geoname_id":"4999837","h3_hexagon":599729876869578751,"downloaders":{"size":20,"mobile":1,"satellite":0,"tor":0,"tor_exit_nodes":0,"vpn":0,"relay":0,"proxy":0,"hosting":0,"service":0},"uploaders":{"size":12,"mobile":0,"satellite":0,"tor":0,"tor_exit_nodes":0,"vpn":0,"relay":0,"proxy":0,"hosting":0,"service":0}},"geometry":{"type":"Point","coordinates":[-83.35271,42.36837]}},{"type":"Feature","properties":{"country_code":"USA","city":"Wylie","geoname_id":"4743275","h3_hexagon":599661007068987391,"downloaders":{"size":20,"mobile":1,"satellite":0,"tor":0,"tor_exit_nodes":0,"vpn":0,"relay":0,"proxy":0,"hosting":0,"service":0},"uploaders":{"size":5,"mobile":0,"satellite":0,"tor":0,"tor_exit_nodes":0,"vpn":0,"relay":0,"proxy":0,"hosting":0,"service":0}},"geometry":{"type":"Point","coordinates":[-96.53888,33.01512]}},{"type":"Feature","properties":{"country_code":"RUS","city":"Vidnoye","geoname_id":"473778","h3_hexagon":599286731807653887,"downloaders":{"size":20,"mobile":0,"satellite":0,"tor":0,"tor_exit_nodes":0,"vpn":2,"relay":0,"proxy":0,"hosting":1,"service":0},"uploaders":{"size":4,"mobile":0,"satellite":0,"tor":0,"tor_exit_nodes":0,"vpn":0,"relay":0,"proxy":0,"hosting":0,"service":0}},"geometry":{"type":"Point","coordinates":[37.70885,55.5523]}},{"type":"Feature","properties":{"country_code":"ITA","city":"Cuneo","geoname_id":"3177700","h3_hexagon":599534693154553855,"downloaders":{"size":20,"mobile":0,"satellite":0,"tor":0,"tor_exit_nodes":0,"vpn":1,"relay":0,"proxy":0,"hosting":0,"service":0},"uploaders":{"size":8,"mobile":0,"satellite":0,"tor":0,"tor_exit_nodes":0,"vpn":0,"relay":0,"proxy":0,"hosting":0,"service":0}},"geometry":{"type":"Point","coordinates":[7.54828,44.39071]}},{"type":"Feature","properties":{"country_code":"USA","city":"Hillsborough","geoname_id":"5357155","h3_hexagon":599685776145383423,"downloaders":{"size":19,"mobile":1,"satellite":0,"tor":0,"tor_exit_nodes":0,"vpn":2,"relay":0,"proxy":0,"hosting":0,"service":0},"uploaders":{"size":11,"mobile":0,"satellite":0,"tor":0,"tor_exit_nodes":0,"vpn":0,"relay":0,"proxy":0,"hosting":0,"service":0}},"geometry":{"type":"Point","coordinates":[-122.37942,37.5741]}},{"type":"Feature","properties":{"country_code":"NOR","city":"Jørpeland","geoname_id":"3150742","h3_hexagon":599146027605295103,"downloaders":{"size":19,"mobile":0,"satellite":0,"tor":0,"tor_exit_nodes":0,"vpn":2,"relay":0,"proxy":0,"hosting":0,"service":0},"uploaders":{"size":12,"mobile":0,"satellite":0,"tor":0,"tor_exit_nodes":0,"vpn":0,"relay":0,"proxy":0,"hosting":0,"service":0}},"geometry":{"type":"Point","coordinates":[6.04078,59.02251]}},{"type":"Feature","properties":{"country_code":"NOR","city":"Kristiansand","geoname_id":"3149318","h3_hexagon":599147973225480191,"downloaders":{"size":19,"mobile":0,"satellite":0,"tor":0,"tor_exit_nodes":0,"vpn":10,"relay":0,"proxy":0,"hosting":10,"service":10},"uploaders":{"size":3,"mobile":0,"satellite":0,"tor":0,"tor_exit_nodes":0,"vpn":3,"relay":0,"proxy":0,"hosting":3,"service":3}},"geometry":{"type":"Point","coordinates":[7.9956,58.14671]}},{"type":"Feature","properties":{"country_code":"USA","city":"Boise","geoname_id":"5586437","h3_hexagon":599691524959109119,"downloaders":{"size":18,"mobile":0,"satellite":0,"tor":0,"tor_exit_nodes":0,"vpn":0,"relay":0,"proxy":0,"hosting":0,"service":0},"uploaders":{"size":10,"mobile":0,"satellite":0,"tor":0,"tor_exit_nodes":0,"vpn":0,"relay":0,"proxy":0,"hosting":0,"service":0}},"geometry":{"type":"Point","coordinates":[-116.20345,43.6135]}},{"type":"Feature","properties":{"country_code":"CAN","city":"Regina","geoname_id":"6119109","h3_hexagon":599675854770929663,"downloaders":{"size":18,"mobile":8,"satellite":1,"tor":4,"tor_exit_nodes":0,"vpn":0,"relay":0,"proxy":0,"hosting":0,"service":0},"uploaders":{"size":5,"mobile":1,"satellite":0,"tor":4,"tor_exit_nodes":0,"vpn":0,"relay":0,"proxy":0,"hosting":0,"service":0}},"geometry":{"type":"Point","coordinates":[-104.6178,50.45008]}},{"type":"Feature","properties":{"country_code":"PHL","city":"Davao","geoname_id":"1715348","h3_hexagon":600814425905037311,"downloaders":{"size":18,"mobile":6,"satellite":0,"tor":0,"tor_exit_nodes":0,"vpn":0,"relay":0,"proxy":0,"hosting":0,"service":0},"uploaders":{"size":4,"mobile":2,"satellite":0,"tor":0,"tor_exit_nodes":0,"vpn":0,"relay":0,"proxy":0,"hosting":0,"service":0}},"geometry":{"type":"Point","coordinates":[125.61278,7.07306]}},{"type":"Feature","properties":{"country_code":"SRB","city":"Vršac","geoname_id":"784136","h3_hexagon":599522329017450495,"downloaders":{"size":18,"mobile":0,"satellite":0,"tor":0,"tor_exit_nodes":0,"vpn":0,"relay":0,"proxy":0,"hosting":0,"service":0},"uploaders":{"size":10,"mobile":0,"satellite":0,"tor":0,"tor_exit_nodes":0,"vpn":0,"relay":0,"proxy":0,"hosting":0,"service":0}},"geometry":{"type":"Point","coordinates":[21.30361,45.11667]}},{"type":"Feature","properties":{"country_code":"USA","city":"Indianapolis","geoname_id":"4259418","h3_hexagon":599727676772581375,"downloaders":{"size":18,"mobile":0,"satellite":0,"tor":0,"tor_exit_nodes":0,"vpn":0,"relay":0,"proxy":0,"hosting":0,"service":0},"uploaders":{"size":11,"mobile":0,"satellite":0,"tor":0,"tor_exit_nodes":0,"vpn":0,"relay":0,"proxy":0,"hosting":0,"service":0}},"geometry":{"type":"Point","coordinates":[-86.0094,39.8977]}},{"type":"Feature","properties":{"country_code":"CAN","city":"Ajax","geoname_id":"5882873","h3_hexagon":599745907835011071,"downloaders":{"size":18,"mobile":1,"satellite":0,"tor":0,"tor_exit_nodes":0,"vpn":0,"relay":0,"proxy":0,"hosting":0,"service":0},"uploaders":{"size":10,"mobile":0,"satellite":0,"tor":0,"tor_exit_nodes":0,"vpn":0,"relay":0,"proxy":0,"hosting":0,"service":0}},"geometry":{"type":"Point","coordinates":[-79.03288,43.85012]}},{"type":"Feature","properties":{"country_code":"USA","city":"Little Rock","geoname_id":"4119403","h3_hexagon":599653528457183231,"downloaders":{"size":17,"mobile":0,"satellite":1,"tor":0,"tor_exit_nodes":0,"vpn":0,"relay":0,"proxy":0,"hosting":0,"service":0},"uploaders":{"size":8,"mobile":0,"satellite":0,"tor":0,"tor_exit_nodes":0,"vpn":0,"relay":0,"proxy":0,"hosting":0,"service":0}},"geometry":{"type":"Point","coordinates":[-92.28959,34.74648]}},{"type":"Feature","properties":{"country_code":"USA","city":"Fairfield","geoname_id":"5347335","h3_hexagon":599685739638161407,"downloaders":{"size":17,"mobile":0,"satellite":0,"tor":0,"tor_exit_nodes":0,"vpn":0,"relay":0,"proxy":0,"hosting":0,"service":0},"uploaders":{"size":13,"mobile":0,"satellite":0,"tor":0,"tor_exit_nodes":0,"vpn":0,"relay":0,"proxy":0,"hosting":0,"service":0}},"geometry":{"type":"Point","coordinates":[-122.03997,38.24936]}},{"type":"Feature","properties":{"country_code":"GBR","city":"Wolverhampton","geoname_id":"2633691","h3_hexagon":599424881578213375,"downloaders":{"size":17,"mobile":2,"satellite":0,"tor":0,"tor_exit_nodes":0,"vpn":3,"relay":0,"proxy":0,"hosting":0,"service":0},"uploaders":{"size":3,"mobile":0,"satellite":0,"tor":0,"tor_exit_nodes":0,"vpn":1,"relay":0,"proxy":0,"hosting":0,"service":0}},"geometry":{"type":"Point","coordinates":[-2.12296,52.58547]}},{"type":"Feature","properties":{"country_code":"GBR","city":"Margate","geoname_id":"2643044","h3_hexagon":599423555507060735,"downloaders":{"size":17,"mobile":0,"satellite":0,"tor":0,"tor_exit_nodes":0,"vpn":0,"relay":0,"proxy":0,"hosting":0,"service":0},"uploaders":{"size":11,"mobile":0,"satellite":0,"tor":0,"tor_exit_nodes":0,"vpn":0,"relay":0,"proxy":0,"hosting":0,"service":0}},"geometry":{"type":"Point","coordinates":[1.38617,51.38132]}},{"type":"Feature","properties":{"country_code":"CAN","city":"Drumheller","geoname_id":"5942798","h3_hexagon":599311612553199615,"downloaders":{"size":17,"mobile":0,"satellite":0,"tor":0,"tor_exit_nodes":0,"vpn":0,"relay":0,"proxy":0,"hosting":0,"service":0},"uploaders":{"size":11,"mobile":0,"satellite":0,"tor":0,"tor_exit_nodes":0,"vpn":0,"relay":0,"proxy":0,"hosting":0,"service":0}},"geometry":{"type":"Point","coordinates":[-112.71011,51.46171]}},{"type":"Feature","properties":{"country_code":"USA","city":"Germantown","geoname_id":"4624601","h3_hexagon":599653418935517183,"downloaders":{"size":16,"mobile":14,"satellite":0,"tor":0,"tor_exit_nodes":0,"vpn":0,"relay":0,"proxy":0,"hosting":0,"service":0},"uploaders":{"size":11,"mobile":11,"satellite":0,"tor":0,"tor_exit_nodes":0,"vpn":0,"relay":0,"proxy":0,"hosting":0,"service":0}},"geometry":{"type":"Point","coordinates":[-89.81009,35.08676]}},{"type":"Feature","properties":{"country_code":"POL","city":"Otwock","geoname_id":"762788","h3_hexagon":599529834472800255,"downloaders":{"size":16,"mobile":0,"satellite":0,"tor":0,"tor_exit_nodes":0,"vpn":0,"relay":0,"proxy":0,"hosting":11,"service":0},"uploaders":{"size":9,"mobile":0,"satellite":0,"tor":0,"tor_exit_nodes":0,"vpn":0,"relay":0,"proxy":0,"hosting":9,"service":0}},"geometry":{"type":"Point","coordinates":[21.26129,52.10577]}},{"type":"Feature","properties":{"country_code":"CAN","city":"Quinte West","geoname_id":"6115355","h3_hexagon":599746030241579007,"downloaders":{"size":16,"mobile":1,"satellite":0,"tor":0,"tor_exit_nodes":0,"vpn":0,"relay":0,"proxy":0,"hosting":0,"service":0},"uploaders":{"size":10,"mobile":0,"satellite":0,"tor":0,"tor_exit_nodes":0,"vpn":0,"relay":0,"proxy":0,"hosting":0,"service":0}},"geometry":{"type":"Point","coordinates":[-77.56618,44.18342]}},{"type":"Feature","properties":{"country_code":"EST","city":"Tallinn","geoname_id":"588409","h3_hexagon":599130193134616575,"downloaders":{"size":16,"mobile":0,"satellite":0,"tor":11,"tor_exit_nodes":0,"vpn":11,"relay":0,"proxy":0,"hosting":13,"service":11},"uploaders":{"size":9,"mobile":0,"satellite":0,"tor":9,"tor_exit_nodes":0,"vpn":9,"relay":0,"proxy":0,"hosting":9,"service":9}},"geometry":{"type":"Point","coordinates":[24.7041,59.4241]}},{"type":"Feature","properties":{"country_code":"USA","city":"San Luis Obispo","geoname_id":"5392323","h3_hexagon":599711972224663551,"downloaders":{"size":15,"mobile":0,"satellite":0,"tor":0,"tor_exit_nodes":0,"vpn":0,"relay":0,"proxy":0,"hosting":0,"service":0},"uploaders":{"size":12,"mobile":0,"satellite":0,"tor":0,"tor_exit_nodes":0,"vpn":0,"relay":0,"proxy":0,"hosting":0,"service":0}},"geometry":{"type":"Point","coordinates":[-120.65962,35.28275]}},{"type":"Feature","properties":{"country_code":"USA","city":"Melbourne","geoname_id":"4163971","h3_hexagon":600186575774547967,"downloaders":{"size":15,"mobile":1,"satellite":0,"tor":0,"tor_exit_nodes":0,"vpn":0,"relay":0,"proxy":0,"hosting":0,"service":0},"uploaders":{"size":12,"mobile":0,"satellite":0,"tor":0,"tor_exit_nodes":0,"vpn":0,"relay":0,"proxy":0,"hosting":0,"service":0}},"geometry":{"type":"Point","coordinates":[-80.60811,28.08363]}},{"type":"Feature","properties":{"country_code":"CZE","city":"Pilsen","geoname_id":"3068160","h3_hexagon":599509871464808447,"downloaders":{"size":15,"mobile":0,"satellite":0,"tor":0,"tor_exit_nodes":0,"vpn":2,"relay":0,"proxy":0,"hosting":9,"service":0},"uploaders":{"size":4,"mobile":0,"satellite":0,"tor":0,"tor_exit_nodes":0,"vpn":0,"relay":0,"proxy":0,"hosting":4,"service":0}},"geometry":{"type":"Point","coordinates":[13.37759,49.74747]}},{"type":"Feature","properties":{"country_code":"IND","city":"Lucknow","geoname_id":"1264733","h3_hexagon":600061619069779967,"downloaders":{"size":15,"mobile":8,"satellite":0,"tor":0,"tor_exit_nodes":0,"vpn":0,"relay":0,"proxy":0,"hosting":1,"service":0},"uploaders":{"size":3,"mobile":3,"satellite":0,"tor":0,"tor_exit_nodes":0,"vpn":0,"relay":0,"proxy":0,"hosting":0,"service":0}},"geometry":{"type":"Point","coordinates":[80.92313,26.83928]}},{"type":"Feature","properties":{"country_code":"UGA","city":"Kampala","geoname_id":"232422","h3_hexagon":600857306858520575,"downloaders":{"size":14,"mobile":10,"satellite":0,"tor":0,"tor_exit_nodes":0,"vpn":0,"relay":0,"proxy":0,"hosting":0,"service":0},"uploaders":{"size":3,"mobile":2,"satellite":0,"tor":0,"tor_exit_nodes":0,"vpn":0,"relay":0,"proxy":0,"hosting":0,"service":0}},"geometry":{"type":"Point","coordinates":[32.58219,0.31628]}},{"type":"Feature","properties":{"country_code":"USA","city":"Saginaw","geoname_id":"5007989","h3_hexagon":599670194004033535,"downloaders":{"size":14,"mobile":0,"satellite":0,"tor":0,"tor_exit_nodes":0,"vpn":0,"relay":0,"proxy":0,"hosting":0,"service":0},"uploaders":{"size":11,"mobile":0,"satellite":0,"tor":0,"tor_exit_nodes":0,"vpn":0,"relay":0,"proxy":0,"hosting":0,"service":0}},"geometry":{"type":"Point","coordinates":[-83.95081,43.41947]}},{"type":"Feature","properties":{"country_code":"USA","city":"Chapel Hill","geoname_id":"4460162","h3_hexagon":599727219358564351,"downloaders":{"size":14,"mobile":1,"satellite":0,"tor":0,"tor_exit_nodes":0,"vpn":0,"relay":0,"proxy":0,"hosting":0,"service":0},"uploaders":{"size":12,"mobile":0,"satellite":0,"tor":0,"tor_exit_nodes":0,"vpn":0,"relay":0,"proxy":0,"hosting":0,"service":0}},"geometry":{"type":"Point","coordinates":[-79.05584,35.9132]}},{"type":"Feature","properties":{"country_code":"USA","city":"Algonquin","geoname_id":"4883078","h3_hexagon":599670977835565055,"downloaders":{"size":14,"mobile":0,"satellite":0,"tor":0,"tor_exit_nodes":0,"vpn":0,"relay":0,"proxy":0,"hosting":0,"service":0},"uploaders":{"size":10,"mobile":0,"satellite":0,"tor":0,"tor_exit_nodes":0,"vpn":0,"relay":0,"proxy":0,"hosting":0,"service":0}},"geometry":{"type":"Point","coordinates":[-88.29425,42.16558]}},{"type":"Feature","properties":{"country_code":"USA","city":"Dardenne Prairie","geoname_id":"4383306","h3_hexagon":599652079979462655,"downloaders":{"size":13,"mobile":0,"satellite":0,"tor":0,"tor_exit_nodes":0,"vpn":0,"relay":0,"proxy":0,"hosting":0,"service":0},"uploaders":{"size":11,"mobile":0,"satellite":0,"tor":0,"tor_exit_nodes":0,"vpn":0,"relay":0,"proxy":0,"hosting":0,"service":0}},"geometry":{"type":"Point","coordinates":[-90.72902,38.7695]}},{"type":"Feature","properties":{"country_code":"USA","city":"Galesburg","geoname_id":"4893392","h3_hexagon":599655324827254783,"downloaders":{"size":13,"mobile":0,"satellite":0,"tor":0,"tor_exit_nodes":0,"vpn":0,"relay":0,"proxy":0,"hosting":0,"service":0},"uploaders":{"size":12,"mobile":0,"satellite":0,"tor":0,"tor_exit_nodes":0,"vpn":0,"relay":0,"proxy":0,"hosting":0,"service":0}},"geometry":{"type":"Point","coordinates":[-90.37124,40.94782]}},{"type":"Feature","properties":{"country_code":"USA","city":"Ashburn","geoname_id":"4744870","h3_hexagon":599729343219892223,"downloaders":{"size":13,"mobile":0,"satellite":0,"tor":0,"tor_exit_nodes":0,"vpn":13,"relay":0,"proxy":0,"hosting":13,"service":13},"uploaders":{"size":8,"mobile":0,"satellite":0,"tor":0,"tor_exit_nodes":0,"vpn":8,"relay":0,"proxy":0,"hosting":8,"service":8}},"geometry":{"type":"Point","coordinates":[-77.6452,39.0853]}},{"type":"Feature","properties":{"country_code":"USA","city":"De Pere","geoname_id":"5250201","h3_hexagon":599669468154560511,"downloaders":{"size":13,"mobile":0,"satellite":0,"tor":0,"tor_exit_nodes":0,"vpn":1,"relay":0,"proxy":0,"hosting":0,"service":0},"uploaders":{"size":12,"mobile":0,"satellite":0,"tor":0,"tor_exit_nodes":0,"vpn":0,"relay":0,"proxy":0,"hosting":0,"service":0}},"geometry":{"type":"Point","coordinates":[-88.06038,44.44888]}},{"type":"Feature","properties":{"country_code":"USA","city":"Burien","geoname_id":"5788516","h3_hexagon":599697130965172223,"downloaders":{"size":12,"mobile":0,"satellite":0,"tor":0,"tor_exit_nodes":0,"vpn":0,"relay":0,"proxy":0,"hosting":0,"service":0},"uploaders":{"size":10,"mobile":0,"satellite":0,"tor":0,"tor_exit_nodes":0,"vpn":0,"relay":0,"proxy":0,"hosting":0,"service":0}},"geometry":{"type":"Point","coordinates":[-122.34679,47.47038]}},{"type":"Feature","properties":{"country_code":"USA","city":"Prescott","geoname_id":"5268045","h3_hexagon":599650312600420351,"downloaders":{"size":12,"mobile":0,"satellite":0,"tor":0,"tor_exit_nodes":0,"vpn":0,"relay":0,"proxy":0,"hosting":0,"service":0},"uploaders":{"size":10,"mobile":0,"satellite":0,"tor":0,"tor_exit_nodes":0,"vpn":0,"relay":0,"proxy":0,"hosting":0,"service":0}},"geometry":{"type":"Point","coordinates":[-92.80215,44.74886]}},{"type":"Feature","properties":{"country_code":"ROU","city":"Orăştie","geoname_id":"671757","h3_hexagon":599522194799722495,"downloaders":{"size":12,"mobile":0,"satellite":0,"tor":0,"tor_exit_nodes":0,"vpn":0,"relay":0,"proxy":0,"hosting":12,"service":0},"uploaders":{"size":12,"mobile":0,"satellite":0,"tor":0,"tor_exit_nodes":0,"vpn":0,"relay":0,"proxy":0,"hosting":12,"service":0}},"geometry":{"type":"Point","coordinates":[23.2,45.83333]}},{"type":"Feature","properties":{"country_code":"USA","city":"Bloomington","geoname_id":"4254679","h3_hexagon":599654699909513215,"downloaders":{"size":12,"mobile":0,"satellite":0,"tor":0,"tor_exit_nodes":0,"vpn":0,"relay":0,"proxy":0,"hosting":0,"service":0},"uploaders":{"size":11,"mobile":0,"satellite":0,"tor":0,"tor_exit_nodes":0,"vpn":0,"relay":0,"proxy":0,"hosting":0,"service":0}},"geometry":{"type":"Point","coordinates":[-86.52639,39.16533]}},{"type":"Feature","properties":{"country_code":"USA","city":"Charleston","geoname_id":"4612805","h3_hexagon":600188768355352575,"downloaders":{"size":12,"mobile":12,"satellite":0,"tor":0,"tor_exit_nodes":0,"vpn":0,"relay":0,"proxy":0,"hosting":0,"service":0},"uploaders":{"size":11,"mobile":11,"satellite":0,"tor":0,"tor_exit_nodes":0,"vpn":0,"relay":0,"proxy":0,"hosting":0,"service":0}},"geometry":{"type":"Point","coordinates":[-84.75827,35.2873]}},{"type":"Feature","properties":{"country_code":"USA","city":"Cleveland Heights","geoname_id":"4833320","h3_hexagon":599729958473957375,"downloaders":{"size":12,"mobile":0,"satellite":0,"tor":0,"tor_exit_nodes":0,"vpn":0,"relay":0,"proxy":0,"hosting":0,"service":0},"uploaders":{"size":8,"mobile":0,"satellite":0,"tor":0,"tor_exit_nodes":0,"vpn":0,"relay":0,"proxy":0,"hosting":0,"service":0}},"geometry":{"type":"Point","coordinates":[-81.55624,41.52005]}},{"type":"Feature","properties":{"country_code":"USA","city":"Sealy","geoname_id":"4727629","h3_hexagon":600255517515841535,"downloaders":{"size":12,"mobile":12,"satellite":0,"tor":0,"tor_exit_nodes":0,"vpn":0,"relay":0,"proxy":0,"hosting":0,"service":0},"uploaders":{"size":12,"mobile":12,"satellite":0,"tor":0,"tor_exit_nodes":0,"vpn":0,"relay":0,"proxy":0,"hosting":0,"service":0}},"geometry":{"type":"Point","coordinates":[-96.15718,29.78079]}},{"type":"Feature","properties":{"country_code":"USA","city":"Worcester","geoname_id":"4956184","h3_hexagon":599721186003255295,"downloaders":{"size":11,"mobile":0,"satellite":0,"tor":0,"tor_exit_nodes":0,"vpn":0,"relay":0,"proxy":0,"hosting":0,"service":0},"uploaders":{"size":8,"mobile":0,"satellite":0,"tor":0,"tor_exit_nodes":0,"vpn":0,"relay":0,"proxy":0,"hosting":0,"service":0}},"geometry":{"type":"Point","coordinates":[-71.80229,42.26259]}},{"type":"Feature","properties":{"country_code":"NLD","city":"Wemeldinge","geoname_id":"2744839","h3_hexagon":599425917739073535,"downloaders":{"size":11,"mobile":0,"satellite":0,"tor":0,"tor_exit_nodes":0,"vpn":0,"relay":0,"proxy":0,"hosting":0,"service":0},"uploaders":{"size":10,"mobile":0,"satellite":0,"tor":0,"tor_exit_nodes":0,"vpn":0,"relay":0,"proxy":0,"hosting":0,"service":0}},"geometry":{"type":"Point","coordinates":[3.99722,51.51833]}},{"type":"Feature","properties":{"country_code":"GRC","city":"Livanátes","geoname_id":"258182","h3_hexagon":599521801810214911,"downloaders":{"size":11,"mobile":11,"satellite":0,"tor":0,"tor_exit_nodes":0,"vpn":0,"relay":0,"proxy":0,"hosting":0,"service":0},"uploaders":{"size":5,"mobile":5,"satellite":0,"tor":0,"tor_exit_nodes":0,"vpn":0,"relay":0,"proxy":0,"hosting":0,"service":0}},"geometry":{"type":"Point","coordinates":[23.0503,38.711]}},{"type":"Feature","properties":{"country_code":"ISL","city":"Reykjanesbær","geoname_id":"8644037","h3_hexagon":599108287727665151,"downloaders":{"size":11,"mobile":0,"satellite":0,"tor":0,"tor_exit_nodes":0,"vpn":10,"relay":0,"proxy":0,"hosting":11,"service":10},"uploaders":{"size":5,"mobile":0,"satellite":0,"tor":0,"tor_exit_nodes":0,"vpn":5,"relay":0,"proxy":0,"hosting":5,"service":5}},"geometry":{"type":"Point","coordinates":[-22.56111,63.99813]}},{"type":"Feature","properties":{"country_code":"DEU","city":"Langenzenn","geoname_id":"2880862","h3_hexagon":599535897892880383,"downloaders":{"size":10,"mobile":0,"satellite":0,"tor":0,"tor_exit_nodes":0,"vpn":0,"relay":0,"proxy":0,"hosting":0,"service":0},"uploaders":{"size":4,"mobile":0,"satellite":0,"tor":0,"tor_exit_nodes":0,"vpn":0,"relay":0,"proxy":0,"hosting":0,"service":0}},"geometry":{"type":"Point","coordinates":[10.7923,49.49463]}},{"type":"Feature","properties":{"country_code":"FRA","city":"Amboise","geoname_id":"3037902","h3_hexagon":599408389977538559,"downloaders":{"size":10,"mobile":0,"satellite":0,"tor":0,"tor_exit_nodes":0,"vpn":0,"relay":0,"proxy":0,"hosting":0,"service":0},"uploaders":{"size":10,"mobile":0,"satellite":0,"tor":0,"tor_exit_nodes":0,"vpn":0,"relay":0,"proxy":0,"hosting":0,"service":0}},"geometry":{"type":"Point","coordinates":[0.98266,47.41249]}},{"type":"Feature","properties":{"country_code":"USA","city":"Saint Paul","geoname_id":"5045360","h3_hexagon":599670510757871615,"downloaders":{"size":10,"mobile":0,"satellite":0,"tor":0,"tor_exit_nodes":0,"vpn":0,"relay":0,"proxy":0,"hosting":0,"service":0},"uploaders":{"size":4,"mobile":0,"satellite":0,"tor":0,"tor_exit_nodes":0,"vpn":0,"relay":0,"proxy":0,"hosting":0,"service":0}},"geometry":{"type":"Point","coordinates":[-93.09327,44.94441]}},{"type":"Feature","properties":{"country_code":"USA","city":"Northport","geoname_id":"4080555","h3_hexagon":600191317418442751,"downloaders":{"size":10,"mobile":10,"satellite":0,"tor":0,"tor_exit_nodes":0,"vpn":0,"relay":0,"proxy":0,"hosting":0,"service":0},"uploaders":{"size":10,"mobile":10,"satellite":0,"tor":0,"tor_exit_nodes":0,"vpn":0,"relay":0,"proxy":0,"hosting":0,"service":0}},"geometry":{"type":"Point","coordinates":[-87.57723,33.22901]}},{"type":"Feature","properties":{"country_code":"USA","city":"Dover","geoname_id":"4142290","h3_hexagon":599729534345936895,"downloaders":{"size":10,"mobile":0,"satellite":0,"tor":0,"tor_exit_nodes":0,"vpn":0,"relay":0,"proxy":0,"hosting":0,"service":0},"uploaders":{"size":9,"mobile":0,"satellite":0,"tor":0,"tor_exit_nodes":0,"vpn":0,"relay":0,"proxy":0,"hosting":0,"service":0}},"geometry":{"type":"Point","coordinates":[-75.52437,39.15817]}},{"type":"Feature","properties":{"country_code":"USA","city":"Mission Hills","geoname_id":"5373650","h3_hexagon":599701369024151551,"downloaders":{"size":9,"mobile":0,"satellite":0,"tor":0,"tor_exit_nodes":0,"vpn":9,"relay":0,"proxy":0,"hosting":0,"service":0},"uploaders":{"size":9,"mobile":0,"satellite":0,"tor":0,"tor_exit_nodes":0,"vpn":9,"relay":0,"proxy":0,"hosting":0,"service":0}},"geometry":{"type":"Point","coordinates":[-120.43683,34.68609]}},{"type":"Feature","properties":{"country_code":"BGR","city":"Godech","geoname_id":"731384","h3_hexagon":599519989334015999,"downloaders":{"size":9,"mobile":0,"satellite":0,"tor":0,"tor_exit_nodes":0,"vpn":0,"relay":0,"proxy":0,"hosting":0,"service":0},"uploaders":{"size":8,"mobile":0,"satellite":0,"tor":0,"tor_exit_nodes":0,"vpn":0,"relay":0,"proxy":0,"hosting":0,"service":0}},"geometry":{"type":"Point","coordinates":[23.04852,43.01682]}},{"type":"Feature","properties":{"country_code":"YEM","city":"Aden","geoname_id":"415189","h3_hexagon":600434952659533823,"downloaders":{"size":9,"mobile":0,"satellite":9,"tor":0,"tor_exit_nodes":0,"vpn":0,"relay":0,"proxy":0,"hosting":0,"service":0},"uploaders":{"size":8,"mobile":0,"satellite":8,"tor":0,"tor_exit_nodes":0,"vpn":0,"relay":0,"proxy":0,"hosting":0,"service":0}},"geometry":{"type":"Point","coordinates":[45.03852,12.77957]}},{"type":"Feature","properties":{"country_code":"NOR","city":"Lakselv","geoname_id":"779082","h3_hexagon":598999003358560255,"downloaders":{"size":9,"mobile":0,"satellite":0,"tor":0,"tor_exit_nodes":0,"vpn":0,"relay":0,"proxy":0,"hosting":0,"service":0},"uploaders":{"size":9,"mobile":0,"satellite":0,"tor":0,"tor_exit_nodes":0,"vpn":0,"relay":0,"proxy":0,"hosting":0,"service":0}},"geometry":{"type":"Point","coordinates":[24.97182,70.05133]}},{"type":"Feature","properties":{"country_code":"USA","city":"Tullytown","geoname_id":"5216241","h3_hexagon":599718950472777727,"downloaders":{"size":8,"mobile":0,"satellite":0,"tor":0,"tor_exit_nodes":0,"vpn":0,"relay":0,"proxy":0,"hosting":0,"service":0},"uploaders":{"size":3,"mobile":0,"satellite":0,"tor":0,"tor_exit_nodes":0,"vpn":0,"relay":0,"proxy":0,"hosting":0,"service":0}},"geometry":{"type":"Point","coordinates":[-74.81461,40.13928]}},{"type":"Feature","properties":{"country_code":"USA","city":"The Colony","geoname_id":"4736388","h3_hexagon":599661029617565695,"downloaders":{"size":8,"mobile":6,"satellite":0,"tor":0,"tor_exit_nodes":0,"vpn":0,"relay":0,"proxy":0,"hosting":0,"service":0},"uploaders":{"size":4,"mobile":4,"satellite":0,"tor":0,"tor_exit_nodes":0,"vpn":0,"relay":0,"proxy":0,"hosting":0,"service":0}},"geometry":{"type":"Point","coordinates":[-96.88639,33.08901]}},{"type":"Feature","properties":{"country_code":"USA","city":"Vista","geoname_id":"5406602","h3_hexagon":599711332274536447,"downloaders":{"size":8,"mobile":1,"satellite":0,"tor":0,"tor_exit_nodes":0,"vpn":0,"relay":0,"proxy":0,"hosting":0,"service":0},"uploaders":{"size":3,"mobile":0,"satellite":0,"tor":0,"tor_exit_nodes":0,"vpn":0,"relay":0,"proxy":0,"hosting":0,"service":0}},"geometry":{"type":"Point","coordinates":[-117.24254,33.20004]}},{"type":"Feature","properties":{"country_code":"PHL","city":"Zamboanga","geoname_id":"1679432","h3_hexagon":600814294908534783,"downloaders":{"size":7,"mobile":0,"satellite":0,"tor":0,"tor_exit_nodes":0,"vpn":0,"relay":0,"proxy":0,"hosting":0,"service":0},"uploaders":{"size":3,"mobile":0,"satellite":0,"tor":0,"tor_exit_nodes":0,"vpn":0,"relay":0,"proxy":0,"hosting":0,"service":0}},"geometry":{"type":"Point","coordinates":[122.07389,6.91028]}},{"type":"Feature","properties":{"country_code":"USA","city":"Prosper","geoname_id":"4720833","h3_hexagon":599661001700278271,"downloaders":{"size":7,"mobile":4,"satellite":0,"tor":0,"tor_exit_nodes":0,"vpn":0,"relay":0,"proxy":0,"hosting":0,"service":0},"uploaders":{"size":3,"mobile":3,"satellite":0,"tor":0,"tor_exit_nodes":0,"vpn":0,"relay":0,"proxy":0,"hosting":0,"service":0}},"geometry":{"type":"Point","coordinates":[-96.80111,33.23623]}},{"type":"Feature","properties":{"country_code":"NOR","city":"Grimstad","geoname_id":"3155041","h3_hexagon":599147983962898431,"downloaders":{"size":7,"mobile":0,"satellite":0,"tor":0,"tor_exit_nodes":0,"vpn":0,"relay":0,"proxy":0,"hosting":0,"service":0},"uploaders":{"size":4,"mobile":0,"satellite":0,"tor":0,"tor_exit_nodes":0,"vpn":0,"relay":0,"proxy":0,"hosting":0,"service":0}},"geometry":{"type":"Point","coordinates":[8.59343,58.3405]}},{"type":"Feature","properties":{"country_code":"USA","city":"Bath","geoname_id":"4957570","h3_hexagon":599721233247895551,"downloaders":{"size":6,"mobile":0,"satellite":0,"tor":0,"tor_exit_nodes":0,"vpn":0,"relay":0,"proxy":0,"hosting":0,"service":0},"uploaders":{"size":6,"mobile":0,"satellite":0,"tor":0,"tor_exit_nodes":0,"vpn":0,"relay":0,"proxy":0,"hosting":0,"service":0}},"geometry":{"type":"Point","coordinates":[-69.8206,43.91064]}},{"type":"Feature","properties":{"country_code":"CHE","city":"Rorschach","geoname_id":"2658969","h3_hexagon":599533872815800319,"downloaders":{"size":6,"mobile":0,"satellite":0,"tor":0,"tor_exit_nodes":0,"vpn":0,"relay":0,"proxy":0,"hosting":0,"service":0},"uploaders":{"size":3,"mobile":0,"satellite":0,"tor":0,"tor_exit_nodes":0,"vpn":0,"relay":0,"proxy":0,"hosting":0,"service":0}},"geometry":{"type":"Point","coordinates":[9.4903,47.478]}},{"type":"Feature","properties":{"country_code":"USA","city":"Somerset","geoname_id":"5273620","h3_hexagon":599670496799227903,"downloaders":{"size":5,"mobile":0,"satellite":0,"tor":0,"tor_exit_nodes":0,"vpn":0,"relay":0,"proxy":0,"hosting":0,"service":0},"uploaders":{"size":5,"mobile":0,"satellite":0,"tor":0,"tor_exit_nodes":0,"vpn":0,"relay":0,"proxy":0,"hosting":0,"service":0}},"geometry":{"type":"Point","coordinates":[-92.67354,45.12441]}},{"type":"Feature","properties":{"country_code":"DEU","city":"Landstuhl","geoname_id":"2881477","h3_hexagon":599533288700248063,"downloaders":{"size":5,"mobile":0,"satellite":0,"tor":3,"tor_exit_nodes":0,"vpn":0,"relay":0,"proxy":0,"hosting":0,"service":0},"uploaders":{"size":3,"mobile":0,"satellite":0,"tor":3,"tor_exit_nodes":0,"vpn":0,"relay":0,"proxy":0,"hosting":0,"service":0}},"geometry":{"type":"Point","coordinates":[7.57021,49.41306]}},{"type":"Feature","properties":{"country_code":"USA","city":"Cedarburg","geoname_id":"5248171","h3_hexagon":599671237681086463,"downloaders":{"size":4,"mobile":0,"satellite":0,"tor":0,"tor_exit_nodes":0,"vpn":0,"relay":0,"proxy":0,"hosting":0,"service":0},"uploaders":{"size":4,"mobile":0,"satellite":0,"tor":0,"tor_exit_nodes":0,"vpn":0,"relay":0,"proxy":0,"hosting":0,"service":0}},"geometry":{"type":"Point","coordinates":[-87.98759,43.29667]}},{"type":"Feature","properties":{"country_code":"USA","city":"Amarillo","geoname_id":"5516233","h3_hexagon":599661638429179903,"downloaders":{"size":4,"mobile":3,"satellite":0,"tor":0,"tor_exit_nodes":0,"vpn":0,"relay":0,"proxy":0,"hosting":0,"service":0},"uploaders":{"size":3,"mobile":3,"satellite":0,"tor":0,"tor_exit_nodes":0,"vpn":0,"relay":0,"proxy":0,"hosting":0,"service":0}},"geometry":{"type":"Point","coordinates":[-101.8313,35.222]}},{"type":"Feature","properties":{"country_code":"DEU","city":"Dillingen","geoname_id":"2936977","h3_hexagon":599535336325906431,"downloaders":{"size":4,"mobile":0,"satellite":0,"tor":0,"tor_exit_nodes":0,"vpn":0,"relay":0,"proxy":0,"hosting":0,"service":0},"uploaders":{"size":3,"mobile":0,"satellite":0,"tor":0,"tor_exit_nodes":0,"vpn":0,"relay":0,"proxy":0,"hosting":0,"service":0}},"geometry":{"type":"Point","coordinates":[6.72781,49.35557]}},{"type":"Feature","properties":{"country_code":"SWE","city":"Sveg","geoname_id":"2670061","h3_hexagon":599131364586946559,"downloaders":{"size":3,"mobile":0,"satellite":0,"tor":0,"tor_exit_nodes":0,"vpn":0,"relay":0,"proxy":0,"hosting":0,"service":0},"uploaders":{"size":3,"mobile":0,"satellite":0,"tor":0,"tor_exit_nodes":0,"vpn":0,"relay":0,"proxy":0,"hosting":0,"service":0}},"geometry":{"type":"Point","coordinates":[14.36577,62.03407]}}]}