{"type":"FeatureCollection","id":"Distributed Denial of Secrets: USA","swarm_geo_partition_by":"hexagon","swarm_hexagon_resolution":5,"swarm_size_min":3,"swarm_features_size":53943,"datestamp":"2026-02-19-to-2026-02-25","data_version":"20260521","btiha_size":25,"features":[{"type":"Feature","properties":{"country_code":"KOR","city":"Seoul","geoname_id":"1835848","h3_hexagon":599838696308473855,"downloaders":{"size":12978,"mobile":367,"satellite":0,"tor":2,"tor_exit_nodes":0,"vpn":276,"relay":0,"proxy":2,"hosting":521,"service":72},"uploaders":{"size":9,"mobile":0,"satellite":0,"tor":0,"tor_exit_nodes":0,"vpn":4,"relay":0,"proxy":0,"hosting":0,"service":0}},"geometry":{"type":"Point","coordinates":[126.9784,37.566]}},{"type":"Feature","properties":{"country_code":"CHN","city":"Nanjing","geoname_id":"1799962","h3_hexagon":599833147210727423,"downloaders":{"size":10197,"mobile":23,"satellite":0,"tor":0,"tor_exit_nodes":0,"vpn":97,"relay":0,"proxy":0,"hosting":5,"service":0},"uploaders":{"size":661,"mobile":0,"satellite":0,"tor":0,"tor_exit_nodes":0,"vpn":5,"relay":0,"proxy":0,"hosting":0,"service":0}},"geometry":{"type":"Point","coordinates":[118.77778,32.06167]}},{"type":"Feature","properties":{"country_code":"RUS","city":"Moscow","geoname_id":"524901","h3_hexagon":599289533200072703,"downloaders":{"size":7363,"mobile":60,"satellite":0,"tor":0,"tor_exit_nodes":0,"vpn":415,"relay":3,"proxy":7,"hosting":1151,"service":57},"uploaders":{"size":109,"mobile":0,"satellite":0,"tor":0,"tor_exit_nodes":0,"vpn":7,"relay":0,"proxy":0,"hosting":38,"service":0}},"geometry":{"type":"Point","coordinates":[37.61781,55.75204]}},{"type":"Feature","properties":{"country_code":"NLD","city":"Lelystad","geoname_id":"2751738","h3_hexagon":599425828618502143,"downloaders":{"size":7105,"mobile":3,"satellite":0,"tor":21,"tor_exit_nodes":9,"vpn":1145,"relay":0,"proxy":82,"hosting":7074,"service":879},"uploaders":{"size":755,"mobile":0,"satellite":0,"tor":11,"tor_exit_nodes":0,"vpn":370,"relay":0,"proxy":6,"hosting":755,"service":352}},"geometry":{"type":"Point","coordinates":[5.475,52.50833]}},{"type":"Feature","properties":{"country_code":"TUR","city":"Istanbul","geoname_id":"745044","h3_hexagon":599520334005141503,"downloaders":{"size":5702,"mobile":58,"satellite":0,"tor":0,"tor_exit_nodes":0,"vpn":16,"relay":2,"proxy":3,"hosting":42,"service":12},"uploaders":{"size":18,"mobile":0,"satellite":0,"tor":0,"tor_exit_nodes":0,"vpn":0,"relay":2,"proxy":0,"hosting":13,"service":2}},"geometry":{"type":"Point","coordinates":[28.94966,41.01384]}},{"type":"Feature","properties":{"country_code":"NLD","city":"Amsterdam","geoname_id":"2759794","h3_hexagon":599425793185021951,"downloaders":{"size":5632,"mobile":33,"satellite":1,"tor":16,"tor_exit_nodes":1,"vpn":2651,"relay":2,"proxy":16,"hosting":4863,"service":1878},"uploaders":{"size":952,"mobile":2,"satellite":0,"tor":0,"tor_exit_nodes":0,"vpn":752,"relay":0,"proxy":5,"hosting":818,"service":692}},"geometry":{"type":"Point","coordinates":[4.88969,52.37403]}},{"type":"Feature","properties":{"country_code":"RUS","city":"Saint Petersburg","geoname_id":"498817","h3_hexagon":599278232067375103,"downloaders":{"size":4213,"mobile":21,"satellite":0,"tor":0,"tor_exit_nodes":0,"vpn":114,"relay":6,"proxy":0,"hosting":276,"service":9},"uploaders":{"size":17,"mobile":0,"satellite":0,"tor":0,"tor_exit_nodes":0,"vpn":0,"relay":0,"proxy":0,"hosting":0,"service":0}},"geometry":{"type":"Point","coordinates":[30.31413,59.93863]}},{"type":"Feature","properties":{"country_code":"GBR","city":"London","geoname_id":"2643743","h3_hexagon":599423697240981503,"downloaders":{"size":4024,"mobile":157,"satellite":0,"tor":0,"tor_exit_nodes":0,"vpn":764,"relay":0,"proxy":27,"hosting":746,"service":697},"uploaders":{"size":426,"mobile":1,"satellite":0,"tor":0,"tor_exit_nodes":0,"vpn":304,"relay":0,"proxy":17,"hosting":274,"service":289}},"geometry":{"type":"Point","coordinates":[-0.12574,51.50853]}},{"type":"Feature","properties":{"country_code":"CHN","city":"Shanghai","geoname_id":"1796236","h3_hexagon":599833714146410495,"downloaders":{"size":3815,"mobile":116,"satellite":0,"tor":0,"tor_exit_nodes":0,"vpn":124,"relay":0,"proxy":4,"hosting":841,"service":0},"uploaders":{"size":28,"mobile":0,"satellite":0,"tor":0,"tor_exit_nodes":0,"vpn":0,"relay":0,"proxy":0,"hosting":1,"service":0}},"geometry":{"type":"Point","coordinates":[121.45806,31.22222]}},{"type":"Feature","properties":{"country_code":"CAN","city":"Toronto","geoname_id":"6167865","h3_hexagon":599745919646171135,"downloaders":{"size":3616,"mobile":36,"satellite":3,"tor":0,"tor_exit_nodes":30,"vpn":2900,"relay":0,"proxy":2,"hosting":3052,"service":2811},"uploaders":{"size":1213,"mobile":1,"satellite":0,"tor":0,"tor_exit_nodes":14,"vpn":1064,"relay":0,"proxy":0,"hosting":1116,"service":1034}},"geometry":{"type":"Point","coordinates":[-79.39864,43.70643]}},{"type":"Feature","properties":{"country_code":"CHN","city":"Hangzhou","geoname_id":"1808926","h3_hexagon":599833781792145407,"downloaders":{"size":3307,"mobile":3,"satellite":0,"tor":0,"tor_exit_nodes":0,"vpn":61,"relay":0,"proxy":0,"hosting":52,"service":0},"uploaders":{"size":10,"mobile":0,"satellite":0,"tor":0,"tor_exit_nodes":0,"vpn":0,"relay":0,"proxy":0,"hosting":0,"service":0}},"geometry":{"type":"Point","coordinates":[120.16142,30.29365]}},{"type":"Feature","properties":{"country_code":"FRA","city":"Paris","geoname_id":"2988507","h3_hexagon":599536505630752767,"downloaders":{"size":3082,"mobile":686,"satellite":10,"tor":0,"tor_exit_nodes":0,"vpn":585,"relay":0,"proxy":1,"hosting":1102,"service":515},"uploaders":{"size":201,"mobile":8,"satellite":1,"tor":0,"tor_exit_nodes":0,"vpn":105,"relay":0,"proxy":0,"hosting":88,"service":95}},"geometry":{"type":"Point","coordinates":[2.3488,48.85341]}},{"type":"Feature","properties":{"country_code":"HUN","city":"Budapest","geoname_id":"3054643","h3_hexagon":599506755466035199,"downloaders":{"size":2446,"mobile":103,"satellite":0,"tor":0,"tor_exit_nodes":0,"vpn":107,"relay":0,"proxy":1,"hosting":147,"service":30},"uploaders":{"size":60,"mobile":4,"satellite":0,"tor":0,"tor_exit_nodes":0,"vpn":21,"relay":0,"proxy":0,"hosting":10,"service":10}},"geometry":{"type":"Point","coordinates":[19.04045,47.49835]}},{"type":"Feature","properties":{"country_code":"USA","city":"New York City","geoname_id":"5128581","h3_hexagon":599718752904282111,"downloaders":{"size":2422,"mobile":15,"satellite":0,"tor":13,"tor_exit_nodes":0,"vpn":1852,"relay":0,"proxy":0,"hosting":1887,"service":1821},"uploaders":{"size":759,"mobile":2,"satellite":0,"tor":12,"tor_exit_nodes":0,"vpn":692,"relay":0,"proxy":0,"hosting":704,"service":690}},"geometry":{"type":"Point","coordinates":[-74.00597,40.71427]}},{"type":"Feature","properties":{"country_code":"CHN","city":"Shenzhen","geoname_id":"1795565","h3_hexagon":600124212849410047,"downloaders":{"size":2331,"mobile":10,"satellite":0,"tor":0,"tor_exit_nodes":0,"vpn":77,"relay":0,"proxy":0,"hosting":28,"service":0},"uploaders":{"size":25,"mobile":9,"satellite":0,"tor":0,"tor_exit_nodes":0,"vpn":0,"relay":0,"proxy":0,"hosting":3,"service":0}},"geometry":{"type":"Point","coordinates":[114.0683,22.54554]}},{"type":"Feature","properties":{"country_code":"POL","city":"Warsaw","geoname_id":"756135","h3_hexagon":599529866685054975,"downloaders":{"size":2235,"mobile":70,"satellite":1,"tor":3,"tor_exit_nodes":1,"vpn":130,"relay":0,"proxy":1,"hosting":196,"service":114},"uploaders":{"size":105,"mobile":27,"satellite":0,"tor":0,"tor_exit_nodes":0,"vpn":44,"relay":0,"proxy":0,"hosting":45,"service":44}},"geometry":{"type":"Point","coordinates":[21.01178,52.22977]}},{"type":"Feature","properties":{"country_code":"TUR","city":"Ankara","geoname_id":"323786","h3_hexagon":599773917464231935,"downloaders":{"size":2019,"mobile":18,"satellite":0,"tor":0,"tor_exit_nodes":0,"vpn":0,"relay":0,"proxy":0,"hosting":0,"service":0},"uploaders":{"size":4,"mobile":0,"satellite":0,"tor":0,"tor_exit_nodes":0,"vpn":0,"relay":0,"proxy":0,"hosting":0,"service":0}},"geometry":{"type":"Point","coordinates":[32.85427,39.91987]}},{"type":"Feature","properties":{"country_code":"CAN","city":"Vancouver","geoname_id":"6173331","h3_hexagon":599697732260593663,"downloaders":{"size":1977,"mobile":195,"satellite":0,"tor":2,"tor_exit_nodes":0,"vpn":1642,"relay":0,"proxy":0,"hosting":613,"service":1579},"uploaders":{"size":417,"mobile":38,"satellite":0,"tor":0,"tor_exit_nodes":0,"vpn":373,"relay":0,"proxy":0,"hosting":211,"service":352}},"geometry":{"type":"Point","coordinates":[-123.11934,49.24966]}},{"type":"Feature","properties":{"country_code":"RUS","city":"Novosibirsk","geoname_id":"1496747","h3_hexagon":599184374147055615,"downloaders":{"size":1595,"mobile":5,"satellite":0,"tor":0,"tor_exit_nodes":0,"vpn":25,"relay":1,"proxy":0,"hosting":39,"service":2},"uploaders":{"size":10,"mobile":0,"satellite":0,"tor":0,"tor_exit_nodes":0,"vpn":0,"relay":0,"proxy":0,"hosting":0,"service":0}},"geometry":{"type":"Point","coordinates":[82.93175,55.02259]}},{"type":"Feature","properties":{"country_code":"USA","city":"Chicago","geoname_id":"4887398","h3_hexagon":599654181292212223,"downloaders":{"size":1548,"mobile":49,"satellite":0,"tor":1,"tor_exit_nodes":0,"vpn":1346,"relay":0,"proxy":0,"hosting":1280,"service":1233},"uploaders":{"size":682,"mobile":31,"satellite":0,"tor":0,"tor_exit_nodes":0,"vpn":625,"relay":0,"proxy":0,"hosting":605,"service":617}},"geometry":{"type":"Point","coordinates":[-87.65005,41.85003]}},{"type":"Feature","properties":{"country_code":"CAN","city":"Montréal","geoname_id":"6077243","h3_hexagon":599746916078583807,"downloaders":{"size":1534,"mobile":77,"satellite":0,"tor":0,"tor_exit_nodes":0,"vpn":704,"relay":0,"proxy":131,"hosting":643,"service":694},"uploaders":{"size":308,"mobile":10,"satellite":0,"tor":0,"tor_exit_nodes":0,"vpn":251,"relay":0,"proxy":74,"hosting":201,"service":249}},"geometry":{"type":"Point","coordinates":[-73.58781,45.50884]}},{"type":"Feature","properties":{"country_code":"USA","city":"Seattle","geoname_id":"5809844","h3_hexagon":599697093384208383,"downloaders":{"size":1452,"mobile":4,"satellite":43,"tor":0,"tor_exit_nodes":0,"vpn":1215,"relay":0,"proxy":0,"hosting":1225,"service":1211},"uploaders":{"size":491,"mobile":0,"satellite":19,"tor":0,"tor_exit_nodes":0,"vpn":414,"relay":0,"proxy":0,"hosting":415,"service":414}},"geometry":{"type":"Point","coordinates":[-122.33207,47.60621]}},{"type":"Feature","properties":{"country_code":"CHE","city":"Zürich","geoname_id":"2657896","h3_hexagon":599533925429149695,"downloaders":{"size":1380,"mobile":103,"satellite":1,"tor":3,"tor_exit_nodes":3,"vpn":1105,"relay":0,"proxy":0,"hosting":1116,"service":1088},"uploaders":{"size":568,"mobile":1,"satellite":0,"tor":0,"tor_exit_nodes":0,"vpn":540,"relay":0,"proxy":0,"hosting":534,"service":539}},"geometry":{"type":"Point","coordinates":[8.55,47.36667]}},{"type":"Feature","properties":{"country_code":"DEU","city":"Frankfurt am Main","geoname_id":"2925533","h3_hexagon":599536111567503359,"downloaders":{"size":1356,"mobile":18,"satellite":0,"tor":20,"tor_exit_nodes":4,"vpn":668,"relay":0,"proxy":4,"hosting":1215,"service":641},"uploaders":{"size":316,"mobile":0,"satellite":0,"tor":11,"tor_exit_nodes":0,"vpn":229,"relay":0,"proxy":0,"hosting":304,"service":223}},"geometry":{"type":"Point","coordinates":[8.6299,50.1025]}},{"type":"Feature","properties":{"country_code":"USA","city":"Los Angeles","geoname_id":"5368361","h3_hexagon":599711151885910015,"downloaders":{"size":1352,"mobile":21,"satellite":0,"tor":14,"tor_exit_nodes":0,"vpn":918,"relay":0,"proxy":2,"hosting":1130,"service":898},"uploaders":{"size":503,"mobile":9,"satellite":0,"tor":12,"tor_exit_nodes":0,"vpn":428,"relay":0,"proxy":0,"hosting":451,"service":428}},"geometry":{"type":"Point","coordinates":[-118.24368,34.05223]}},{"type":"Feature","properties":{"country_code":"MEX","city":"Mexico City","geoname_id":"3530597","h3_hexagon":600273269689417727,"downloaders":{"size":1247,"mobile":22,"satellite":6,"tor":0,"tor_exit_nodes":0,"vpn":3,"relay":0,"proxy":0,"hosting":2,"service":2},"uploaders":{"size":6,"mobile":0,"satellite":2,"tor":0,"tor_exit_nodes":0,"vpn":0,"relay":0,"proxy":0,"hosting":0,"service":0}},"geometry":{"type":"Point","coordinates":[-99.12766,19.42847]}},{"type":"Feature","properties":{"country_code":"ESP","city":"Madrid","geoname_id":"3117735","h3_hexagon":599982373701943295,"downloaders":{"size":1198,"mobile":21,"satellite":5,"tor":0,"tor_exit_nodes":0,"vpn":141,"relay":2,"proxy":0,"hosting":158,"service":134},"uploaders":{"size":58,"mobile":0,"satellite":1,"tor":0,"tor_exit_nodes":0,"vpn":29,"relay":0,"proxy":0,"hosting":29,"service":29}},"geometry":{"type":"Point","coordinates":[-3.70256,40.4165]}},{"type":"Feature","properties":{"country_code":"USA","city":"Miami","geoname_id":"4164138","h3_hexagon":600186088295759871,"downloaders":{"size":1186,"mobile":9,"satellite":9,"tor":0,"tor_exit_nodes":0,"vpn":728,"relay":21,"proxy":0,"hosting":1140,"service":747},"uploaders":{"size":265,"mobile":5,"satellite":6,"tor":0,"tor_exit_nodes":0,"vpn":230,"relay":13,"proxy":0,"hosting":241,"service":241}},"geometry":{"type":"Point","coordinates":[-80.19366,25.77427]}},{"type":"Feature","properties":{"country_code":"RUS","city":"Nizhniy Novgorod","geoname_id":"520555","h3_hexagon":599261740466700287,"downloaders":{"size":1173,"mobile":9,"satellite":0,"tor":0,"tor_exit_nodes":0,"vpn":18,"relay":1,"proxy":0,"hosting":1,"service":1},"uploaders":{"size":5,"mobile":1,"satellite":0,"tor":0,"tor_exit_nodes":0,"vpn":0,"relay":0,"proxy":0,"hosting":0,"service":0}},"geometry":{"type":"Point","coordinates":[44.00205,56.32867]}},{"type":"Feature","properties":{"country_code":"USA","city":"Atlanta","geoname_id":"4180439","h3_hexagon":600188328121204735,"downloaders":{"size":1127,"mobile":2,"satellite":0,"tor":2,"tor_exit_nodes":0,"vpn":905,"relay":0,"proxy":0,"hosting":1012,"service":904},"uploaders":{"size":399,"mobile":0,"satellite":0,"tor":0,"tor_exit_nodes":0,"vpn":387,"relay":0,"proxy":0,"hosting":387,"service":387}},"geometry":{"type":"Point","coordinates":[-84.38798,33.749]}},{"type":"Feature","properties":{"country_code":"SWE","city":"Stockholm","geoname_id":"2673730","h3_hexagon":599128723182059519,"downloaders":{"size":1103,"mobile":1,"satellite":5,"tor":23,"tor_exit_nodes":4,"vpn":746,"relay":0,"proxy":0,"hosting":800,"service":732},"uploaders":{"size":334,"mobile":0,"satellite":5,"tor":1,"tor_exit_nodes":0,"vpn":283,"relay":0,"proxy":0,"hosting":313,"service":282}},"geometry":{"type":"Point","coordinates":[18.06871,59.32938]}},{"type":"Feature","properties":{"country_code":"JPN","city":"Tokyo","geoname_id":"1850147","h3_hexagon":599811782969655295,"downloaders":{"size":1035,"mobile":258,"satellite":0,"tor":0,"tor_exit_nodes":0,"vpn":197,"relay":4,"proxy":1,"hosting":269,"service":171},"uploaders":{"size":58,"mobile":17,"satellite":0,"tor":0,"tor_exit_nodes":0,"vpn":28,"relay":0,"proxy":0,"hosting":28,"service":28}},"geometry":{"type":"Point","coordinates":[139.69171,35.6895]}},{"type":"Feature","properties":{"country_code":"BRA","city":"São Paulo","geoname_id":"3448439","h3_hexagon":601935341502332927,"downloaders":{"size":1013,"mobile":20,"satellite":6,"tor":0,"tor_exit_nodes":0,"vpn":137,"relay":3,"proxy":0,"hosting":195,"service":138},"uploaders":{"size":96,"mobile":2,"satellite":0,"tor":0,"tor_exit_nodes":0,"vpn":60,"relay":0,"proxy":0,"hosting":60,"service":60}},"geometry":{"type":"Point","coordinates":[-46.63611,-23.5475]}},{"type":"Feature","properties":{"country_code":"USA","city":"Ashburn","geoname_id":"4744870","h3_hexagon":599729341072408575,"downloaders":{"size":1003,"mobile":1,"satellite":1,"tor":0,"tor_exit_nodes":0,"vpn":212,"relay":0,"proxy":0,"hosting":982,"service":212},"uploaders":{"size":128,"mobile":0,"satellite":0,"tor":0,"tor_exit_nodes":0,"vpn":72,"relay":0,"proxy":0,"hosting":119,"service":72}},"geometry":{"type":"Point","coordinates":[-77.48749,39.04372]}},{"type":"Feature","properties":{"country_code":"ITA","city":"Milan","geoname_id":"3173435","h3_hexagon":599534678122168319,"downloaders":{"size":974,"mobile":9,"satellite":9,"tor":5,"tor_exit_nodes":0,"vpn":323,"relay":0,"proxy":0,"hosting":448,"service":308},"uploaders":{"size":184,"mobile":3,"satellite":7,"tor":0,"tor_exit_nodes":0,"vpn":134,"relay":0,"proxy":0,"hosting":148,"service":128}},"geometry":{"type":"Point","coordinates":[9.18951,45.46427]}},{"type":"Feature","properties":{"country_code":"BGR","city":"Sofia","geoname_id":"727011","h3_hexagon":599520012956336127,"downloaders":{"size":961,"mobile":21,"satellite":1,"tor":2,"tor_exit_nodes":0,"vpn":112,"relay":4,"proxy":0,"hosting":164,"service":88},"uploaders":{"size":47,"mobile":0,"satellite":0,"tor":0,"tor_exit_nodes":0,"vpn":31,"relay":1,"proxy":0,"hosting":32,"service":32}},"geometry":{"type":"Point","coordinates":[23.32415,42.69751]}},{"type":"Feature","properties":{"country_code":"FIN","city":"Helsinki","geoname_id":"658225","h3_hexagon":599280485851463679,"downloaders":{"size":933,"mobile":13,"satellite":0,"tor":0,"tor_exit_nodes":0,"vpn":185,"relay":0,"proxy":0,"hosting":809,"service":140},"uploaders":{"size":67,"mobile":0,"satellite":0,"tor":0,"tor_exit_nodes":0,"vpn":45,"relay":0,"proxy":0,"hosting":67,"service":33}},"geometry":{"type":"Point","coordinates":[24.93545,60.16952]}},{"type":"Feature","properties":{"country_code":"FRA","city":"Lille","geoname_id":"2998324","h3_hexagon":599423858302255103,"downloaders":{"size":932,"mobile":101,"satellite":0,"tor":1,"tor_exit_nodes":0,"vpn":45,"relay":0,"proxy":0,"hosting":575,"service":35},"uploaders":{"size":29,"mobile":0,"satellite":0,"tor":0,"tor_exit_nodes":0,"vpn":1,"relay":0,"proxy":0,"hosting":16,"service":1}},"geometry":{"type":"Point","coordinates":[3.05512,50.63391]}},{"type":"Feature","properties":{"country_code":"SGP","city":"Singapore","geoname_id":"1880252","h3_hexagon":600757819309817855,"downloaders":{"size":922,"mobile":13,"satellite":0,"tor":0,"tor_exit_nodes":0,"vpn":371,"relay":228,"proxy":0,"hosting":782,"service":592},"uploaders":{"size":268,"mobile":2,"satellite":0,"tor":0,"tor_exit_nodes":0,"vpn":143,"relay":93,"proxy":0,"hosting":258,"service":236}},"geometry":{"type":"Point","coordinates":[103.85007,1.28967]}},{"type":"Feature","properties":{"country_code":"RUS","city":"Voronezh","geoname_id":"472045","h3_hexagon":599288734336155647,"downloaders":{"size":920,"mobile":6,"satellite":0,"tor":0,"tor_exit_nodes":0,"vpn":8,"relay":0,"proxy":0,"hosting":0,"service":0},"uploaders":{"size":8,"mobile":1,"satellite":0,"tor":0,"tor_exit_nodes":0,"vpn":0,"relay":0,"proxy":0,"hosting":0,"service":0}},"geometry":{"type":"Point","coordinates":[39.19204,51.66833]}},{"type":"Feature","properties":{"country_code":"HKG","city":"Hong Kong","geoname_id":"1819729","h3_hexagon":600122469092687871,"downloaders":{"size":883,"mobile":6,"satellite":0,"tor":0,"tor_exit_nodes":0,"vpn":107,"relay":22,"proxy":0,"hosting":170,"service":82},"uploaders":{"size":40,"mobile":1,"satellite":0,"tor":0,"tor_exit_nodes":0,"vpn":18,"relay":0,"proxy":0,"hosting":19,"service":18}},"geometry":{"type":"Point","coordinates":[114.17469,22.27832]}},{"type":"Feature","properties":{"country_code":"USA","city":"Santa Clara","geoname_id":"5393015","h3_hexagon":599686042433355775,"downloaders":{"size":879,"mobile":4,"satellite":28,"tor":5,"tor_exit_nodes":3,"vpn":590,"relay":1,"proxy":0,"hosting":582,"service":534},"uploaders":{"size":248,"mobile":0,"satellite":19,"tor":0,"tor_exit_nodes":0,"vpn":198,"relay":0,"proxy":0,"hosting":202,"service":198}},"geometry":{"type":"Point","coordinates":[-121.95524,37.35411]}},{"type":"Feature","properties":{"country_code":"USA","city":"Denver","geoname_id":"5419384","h3_hexagon":599656933292507135,"downloaders":{"size":765,"mobile":3,"satellite":2,"tor":0,"tor_exit_nodes":0,"vpn":535,"relay":0,"proxy":0,"hosting":671,"service":534},"uploaders":{"size":189,"mobile":0,"satellite":0,"tor":0,"tor_exit_nodes":0,"vpn":175,"relay":0,"proxy":0,"hosting":174,"service":174}},"geometry":{"type":"Point","coordinates":[-104.9847,39.73915]}},{"type":"Feature","properties":{"country_code":"AUS","city":"Sydney","geoname_id":"2147714","h3_hexagon":602322242893774847,"downloaders":{"size":764,"mobile":10,"satellite":5,"tor":0,"tor_exit_nodes":0,"vpn":146,"relay":0,"proxy":2,"hosting":295,"service":129},"uploaders":{"size":94,"mobile":0,"satellite":0,"tor":0,"tor_exit_nodes":0,"vpn":33,"relay":0,"proxy":0,"hosting":36,"service":33}},"geometry":{"type":"Point","coordinates":[151.20732,-33.86785]}},{"type":"Feature","properties":{"country_code":"CHN","city":"Beijing","geoname_id":"1816670","h3_hexagon":599852468121108479,"downloaders":{"size":751,"mobile":1,"satellite":0,"tor":0,"tor_exit_nodes":0,"vpn":9,"relay":0,"proxy":0,"hosting":62,"service":0},"uploaders":{"size":107,"mobile":0,"satellite":0,"tor":0,"tor_exit_nodes":0,"vpn":0,"relay":0,"proxy":0,"hosting":0,"service":0}},"geometry":{"type":"Point","coordinates":[116.39723,39.9075]}},{"type":"Feature","properties":{"country_code":"CZE","city":"Prague","geoname_id":"3067696","h3_hexagon":599510176407486463,"downloaders":{"size":733,"mobile":11,"satellite":2,"tor":0,"tor_exit_nodes":0,"vpn":376,"relay":0,"proxy":2,"hosting":400,"service":362},"uploaders":{"size":212,"mobile":0,"satellite":0,"tor":0,"tor_exit_nodes":0,"vpn":197,"relay":0,"proxy":0,"hosting":197,"service":197}},"geometry":{"type":"Point","coordinates":[14.47988,50.08662]}},{"type":"Feature","properties":{"country_code":"DEU","city":"Berlin","geoname_id":"2950159","h3_hexagon":599526122547314687,"downloaders":{"size":710,"mobile":28,"satellite":4,"tor":27,"tor_exit_nodes":27,"vpn":245,"relay":0,"proxy":0,"hosting":174,"service":100},"uploaders":{"size":176,"mobile":1,"satellite":0,"tor":1,"tor_exit_nodes":1,"vpn":91,"relay":0,"proxy":0,"hosting":70,"service":42}},"geometry":{"type":"Point","coordinates":[13.41053,52.52437]}},{"type":"Feature","properties":{"country_code":"LVA","city":"Riga","geoname_id":"456172","h3_hexagon":599530737489674239,"downloaders":{"size":688,"mobile":12,"satellite":0,"tor":0,"tor_exit_nodes":0,"vpn":42,"relay":0,"proxy":0,"hosting":127,"service":36},"uploaders":{"size":43,"mobile":1,"satellite":0,"tor":0,"tor_exit_nodes":0,"vpn":14,"relay":0,"proxy":0,"hosting":15,"service":14}},"geometry":{"type":"Point","coordinates":[24.10589,56.946]}},{"type":"Feature","properties":{"country_code":"PRT","city":"Queluz","geoname_id":"2264268","h3_hexagon":599985036581666815,"downloaders":{"size":676,"mobile":26,"satellite":0,"tor":0,"tor_exit_nodes":0,"vpn":87,"relay":0,"proxy":0,"hosting":87,"service":85},"uploaders":{"size":38,"mobile":0,"satellite":0,"tor":0,"tor_exit_nodes":0,"vpn":36,"relay":0,"proxy":0,"hosting":36,"service":36}},"geometry":{"type":"Point","coordinates":[-9.25451,38.75657]}},{"type":"Feature","properties":{"country_code":"BEL","city":"Schaerbeek","geoname_id":"2787149","h3_hexagon":599535396455448575,"downloaders":{"size":665,"mobile":3,"satellite":0,"tor":0,"tor_exit_nodes":0,"vpn":133,"relay":0,"proxy":0,"hosting":116,"service":129},"uploaders":{"size":63,"mobile":0,"satellite":0,"tor":0,"tor_exit_nodes":0,"vpn":55,"relay":0,"proxy":0,"hosting":52,"service":53}},"geometry":{"type":"Point","coordinates":[4.37737,50.86935]}},{"type":"Feature","properties":{"country_code":"ROU","city":"Bucharest","geoname_id":"683506","h3_hexagon":599522920649195519,"downloaders":{"size":637,"mobile":3,"satellite":0,"tor":0,"tor_exit_nodes":0,"vpn":158,"relay":0,"proxy":0,"hosting":156,"service":147},"uploaders":{"size":73,"mobile":0,"satellite":0,"tor":0,"tor_exit_nodes":0,"vpn":45,"relay":0,"proxy":0,"hosting":49,"service":45}},"geometry":{"type":"Point","coordinates":[26.10626,44.43225]}},{"type":"Feature","properties":{"country_code":"NLD","city":"Rotterdam","geoname_id":"2747891","h3_hexagon":599425957467521023,"downloaders":{"size":607,"mobile":44,"satellite":0,"tor":3,"tor_exit_nodes":0,"vpn":189,"relay":0,"proxy":0,"hosting":227,"service":27},"uploaders":{"size":72,"mobile":1,"satellite":0,"tor":0,"tor_exit_nodes":0,"vpn":31,"relay":0,"proxy":0,"hosting":51,"service":7}},"geometry":{"type":"Point","coordinates":[4.47917,51.9225]}},{"type":"Feature","properties":{"country_code":"USA","city":"Dallas","geoname_id":"4684888","h3_hexagon":599661245439672319,"downloaders":{"size":602,"mobile":16,"satellite":24,"tor":0,"tor_exit_nodes":0,"vpn":486,"relay":0,"proxy":0,"hosting":503,"service":481},"uploaders":{"size":193,"mobile":5,"satellite":18,"tor":0,"tor_exit_nodes":0,"vpn":151,"relay":0,"proxy":0,"hosting":156,"service":150}},"geometry":{"type":"Point","coordinates":[-96.80667,32.78306]}},{"type":"Feature","properties":{"country_code":"DEU","city":"Falkenstein","geoname_id":"2927913","h3_hexagon":599510146342715391,"downloaders":{"size":597,"mobile":0,"satellite":0,"tor":0,"tor_exit_nodes":0,"vpn":0,"relay":0,"proxy":0,"hosting":597,"service":0},"uploaders":{"size":52,"mobile":0,"satellite":0,"tor":0,"tor_exit_nodes":0,"vpn":0,"relay":0,"proxy":0,"hosting":52,"service":0}},"geometry":{"type":"Point","coordinates":[12.37129,50.47788]}},{"type":"Feature","properties":{"country_code":"FRA","city":"Marseille","geoname_id":"2995469","h3_hexagon":599988658312839167,"downloaders":{"size":593,"mobile":76,"satellite":0,"tor":0,"tor_exit_nodes":0,"vpn":286,"relay":0,"proxy":0,"hosting":313,"service":286},"uploaders":{"size":108,"mobile":0,"satellite":0,"tor":0,"tor_exit_nodes":0,"vpn":108,"relay":0,"proxy":0,"hosting":108,"service":108}},"geometry":{"type":"Point","coordinates":[5.38107,43.29695]}},{"type":"Feature","properties":{"country_code":"AUS","city":"Melbourne","geoname_id":"2158177","h3_hexagon":602328092639231999,"downloaders":{"size":592,"mobile":15,"satellite":2,"tor":0,"tor_exit_nodes":0,"vpn":157,"relay":0,"proxy":0,"hosting":139,"service":130},"uploaders":{"size":76,"mobile":0,"satellite":0,"tor":0,"tor_exit_nodes":0,"vpn":24,"relay":0,"proxy":0,"hosting":23,"service":23}},"geometry":{"type":"Point","coordinates":[144.96332,-37.814]}},{"type":"Feature","properties":{"country_code":"KOR","city":"Anyang-si","geoname_id":"1846898","h3_hexagon":599838583565582335,"downloaders":{"size":582,"mobile":11,"satellite":0,"tor":0,"tor_exit_nodes":0,"vpn":7,"relay":0,"proxy":0,"hosting":0,"service":1},"uploaders":{"size":4,"mobile":0,"satellite":0,"tor":0,"tor_exit_nodes":0,"vpn":0,"relay":0,"proxy":0,"hosting":0,"service":0}},"geometry":{"type":"Point","coordinates":[126.92694,37.3925]}},{"type":"Feature","properties":{"country_code":"TWN","city":"Taipei","geoname_id":"1668341","h3_hexagon":600309204607041535,"downloaders":{"size":578,"mobile":11,"satellite":0,"tor":1,"tor_exit_nodes":1,"vpn":49,"relay":0,"proxy":0,"hosting":25,"service":23},"uploaders":{"size":23,"mobile":0,"satellite":0,"tor":0,"tor_exit_nodes":0,"vpn":1,"relay":0,"proxy":0,"hosting":1,"service":1}},"geometry":{"type":"Point","coordinates":[121.52639,25.05306]}},{"type":"Feature","properties":{"country_code":"RUS","city":"Balashikha","geoname_id":"579464","h3_hexagon":599289529978847231,"downloaders":{"size":566,"mobile":0,"satellite":0,"tor":0,"tor_exit_nodes":0,"vpn":11,"relay":0,"proxy":0,"hosting":20,"service":0},"uploaders":{"size":14,"mobile":0,"satellite":0,"tor":0,"tor_exit_nodes":0,"vpn":0,"relay":0,"proxy":0,"hosting":0,"service":0}},"geometry":{"type":"Point","coordinates":[37.94794,55.79479]}},{"type":"Feature","properties":{"country_code":"UKR","city":"Kyiv","geoname_id":"703448","h3_hexagon":599513355757027327,"downloaders":{"size":541,"mobile":3,"satellite":4,"tor":0,"tor_exit_nodes":0,"vpn":29,"relay":0,"proxy":0,"hosting":110,"service":12},"uploaders":{"size":13,"mobile":0,"satellite":0,"tor":0,"tor_exit_nodes":0,"vpn":0,"relay":0,"proxy":0,"hosting":5,"service":0}},"geometry":{"type":"Point","coordinates":[30.5238,50.45466]}},{"type":"Feature","properties":{"country_code":"CHE","city":"Zürich","geoname_id":"2657896","h3_hexagon":599533157703745535,"downloaders":{"size":539,"mobile":1,"satellite":0,"tor":0,"tor_exit_nodes":0,"vpn":517,"relay":0,"proxy":0,"hosting":517,"service":517},"uploaders":{"size":344,"mobile":0,"satellite":0,"tor":0,"tor_exit_nodes":0,"vpn":341,"relay":0,"proxy":0,"hosting":341,"service":341}},"geometry":{"type":"Point","coordinates":[8.4488,47.395]}},{"type":"Feature","properties":{"country_code":"RUS","city":"Barnaul","geoname_id":"1510853","h3_hexagon":599184553461940223,"downloaders":{"size":533,"mobile":4,"satellite":0,"tor":0,"tor_exit_nodes":0,"vpn":3,"relay":0,"proxy":0,"hosting":2,"service":1},"uploaders":{"size":11,"mobile":0,"satellite":0,"tor":0,"tor_exit_nodes":0,"vpn":0,"relay":0,"proxy":0,"hosting":0,"service":0}},"geometry":{"type":"Point","coordinates":[83.72786,53.36199]}},{"type":"Feature","properties":{"country_code":"DNK","city":"Copenhagen","geoname_id":"2618425","h3_hexagon":599524487238516735,"downloaders":{"size":521,"mobile":11,"satellite":0,"tor":2,"tor_exit_nodes":0,"vpn":343,"relay":9,"proxy":0,"hosting":350,"service":332},"uploaders":{"size":221,"mobile":1,"satellite":0,"tor":0,"tor_exit_nodes":0,"vpn":190,"relay":7,"proxy":0,"hosting":207,"service":197}},"geometry":{"type":"Point","coordinates":[12.56553,55.67594]}},{"type":"Feature","properties":{"country_code":"USA","city":"Leesburg","geoname_id":"4769125","h3_hexagon":599729339998666751,"downloaders":{"size":519,"mobile":0,"satellite":0,"tor":0,"tor_exit_nodes":0,"vpn":102,"relay":0,"proxy":0,"hosting":515,"service":102},"uploaders":{"size":150,"mobile":0,"satellite":0,"tor":0,"tor_exit_nodes":0,"vpn":71,"relay":0,"proxy":0,"hosting":149,"service":71}},"geometry":{"type":"Point","coordinates":[-77.5636,39.11566]}},{"type":"Feature","properties":{"country_code":"ESP","city":"Barcelona","geoname_id":"3128760","h3_hexagon":599986204812771327,"downloaders":{"size":513,"mobile":10,"satellite":0,"tor":0,"tor_exit_nodes":0,"vpn":36,"relay":0,"proxy":0,"hosting":32,"service":32},"uploaders":{"size":36,"mobile":0,"satellite":0,"tor":0,"tor_exit_nodes":0,"vpn":17,"relay":0,"proxy":0,"hosting":17,"service":17}},"geometry":{"type":"Point","coordinates":[2.15899,41.38879]}},{"type":"Feature","properties":{"country_code":"CHN","city":"Zhengzhou","geoname_id":"1784658","h3_hexagon":600114582458990591,"downloaders":{"size":498,"mobile":0,"satellite":0,"tor":0,"tor_exit_nodes":0,"vpn":3,"relay":0,"proxy":0,"hosting":0,"service":0},"uploaders":{"size":15,"mobile":0,"satellite":0,"tor":0,"tor_exit_nodes":0,"vpn":0,"relay":0,"proxy":0,"hosting":0,"service":0}},"geometry":{"type":"Point","coordinates":[113.64861,34.75778]}},{"type":"Feature","properties":{"country_code":"ITA","city":"Rome","geoname_id":"3169070","h3_hexagon":599515334663208959,"downloaders":{"size":498,"mobile":10,"satellite":0,"tor":0,"tor_exit_nodes":0,"vpn":7,"relay":0,"proxy":0,"hosting":15,"service":3},"uploaders":{"size":28,"mobile":0,"satellite":0,"tor":0,"tor_exit_nodes":0,"vpn":0,"relay":0,"proxy":0,"hosting":0,"service":0}},"geometry":{"type":"Point","coordinates":[12.51133,41.89193]}},{"type":"Feature","properties":{"country_code":"NLD","city":"Rotterdam","geoname_id":"2747891","h3_hexagon":599425910222880767,"downloaders":{"size":492,"mobile":0,"satellite":0,"tor":0,"tor_exit_nodes":0,"vpn":136,"relay":0,"proxy":0,"hosting":492,"service":123},"uploaders":{"size":9,"mobile":0,"satellite":0,"tor":0,"tor_exit_nodes":0,"vpn":3,"relay":0,"proxy":0,"hosting":9,"service":3}},"geometry":{"type":"Point","coordinates":[3.9439,51.8573]}},{"type":"Feature","properties":{"country_code":"LTU","city":"Vilnius","geoname_id":"593116","h3_hexagon":599528520212807679,"downloaders":{"size":482,"mobile":3,"satellite":0,"tor":0,"tor_exit_nodes":0,"vpn":25,"relay":0,"proxy":0,"hosting":39,"service":20},"uploaders":{"size":27,"mobile":0,"satellite":0,"tor":0,"tor_exit_nodes":0,"vpn":4,"relay":0,"proxy":0,"hosting":4,"service":4}},"geometry":{"type":"Point","coordinates":[25.2798,54.68916]}},{"type":"Feature","properties":{"country_code":"SVN","city":"Ljubljana","geoname_id":"3196359","h3_hexagon":599507759414640639,"downloaders":{"size":450,"mobile":6,"satellite":0,"tor":0,"tor_exit_nodes":0,"vpn":20,"relay":0,"proxy":0,"hosting":12,"service":11},"uploaders":{"size":12,"mobile":0,"satellite":0,"tor":0,"tor_exit_nodes":0,"vpn":5,"relay":0,"proxy":0,"hosting":5,"service":5}},"geometry":{"type":"Point","coordinates":[14.50513,46.05108]}},{"type":"Feature","properties":{"country_code":"POL","city":"Ursynów","geoname_id":"6545326","h3_hexagon":599529753942163455,"downloaders":{"size":449,"mobile":3,"satellite":0,"tor":0,"tor_exit_nodes":0,"vpn":29,"relay":3,"proxy":0,"hosting":23,"service":31},"uploaders":{"size":4,"mobile":0,"satellite":0,"tor":0,"tor_exit_nodes":0,"vpn":1,"relay":0,"proxy":0,"hosting":1,"service":1}},"geometry":{"type":"Point","coordinates":[21.0174,52.1163]}},{"type":"Feature","properties":{"country_code":"NOR","city":"Oslo","geoname_id":"3143244","h3_hexagon":599147610300743679,"downloaders":{"size":440,"mobile":10,"satellite":50,"tor":0,"tor_exit_nodes":0,"vpn":179,"relay":0,"proxy":0,"hosting":175,"service":172},"uploaders":{"size":147,"mobile":0,"satellite":42,"tor":0,"tor_exit_nodes":0,"vpn":83,"relay":0,"proxy":0,"hosting":83,"service":83}},"geometry":{"type":"Point","coordinates":[10.74609,59.91273]}},{"type":"Feature","properties":{"country_code":"FRA","city":"Aulnay-sous-Bois","geoname_id":"3036145","h3_hexagon":599536489524625407,"downloaders":{"size":420,"mobile":160,"satellite":0,"tor":0,"tor_exit_nodes":0,"vpn":134,"relay":0,"proxy":0,"hosting":154,"service":134},"uploaders":{"size":14,"mobile":0,"satellite":0,"tor":0,"tor_exit_nodes":0,"vpn":0,"relay":0,"proxy":0,"hosting":0,"service":0}},"geometry":{"type":"Point","coordinates":[2.49402,48.93814]}},{"type":"Feature","properties":{"country_code":"POL","city":"Poznań","geoname_id":"3088171","h3_hexagon":599509036093669375,"downloaders":{"size":408,"mobile":4,"satellite":0,"tor":1,"tor_exit_nodes":1,"vpn":2,"relay":0,"proxy":0,"hosting":2,"service":0},"uploaders":{"size":11,"mobile":0,"satellite":0,"tor":0,"tor_exit_nodes":0,"vpn":0,"relay":0,"proxy":0,"hosting":0,"service":0}},"geometry":{"type":"Point","coordinates":[16.92993,52.40692]}},{"type":"Feature","properties":{"country_code":"IRL","city":"Dublin","geoname_id":"2964574","h3_hexagon":599403993004769279,"downloaders":{"size":408,"mobile":19,"satellite":0,"tor":0,"tor_exit_nodes":0,"vpn":144,"relay":0,"proxy":0,"hosting":167,"service":140},"uploaders":{"size":71,"mobile":1,"satellite":0,"tor":0,"tor_exit_nodes":0,"vpn":49,"relay":0,"proxy":0,"hosting":49,"service":49}},"geometry":{"type":"Point","coordinates":[-6.24889,53.33306]}},{"type":"Feature","properties":{"country_code":"NZL","city":"Auckland","geoname_id":"2193733","h3_hexagon":602273987862462463,"downloaders":{"size":398,"mobile":75,"satellite":3,"tor":0,"tor_exit_nodes":0,"vpn":136,"relay":0,"proxy":0,"hosting":149,"service":133},"uploaders":{"size":88,"mobile":5,"satellite":0,"tor":0,"tor_exit_nodes":0,"vpn":39,"relay":0,"proxy":0,"hosting":42,"service":39}},"geometry":{"type":"Point","coordinates":[174.76349,-36.84853]}},{"type":"Feature","properties":{"country_code":"JPN","city":"Osaka","geoname_id":"1853909","h3_hexagon":599794658935046143,"downloaders":{"size":379,"mobile":51,"satellite":0,"tor":0,"tor_exit_nodes":0,"vpn":63,"relay":1,"proxy":1,"hosting":79,"service":59},"uploaders":{"size":16,"mobile":0,"satellite":0,"tor":0,"tor_exit_nodes":0,"vpn":16,"relay":0,"proxy":0,"hosting":16,"service":16}},"geometry":{"type":"Point","coordinates":[135.50107,34.69379]}},{"type":"Feature","properties":{"country_code":"AUT","city":"Vienna","geoname_id":"2761369","h3_hexagon":599508008522743807,"downloaders":{"size":365,"mobile":44,"satellite":27,"tor":0,"tor_exit_nodes":0,"vpn":116,"relay":0,"proxy":0,"hosting":132,"service":113},"uploaders":{"size":115,"mobile":21,"satellite":22,"tor":0,"tor_exit_nodes":0,"vpn":54,"relay":0,"proxy":0,"hosting":54,"service":54}},"geometry":{"type":"Point","coordinates":[16.37208,48.20849]}},{"type":"Feature","properties":{"country_code":"CHL","city":"Santiago","geoname_id":"3871336","h3_hexagon":602123720915419135,"downloaders":{"size":356,"mobile":15,"satellite":1,"tor":0,"tor_exit_nodes":0,"vpn":87,"relay":0,"proxy":0,"hosting":20,"service":10},"uploaders":{"size":5,"mobile":0,"satellite":0,"tor":0,"tor_exit_nodes":0,"vpn":1,"relay":0,"proxy":0,"hosting":0,"service":0}},"geometry":{"type":"Point","coordinates":[-70.64827,-33.45694]}},{"type":"Feature","properties":{"country_code":"FRA","city":"Dunkerque","geoname_id":"3020686","h3_hexagon":599423551212093439,"downloaders":{"size":354,"mobile":32,"satellite":0,"tor":0,"tor_exit_nodes":0,"vpn":0,"relay":0,"proxy":0,"hosting":315,"service":0},"uploaders":{"size":11,"mobile":0,"satellite":0,"tor":0,"tor_exit_nodes":0,"vpn":0,"relay":0,"proxy":0,"hosting":11,"service":0}},"geometry":{"type":"Point","coordinates":[2.37681,51.0344]}},{"type":"Feature","properties":{"country_code":"SWE","city":"Kista","geoname_id":"2700791","h3_hexagon":599128728550768639,"downloaders":{"size":346,"mobile":12,"satellite":0,"tor":0,"tor_exit_nodes":0,"vpn":70,"relay":0,"proxy":0,"hosting":64,"service":64},"uploaders":{"size":72,"mobile":7,"satellite":0,"tor":0,"tor_exit_nodes":0,"vpn":41,"relay":0,"proxy":0,"hosting":41,"service":41}},"geometry":{"type":"Point","coordinates":[17.94479,59.40316]}},{"type":"Feature","properties":{"country_code":"EST","city":"Tallinn","geoname_id":"588409","h3_hexagon":599130146963718143,"downloaders":{"size":345,"mobile":10,"satellite":0,"tor":2,"tor_exit_nodes":0,"vpn":86,"relay":0,"proxy":0,"hosting":159,"service":70},"uploaders":{"size":34,"mobile":0,"satellite":0,"tor":0,"tor_exit_nodes":0,"vpn":21,"relay":0,"proxy":0,"hosting":30,"service":19}},"geometry":{"type":"Point","coordinates":[24.75353,59.43696]}},{"type":"Feature","properties":{"country_code":"GBR","city":"Manchester","geoname_id":"2643123","h3_hexagon":599424170761125887,"downloaders":{"size":342,"mobile":32,"satellite":0,"tor":0,"tor_exit_nodes":0,"vpn":192,"relay":0,"proxy":0,"hosting":191,"service":190},"uploaders":{"size":116,"mobile":1,"satellite":0,"tor":0,"tor_exit_nodes":0,"vpn":108,"relay":0,"proxy":0,"hosting":106,"service":107}},"geometry":{"type":"Point","coordinates":[-2.23743,53.48095]}},{"type":"Feature","properties":{"country_code":"BEL","city":"Antwerpen","geoname_id":"2803138","h3_hexagon":599535431888928767,"downloaders":{"size":327,"mobile":5,"satellite":0,"tor":0,"tor_exit_nodes":0,"vpn":0,"relay":0,"proxy":0,"hosting":0,"service":0},"uploaders":{"size":13,"mobile":0,"satellite":0,"tor":0,"tor_exit_nodes":0,"vpn":0,"relay":0,"proxy":0,"hosting":0,"service":0}},"geometry":{"type":"Point","coordinates":[4.40026,51.22047]}},{"type":"Feature","properties":{"country_code":"BRA","city":"Rio de Janeiro","geoname_id":"3451190","h3_hexagon":601945261803044863,"downloaders":{"size":322,"mobile":4,"satellite":0,"tor":0,"tor_exit_nodes":0,"vpn":1,"relay":0,"proxy":0,"hosting":0,"service":0},"uploaders":{"size":16,"mobile":0,"satellite":0,"tor":0,"tor_exit_nodes":0,"vpn":0,"relay":0,"proxy":0,"hosting":0,"service":0}},"geometry":{"type":"Point","coordinates":[-43.18223,-22.90642]}},{"type":"Feature","properties":{"country_code":"JPN","city":"Yokohama","geoname_id":"1848354","h3_hexagon":599811813034426367,"downloaders":{"size":311,"mobile":102,"satellite":0,"tor":0,"tor_exit_nodes":0,"vpn":14,"relay":0,"proxy":0,"hosting":0,"service":4},"uploaders":{"size":4,"mobile":0,"satellite":0,"tor":0,"tor_exit_nodes":0,"vpn":0,"relay":0,"proxy":0,"hosting":0,"service":0}},"geometry":{"type":"Point","coordinates":[139.65,35.43333]}},{"type":"Feature","properties":{"country_code":"ITA","city":"Naples","geoname_id":"3172394","h3_hexagon":599515530084220927,"downloaders":{"size":311,"mobile":16,"satellite":0,"tor":0,"tor_exit_nodes":0,"vpn":0,"relay":0,"proxy":0,"hosting":3,"service":0},"uploaders":{"size":16,"mobile":0,"satellite":0,"tor":0,"tor_exit_nodes":0,"vpn":0,"relay":0,"proxy":0,"hosting":0,"service":0}},"geometry":{"type":"Point","coordinates":[14.26811,40.85216]}},{"type":"Feature","properties":{"country_code":"ARG","city":"Buenos Aires","geoname_id":"3435910","h3_hexagon":602407239222820863,"downloaders":{"size":309,"mobile":11,"satellite":5,"tor":0,"tor_exit_nodes":0,"vpn":13,"relay":0,"proxy":0,"hosting":13,"service":11},"uploaders":{"size":9,"mobile":0,"satellite":0,"tor":0,"tor_exit_nodes":0,"vpn":8,"relay":0,"proxy":0,"hosting":8,"service":8}},"geometry":{"type":"Point","coordinates":[-58.37723,-34.61315]}},{"type":"Feature","properties":{"country_code":"ISR","city":"Ramat Gan","geoname_id":"293788","h3_hexagon":599782549274755071,"downloaders":{"size":307,"mobile":22,"satellite":0,"tor":0,"tor_exit_nodes":0,"vpn":25,"relay":0,"proxy":0,"hosting":24,"service":24},"uploaders":{"size":11,"mobile":0,"satellite":0,"tor":0,"tor_exit_nodes":0,"vpn":11,"relay":0,"proxy":0,"hosting":11,"service":11}},"geometry":{"type":"Point","coordinates":[34.81065,32.08227]}},{"type":"Feature","properties":{"country_code":"SWE","city":"Göteborg","geoname_id":"2711537","h3_hexagon":599526696999190527,"downloaders":{"size":302,"mobile":3,"satellite":0,"tor":1,"tor_exit_nodes":0,"vpn":149,"relay":0,"proxy":0,"hosting":139,"service":147},"uploaders":{"size":53,"mobile":0,"satellite":0,"tor":0,"tor_exit_nodes":0,"vpn":50,"relay":0,"proxy":0,"hosting":49,"service":50}},"geometry":{"type":"Point","coordinates":[11.9668,57.7072]}},{"type":"Feature","properties":{"country_code":"GRC","city":"Athens","geoname_id":"264371","h3_hexagon":599521529079791615,"downloaders":{"size":300,"mobile":15,"satellite":2,"tor":0,"tor_exit_nodes":0,"vpn":25,"relay":0,"proxy":0,"hosting":24,"service":23},"uploaders":{"size":24,"mobile":0,"satellite":0,"tor":0,"tor_exit_nodes":0,"vpn":17,"relay":0,"proxy":0,"hosting":17,"service":17}},"geometry":{"type":"Point","coordinates":[23.72784,37.98376]}},{"type":"Feature","properties":{"country_code":"RUS","city":"Ulyanovsk","geoname_id":"479123","h3_hexagon":599269413425774591,"downloaders":{"size":298,"mobile":4,"satellite":0,"tor":0,"tor_exit_nodes":0,"vpn":8,"relay":0,"proxy":0,"hosting":81,"service":5},"uploaders":{"size":3,"mobile":0,"satellite":0,"tor":0,"tor_exit_nodes":0,"vpn":0,"relay":0,"proxy":0,"hosting":0,"service":0}},"geometry":{"type":"Point","coordinates":[48.38657,54.32824]}},{"type":"Feature","properties":{"country_code":"FRA","city":"Asnières-sur-Seine","geoname_id":"3036572","h3_hexagon":599536509925720063,"downloaders":{"size":296,"mobile":82,"satellite":0,"tor":0,"tor_exit_nodes":0,"vpn":90,"relay":0,"proxy":0,"hosting":87,"service":86},"uploaders":{"size":31,"mobile":0,"satellite":0,"tor":0,"tor_exit_nodes":0,"vpn":28,"relay":0,"proxy":0,"hosting":28,"service":28}},"geometry":{"type":"Point","coordinates":[2.28333,48.91667]}},{"type":"Feature","properties":{"country_code":"USA","city":"Phoenix","geoname_id":"5308655","h3_hexagon":599712593921179647,"downloaders":{"size":296,"mobile":2,"satellite":0,"tor":4,"tor_exit_nodes":0,"vpn":121,"relay":0,"proxy":0,"hosting":147,"service":119},"uploaders":{"size":78,"mobile":0,"satellite":0,"tor":1,"tor_exit_nodes":0,"vpn":49,"relay":0,"proxy":0,"hosting":49,"service":49}},"geometry":{"type":"Point","coordinates":[-112.07404,33.44838]}},{"type":"Feature","properties":{"country_code":"USA","city":"Boston","geoname_id":"4930956","h3_hexagon":599720948706312191,"downloaders":{"size":296,"mobile":2,"satellite":0,"tor":0,"tor_exit_nodes":0,"vpn":247,"relay":0,"proxy":0,"hosting":248,"service":246},"uploaders":{"size":120,"mobile":0,"satellite":0,"tor":0,"tor_exit_nodes":0,"vpn":107,"relay":0,"proxy":0,"hosting":107,"service":107}},"geometry":{"type":"Point","coordinates":[-71.05977,42.35843]}},{"type":"Feature","properties":{"country_code":"UKR","city":"Lviv","geoname_id":"702550","h3_hexagon":599514662500827135,"downloaders":{"size":280,"mobile":4,"satellite":0,"tor":0,"tor_exit_nodes":0,"vpn":7,"relay":0,"proxy":0,"hosting":2,"service":4},"uploaders":{"size":12,"mobile":0,"satellite":0,"tor":0,"tor_exit_nodes":0,"vpn":0,"relay":0,"proxy":0,"hosting":0,"service":0}},"geometry":{"type":"Point","coordinates":[24.02324,49.83826]}},{"type":"Feature","properties":{"country_code":"JPN","city":"Ōi","geoname_id":"1854530","h3_hexagon":599811815181910015,"downloaders":{"size":276,"mobile":11,"satellite":0,"tor":0,"tor_exit_nodes":0,"vpn":150,"relay":0,"proxy":0,"hosting":243,"service":146},"uploaders":{"size":27,"mobile":0,"satellite":0,"tor":0,"tor_exit_nodes":0,"vpn":27,"relay":0,"proxy":0,"hosting":27,"service":27}},"geometry":{"type":"Point","coordinates":[139.7302,35.609]}},{"type":"Feature","properties":{"country_code":"KOR","city":"Munsan","geoname_id":"1840862","h3_hexagon":599838945416577023,"downloaders":{"size":275,"mobile":0,"satellite":0,"tor":0,"tor_exit_nodes":0,"vpn":1,"relay":0,"proxy":1,"hosting":0,"service":1},"uploaders":{"size":8,"mobile":0,"satellite":0,"tor":0,"tor_exit_nodes":0,"vpn":0,"relay":0,"proxy":0,"hosting":0,"service":0}},"geometry":{"type":"Point","coordinates":[126.785,37.85944]}},{"type":"Feature","properties":{"country_code":"AUS","city":"Brisbane","geoname_id":"2174003","h3_hexagon":602330960603643903,"downloaders":{"size":274,"mobile":8,"satellite":2,"tor":0,"tor_exit_nodes":0,"vpn":74,"relay":0,"proxy":0,"hosting":69,"service":68},"uploaders":{"size":31,"mobile":0,"satellite":0,"tor":0,"tor_exit_nodes":0,"vpn":7,"relay":0,"proxy":0,"hosting":7,"service":7}},"geometry":{"type":"Point","coordinates":[153.02809,-27.46794]}},{"type":"Feature","properties":{"country_code":"NLD","city":"Breda","geoname_id":"2758401","h3_hexagon":599535414709059583,"downloaders":{"size":268,"mobile":0,"satellite":0,"tor":0,"tor_exit_nodes":0,"vpn":124,"relay":0,"proxy":0,"hosting":233,"service":124},"uploaders":{"size":72,"mobile":0,"satellite":0,"tor":0,"tor_exit_nodes":0,"vpn":56,"relay":0,"proxy":0,"hosting":71,"service":56}},"geometry":{"type":"Point","coordinates":[4.77596,51.58656]}},{"type":"Feature","properties":{"country_code":"FRA","city":"Lyon","geoname_id":"2996944","h3_hexagon":599534014549721087,"downloaders":{"size":263,"mobile":59,"satellite":0,"tor":0,"tor_exit_nodes":0,"vpn":0,"relay":0,"proxy":1,"hosting":6,"service":0},"uploaders":{"size":14,"mobile":7,"satellite":0,"tor":0,"tor_exit_nodes":0,"vpn":0,"relay":0,"proxy":0,"hosting":0,"service":0}},"geometry":{"type":"Point","coordinates":[4.84789,45.74906]}},{"type":"Feature","properties":{"country_code":"SAU","city":"Riyadh","geoname_id":"108410","h3_hexagon":600444799945801727,"downloaders":{"size":260,"mobile":68,"satellite":0,"tor":0,"tor_exit_nodes":0,"vpn":0,"relay":0,"proxy":0,"hosting":0,"service":0},"uploaders":{"size":30,"mobile":25,"satellite":0,"tor":0,"tor_exit_nodes":0,"vpn":0,"relay":0,"proxy":0,"hosting":0,"service":0}},"geometry":{"type":"Point","coordinates":[46.72185,24.68773]}},{"type":"Feature","properties":{"country_code":"MEX","city":"Santiago de Querétaro","geoname_id":"3991164","h3_hexagon":600272041328771071,"downloaders":{"size":259,"mobile":0,"satellite":0,"tor":0,"tor_exit_nodes":0,"vpn":160,"relay":0,"proxy":0,"hosting":159,"service":159},"uploaders":{"size":52,"mobile":0,"satellite":0,"tor":0,"tor_exit_nodes":0,"vpn":52,"relay":0,"proxy":0,"hosting":52,"service":52}},"geometry":{"type":"Point","coordinates":[-100.38806,20.58806]}},{"type":"Feature","properties":{"country_code":"SRB","city":"Belgrade","geoname_id":"792680","h3_hexagon":599508383258640383,"downloaders":{"size":232,"mobile":42,"satellite":0,"tor":0,"tor_exit_nodes":0,"vpn":47,"relay":0,"proxy":0,"hosting":109,"service":47},"uploaders":{"size":24,"mobile":4,"satellite":0,"tor":0,"tor_exit_nodes":0,"vpn":17,"relay":0,"proxy":0,"hosting":19,"service":17}},"geometry":{"type":"Point","coordinates":[20.46513,44.80401]}},{"type":"Feature","properties":{"country_code":"AUS","city":"Perth","geoname_id":"2063523","h3_hexagon":601919312684384255,"downloaders":{"size":231,"mobile":4,"satellite":1,"tor":0,"tor_exit_nodes":0,"vpn":60,"relay":0,"proxy":0,"hosting":59,"service":60},"uploaders":{"size":28,"mobile":0,"satellite":0,"tor":0,"tor_exit_nodes":0,"vpn":14,"relay":0,"proxy":0,"hosting":14,"service":14}},"geometry":{"type":"Point","coordinates":[115.8614,-31.95224]}},{"type":"Feature","properties":{"country_code":"MYS","city":"Kuala Lumpur","geoname_id":"1735161","h3_hexagon":600755908049371135,"downloaders":{"size":230,"mobile":26,"satellite":0,"tor":0,"tor_exit_nodes":0,"vpn":7,"relay":0,"proxy":0,"hosting":7,"service":5},"uploaders":{"size":16,"mobile":4,"satellite":0,"tor":0,"tor_exit_nodes":0,"vpn":0,"relay":0,"proxy":0,"hosting":0,"service":0}},"geometry":{"type":"Point","coordinates":[101.68653,3.1412]}},{"type":"Feature","properties":{"country_code":"USA","city":"Salt Lake City","geoname_id":"5780993","h3_hexagon":599657607602372607,"downloaders":{"size":227,"mobile":1,"satellite":0,"tor":0,"tor_exit_nodes":0,"vpn":125,"relay":0,"proxy":0,"hosting":131,"service":120},"uploaders":{"size":104,"mobile":0,"satellite":0,"tor":0,"tor_exit_nodes":0,"vpn":87,"relay":0,"proxy":0,"hosting":84,"service":84}},"geometry":{"type":"Point","coordinates":[-111.89105,40.76078]}},{"type":"Feature","properties":{"country_code":"THA","city":"Bangkok","geoname_id":"1609350","h3_hexagon":600749287357284351,"downloaders":{"size":221,"mobile":16,"satellite":0,"tor":0,"tor_exit_nodes":0,"vpn":24,"relay":1,"proxy":0,"hosting":27,"service":13},"uploaders":{"size":19,"mobile":0,"satellite":0,"tor":0,"tor_exit_nodes":0,"vpn":9,"relay":0,"proxy":0,"hosting":6,"service":6}},"geometry":{"type":"Point","coordinates":[100.50144,13.75398]}},{"type":"Feature","properties":{"country_code":"HRV","city":"Zagreb","geoname_id":"3186886","h3_hexagon":599507825986633727,"downloaders":{"size":220,"mobile":24,"satellite":0,"tor":0,"tor_exit_nodes":0,"vpn":9,"relay":0,"proxy":0,"hosting":10,"service":8},"uploaders":{"size":17,"mobile":10,"satellite":0,"tor":0,"tor_exit_nodes":0,"vpn":0,"relay":0,"proxy":0,"hosting":0,"service":0}},"geometry":{"type":"Point","coordinates":[15.97798,45.81444]}},{"type":"Feature","properties":{"country_code":"POL","city":"Kraków","geoname_id":"3094802","h3_hexagon":599509706108567551,"downloaders":{"size":219,"mobile":1,"satellite":0,"tor":0,"tor_exit_nodes":0,"vpn":5,"relay":0,"proxy":0,"hosting":1,"service":0},"uploaders":{"size":9,"mobile":0,"satellite":0,"tor":0,"tor_exit_nodes":0,"vpn":0,"relay":0,"proxy":0,"hosting":0,"service":0}},"geometry":{"type":"Point","coordinates":[19.93658,50.06143]}},{"type":"Feature","properties":{"country_code":"PER","city":"San Isidro","geoname_id":"3929631","h3_hexagon":601483627980652543,"downloaders":{"size":219,"mobile":7,"satellite":0,"tor":0,"tor_exit_nodes":0,"vpn":22,"relay":0,"proxy":0,"hosting":23,"service":20},"uploaders":{"size":30,"mobile":0,"satellite":0,"tor":0,"tor_exit_nodes":0,"vpn":10,"relay":0,"proxy":0,"hosting":10,"service":10}},"geometry":{"type":"Point","coordinates":[-77.04258,-12.09655]}},{"type":"Feature","properties":{"country_code":"CZE","city":"Ostrava","geoname_id":"3068799","h3_hexagon":599506918674792447,"downloaders":{"size":215,"mobile":9,"satellite":0,"tor":0,"tor_exit_nodes":0,"vpn":6,"relay":0,"proxy":0,"hosting":1,"service":0},"uploaders":{"size":18,"mobile":1,"satellite":0,"tor":0,"tor_exit_nodes":0,"vpn":0,"relay":0,"proxy":0,"hosting":0,"service":0}},"geometry":{"type":"Point","coordinates":[18.28204,49.83465]}},{"type":"Feature","properties":{"country_code":"ZAF","city":"Johannesburg","geoname_id":"993800","h3_hexagon":602299504263167999,"downloaders":{"size":211,"mobile":4,"satellite":0,"tor":0,"tor_exit_nodes":0,"vpn":76,"relay":0,"proxy":0,"hosting":113,"service":74},"uploaders":{"size":47,"mobile":0,"satellite":0,"tor":0,"tor_exit_nodes":0,"vpn":41,"relay":0,"proxy":0,"hosting":43,"service":41}},"geometry":{"type":"Point","coordinates":[28.04363,-26.20227]}},{"type":"Feature","properties":{"country_code":"ITA","city":"Turin","geoname_id":"3165524","h3_hexagon":599534571821727743,"downloaders":{"size":211,"mobile":1,"satellite":0,"tor":0,"tor_exit_nodes":0,"vpn":3,"relay":0,"proxy":0,"hosting":0,"service":0},"uploaders":{"size":3,"mobile":0,"satellite":0,"tor":0,"tor_exit_nodes":0,"vpn":0,"relay":0,"proxy":0,"hosting":0,"service":0}},"geometry":{"type":"Point","coordinates":[7.68682,45.07049]}},{"type":"Feature","properties":{"country_code":"NLD","city":"Amsterdam","geoname_id":"2759794","h3_hexagon":599425825397276671,"downloaders":{"size":210,"mobile":0,"satellite":0,"tor":0,"tor_exit_nodes":0,"vpn":39,"relay":0,"proxy":0,"hosting":200,"service":0},"uploaders":{"size":14,"mobile":0,"satellite":0,"tor":0,"tor_exit_nodes":0,"vpn":0,"relay":0,"proxy":0,"hosting":14,"service":0}},"geometry":{"type":"Point","coordinates":[4.9056,52.389]}},{"type":"Feature","properties":{"country_code":"USA","city":"Chicago","geoname_id":"4887398","h3_hexagon":599654178070986751,"downloaders":{"size":210,"mobile":0,"satellite":0,"tor":0,"tor_exit_nodes":0,"vpn":131,"relay":0,"proxy":0,"hosting":210,"service":131},"uploaders":{"size":80,"mobile":0,"satellite":0,"tor":0,"tor_exit_nodes":0,"vpn":68,"relay":0,"proxy":0,"hosting":80,"service":68}},"geometry":{"type":"Point","coordinates":[-87.6575,41.9543]}},{"type":"Feature","properties":{"country_code":"ESP","city":"Valencia","geoname_id":"2509954","h3_hexagon":599987280702078975,"downloaders":{"size":210,"mobile":0,"satellite":0,"tor":0,"tor_exit_nodes":0,"vpn":1,"relay":0,"proxy":0,"hosting":1,"service":1},"uploaders":{"size":10,"mobile":0,"satellite":0,"tor":0,"tor_exit_nodes":0,"vpn":0,"relay":0,"proxy":0,"hosting":0,"service":0}},"geometry":{"type":"Point","coordinates":[-0.37966,39.47391]}},{"type":"Feature","properties":{"country_code":"CHN","city":"Chengdu","geoname_id":"1815286","h3_hexagon":600120305502912511,"downloaders":{"size":206,"mobile":8,"satellite":0,"tor":0,"tor_exit_nodes":0,"vpn":12,"relay":0,"proxy":1,"hosting":11,"service":0},"uploaders":{"size":9,"mobile":0,"satellite":0,"tor":0,"tor_exit_nodes":0,"vpn":0,"relay":0,"proxy":0,"hosting":0,"service":0}},"geometry":{"type":"Point","coordinates":[104.06667,30.66667]}},{"type":"Feature","properties":{"country_code":"USA","city":"Houston","geoname_id":"4699066","h3_hexagon":600182486965682175,"downloaders":{"size":206,"mobile":20,"satellite":0,"tor":0,"tor_exit_nodes":0,"vpn":46,"relay":0,"proxy":0,"hosting":49,"service":42},"uploaders":{"size":15,"mobile":9,"satellite":0,"tor":0,"tor_exit_nodes":0,"vpn":3,"relay":0,"proxy":0,"hosting":3,"service":3}},"geometry":{"type":"Point","coordinates":[-95.36327,29.76328]}},{"type":"Feature","properties":{"country_code":"FRA","city":"Bordeaux","geoname_id":"3031582","h3_hexagon":599408345954123775,"downloaders":{"size":191,"mobile":55,"satellite":0,"tor":0,"tor_exit_nodes":0,"vpn":16,"relay":0,"proxy":0,"hosting":15,"service":15},"uploaders":{"size":9,"mobile":0,"satellite":0,"tor":0,"tor_exit_nodes":0,"vpn":9,"relay":0,"proxy":0,"hosting":9,"service":9}},"geometry":{"type":"Point","coordinates":[-0.58046,44.84124]}},{"type":"Feature","properties":{"country_code":"MAR","city":"Casablanca","geoname_id":"2553604","h3_hexagon":599993237821718527,"downloaders":{"size":189,"mobile":100,"satellite":0,"tor":0,"tor_exit_nodes":0,"vpn":0,"relay":0,"proxy":0,"hosting":0,"service":0},"uploaders":{"size":30,"mobile":29,"satellite":0,"tor":0,"tor_exit_nodes":0,"vpn":0,"relay":0,"proxy":0,"hosting":0,"service":0}},"geometry":{"type":"Point","coordinates":[-7.61138,33.58831]}},{"type":"Feature","properties":{"country_code":"AUS","city":"Adelaide","geoname_id":"2078025","h3_hexagon":602234852120461311,"downloaders":{"size":189,"mobile":7,"satellite":0,"tor":0,"tor_exit_nodes":0,"vpn":54,"relay":0,"proxy":0,"hosting":51,"service":51},"uploaders":{"size":53,"mobile":0,"satellite":0,"tor":0,"tor_exit_nodes":0,"vpn":16,"relay":0,"proxy":0,"hosting":16,"service":16}},"geometry":{"type":"Point","coordinates":[138.59863000000001,-34.92866]}},{"type":"Feature","properties":{"country_code":"CHN","city":"Changsha","geoname_id":"1815577","h3_hexagon":600131658175217663,"downloaders":{"size":188,"mobile":0,"satellite":0,"tor":0,"tor_exit_nodes":0,"vpn":8,"relay":0,"proxy":0,"hosting":0,"service":0},"uploaders":{"size":3,"mobile":0,"satellite":0,"tor":0,"tor_exit_nodes":0,"vpn":0,"relay":0,"proxy":0,"hosting":0,"service":0}},"geometry":{"type":"Point","coordinates":[112.97087,28.19874]}},{"type":"Feature","properties":{"country_code":"UZB","city":"Tashkent","geoname_id":"1512569","h3_hexagon":599552803957899263,"downloaders":{"size":188,"mobile":3,"satellite":0,"tor":0,"tor_exit_nodes":0,"vpn":22,"relay":0,"proxy":0,"hosting":144,"service":20},"uploaders":{"size":5,"mobile":0,"satellite":0,"tor":0,"tor_exit_nodes":0,"vpn":0,"relay":0,"proxy":0,"hosting":5,"service":0}},"geometry":{"type":"Point","coordinates":[69.21627,41.26465]}},{"type":"Feature","properties":{"country_code":"NLD","city":"Hoofddorp","geoname_id":"2753801","h3_hexagon":599425795332505599,"downloaders":{"size":187,"mobile":0,"satellite":0,"tor":0,"tor_exit_nodes":0,"vpn":0,"relay":0,"proxy":0,"hosting":157,"service":0},"uploaders":{"size":14,"mobile":0,"satellite":0,"tor":0,"tor_exit_nodes":0,"vpn":0,"relay":0,"proxy":0,"hosting":12,"service":0}},"geometry":{"type":"Point","coordinates":[4.68889,52.3025]}},{"type":"Feature","properties":{"country_code":"UKR","city":"Odesa","geoname_id":"698740","h3_hexagon":599512961693777919,"downloaders":{"size":187,"mobile":0,"satellite":0,"tor":0,"tor_exit_nodes":0,"vpn":3,"relay":0,"proxy":0,"hosting":0,"service":0},"uploaders":{"size":3,"mobile":0,"satellite":0,"tor":0,"tor_exit_nodes":0,"vpn":0,"relay":0,"proxy":0,"hosting":0,"service":0}},"geometry":{"type":"Point","coordinates":[30.74383,46.48572]}},{"type":"Feature","properties":{"country_code":"KAZ","city":"Almaty","geoname_id":"1526384","h3_hexagon":599557509094572031,"downloaders":{"size":187,"mobile":9,"satellite":1,"tor":0,"tor_exit_nodes":0,"vpn":2,"relay":0,"proxy":0,"hosting":57,"service":0},"uploaders":{"size":11,"mobile":0,"satellite":0,"tor":0,"tor_exit_nodes":0,"vpn":0,"relay":0,"proxy":0,"hosting":11,"service":0}},"geometry":{"type":"Point","coordinates":[76.9115,43.25249]}},{"type":"Feature","properties":{"country_code":"SVK","city":"Bratislava","geoname_id":"3060972","h3_hexagon":599506695336493055,"downloaders":{"size":185,"mobile":0,"satellite":0,"tor":0,"tor_exit_nodes":0,"vpn":49,"relay":0,"proxy":0,"hosting":47,"service":47},"uploaders":{"size":31,"mobile":0,"satellite":0,"tor":0,"tor_exit_nodes":0,"vpn":15,"relay":0,"proxy":0,"hosting":15,"service":15}},"geometry":{"type":"Point","coordinates":[17.10674,48.14816]}},{"type":"Feature","properties":{"country_code":"GUY","city":"Georgetown","geoname_id":"3378644","h3_hexagon":600650648064622591,"downloaders":{"size":185,"mobile":1,"satellite":0,"tor":0,"tor_exit_nodes":0,"vpn":0,"relay":0,"proxy":0,"hosting":0,"service":0},"uploaders":{"size":3,"mobile":0,"satellite":0,"tor":0,"tor_exit_nodes":0,"vpn":0,"relay":0,"proxy":0,"hosting":0,"service":0}},"geometry":{"type":"Point","coordinates":[-58.15527,6.80448]}},{"type":"Feature","properties":{"country_code":"USA","city":"Washington","geoname_id":"4140963","h3_hexagon":599729186453585919,"downloaders":{"size":181,"mobile":0,"satellite":0,"tor":0,"tor_exit_nodes":0,"vpn":70,"relay":0,"proxy":0,"hosting":130,"service":69},"uploaders":{"size":24,"mobile":0,"satellite":0,"tor":0,"tor_exit_nodes":0,"vpn":23,"relay":0,"proxy":0,"hosting":23,"service":23}},"geometry":{"type":"Point","coordinates":[-77.03637,38.89511]}},{"type":"Feature","properties":{"country_code":"USA","city":"Kansas City","geoname_id":"4393217","h3_hexagon":599653166606188543,"downloaders":{"size":178,"mobile":3,"satellite":0,"tor":1,"tor_exit_nodes":0,"vpn":40,"relay":0,"proxy":0,"hosting":86,"service":39},"uploaders":{"size":32,"mobile":0,"satellite":0,"tor":0,"tor_exit_nodes":0,"vpn":15,"relay":0,"proxy":0,"hosting":16,"service":15}},"geometry":{"type":"Point","coordinates":[-94.57857,39.09973]}},{"type":"Feature","properties":{"country_code":"USA","city":"San Francisco","geoname_id":"5391959","h3_hexagon":599685771850416127,"downloaders":{"size":177,"mobile":28,"satellite":0,"tor":0,"tor_exit_nodes":0,"vpn":10,"relay":0,"proxy":0,"hosting":13,"service":9},"uploaders":{"size":32,"mobile":5,"satellite":0,"tor":0,"tor_exit_nodes":0,"vpn":2,"relay":0,"proxy":0,"hosting":2,"service":2}},"geometry":{"type":"Point","coordinates":[-122.41942,37.77493]}},{"type":"Feature","properties":{"country_code":"USA","city":"Kent","geoname_id":"5799625","h3_hexagon":599697129891430399,"downloaders":{"size":177,"mobile":0,"satellite":0,"tor":0,"tor_exit_nodes":0,"vpn":13,"relay":0,"proxy":0,"hosting":145,"service":13},"uploaders":{"size":5,"mobile":0,"satellite":0,"tor":0,"tor_exit_nodes":0,"vpn":0,"relay":0,"proxy":0,"hosting":2,"service":0}},"geometry":{"type":"Point","coordinates":[-122.23484,47.38093]}},{"type":"Feature","properties":{"country_code":"POL","city":"Lublin","geoname_id":"765876","h3_hexagon":599509611619287039,"downloaders":{"size":175,"mobile":2,"satellite":0,"tor":0,"tor_exit_nodes":0,"vpn":0,"relay":0,"proxy":0,"hosting":0,"service":0},"uploaders":{"size":4,"mobile":0,"satellite":0,"tor":0,"tor_exit_nodes":0,"vpn":0,"relay":0,"proxy":0,"hosting":0,"service":0}},"geometry":{"type":"Point","coordinates":[22.57009,51.25058]}},{"type":"Feature","properties":{"country_code":"CAN","city":"Calgary","geoname_id":"5913490","h3_hexagon":599309485470646271,"downloaders":{"size":174,"mobile":39,"satellite":1,"tor":0,"tor_exit_nodes":0,"vpn":49,"relay":1,"proxy":0,"hosting":6,"service":50},"uploaders":{"size":53,"mobile":13,"satellite":0,"tor":0,"tor_exit_nodes":0,"vpn":31,"relay":0,"proxy":0,"hosting":0,"service":31}},"geometry":{"type":"Point","coordinates":[-114.08529,51.05011]}},{"type":"Feature","properties":{"country_code":"COL","city":"Bogotá","geoname_id":"3688689","h3_hexagon":600788586308042751,"downloaders":{"size":174,"mobile":17,"satellite":1,"tor":0,"tor_exit_nodes":0,"vpn":29,"relay":0,"proxy":0,"hosting":30,"service":28},"uploaders":{"size":11,"mobile":0,"satellite":0,"tor":0,"tor_exit_nodes":0,"vpn":10,"relay":0,"proxy":0,"hosting":10,"service":10}},"geometry":{"type":"Point","coordinates":[-74.08175,4.60971]}},{"type":"Feature","properties":{"country_code":"MDA","city":"Chisinau","geoname_id":"618426","h3_hexagon":599511080498102271,"downloaders":{"size":173,"mobile":1,"satellite":0,"tor":1,"tor_exit_nodes":1,"vpn":15,"relay":0,"proxy":0,"hosting":31,"service":12},"uploaders":{"size":14,"mobile":0,"satellite":0,"tor":1,"tor_exit_nodes":1,"vpn":2,"relay":0,"proxy":0,"hosting":13,"service":1}},"geometry":{"type":"Point","coordinates":[28.85938,47.00902]}},{"type":"Feature","properties":{"country_code":"USA","city":"Buffalo","geoname_id":"5110629","h3_hexagon":599729084448112639,"downloaders":{"size":172,"mobile":1,"satellite":0,"tor":0,"tor_exit_nodes":0,"vpn":55,"relay":0,"proxy":0,"hosting":148,"service":55},"uploaders":{"size":42,"mobile":0,"satellite":0,"tor":0,"tor_exit_nodes":0,"vpn":18,"relay":0,"proxy":0,"hosting":40,"service":18}},"geometry":{"type":"Point","coordinates":[-78.87837,42.88645]}},{"type":"Feature","properties":{"country_code":"RUS","city":"Serpukhov","geoname_id":"496527","h3_hexagon":599286736102621183,"downloaders":{"size":172,"mobile":0,"satellite":0,"tor":0,"tor_exit_nodes":0,"vpn":1,"relay":0,"proxy":0,"hosting":0,"service":0},"uploaders":{"size":6,"mobile":0,"satellite":0,"tor":0,"tor_exit_nodes":0,"vpn":0,"relay":0,"proxy":0,"hosting":0,"service":0}},"geometry":{"type":"Point","coordinates":[37.41618,54.9198]}},{"type":"Feature","properties":{"country_code":"USA","city":"Philadelphia","geoname_id":"4560349","h3_hexagon":599718949399035903,"downloaders":{"size":170,"mobile":4,"satellite":0,"tor":0,"tor_exit_nodes":0,"vpn":1,"relay":0,"proxy":0,"hosting":1,"service":1},"uploaders":{"size":11,"mobile":2,"satellite":0,"tor":0,"tor_exit_nodes":0,"vpn":0,"relay":0,"proxy":0,"hosting":0,"service":0}},"geometry":{"type":"Point","coordinates":[-75.16362,39.95238]}},{"type":"Feature","properties":{"country_code":"CAN","city":"Windsor","geoname_id":"6182962","h3_hexagon":599729908008091647,"downloaders":{"size":169,"mobile":1,"satellite":56,"tor":0,"tor_exit_nodes":0,"vpn":49,"relay":0,"proxy":0,"hosting":54,"service":49},"uploaders":{"size":78,"mobile":0,"satellite":49,"tor":0,"tor_exit_nodes":0,"vpn":22,"relay":0,"proxy":0,"hosting":22,"service":22}},"geometry":{"type":"Point","coordinates":[-83.01654,42.30008]}},{"type":"Feature","properties":{"country_code":"SWE","city":"Malmö","geoname_id":"2692969","h3_hexagon":599524502270902271,"downloaders":{"size":168,"mobile":2,"satellite":0,"tor":0,"tor_exit_nodes":0,"vpn":80,"relay":0,"proxy":0,"hosting":80,"service":65},"uploaders":{"size":31,"mobile":0,"satellite":0,"tor":0,"tor_exit_nodes":0,"vpn":24,"relay":0,"proxy":0,"hosting":24,"service":24}},"geometry":{"type":"Point","coordinates":[13.00073,55.60587]}},{"type":"Feature","properties":{"country_code":"PHL","city":"Quezon City","geoname_id":"1692192","h3_hexagon":600831342707474431,"downloaders":{"size":168,"mobile":36,"satellite":1,"tor":0,"tor_exit_nodes":0,"vpn":3,"relay":1,"proxy":0,"hosting":4,"service":4},"uploaders":{"size":17,"mobile":3,"satellite":0,"tor":0,"tor_exit_nodes":0,"vpn":0,"relay":0,"proxy":0,"hosting":0,"service":0}},"geometry":{"type":"Point","coordinates":[121.0509,14.6488]}},{"type":"Feature","properties":{"country_code":"PAK","city":"Karachi","geoname_id":"1174872","h3_hexagon":600155521013514239,"downloaders":{"size":167,"mobile":17,"satellite":0,"tor":0,"tor_exit_nodes":0,"vpn":0,"relay":0,"proxy":0,"hosting":13,"service":0},"uploaders":{"size":18,"mobile":5,"satellite":0,"tor":0,"tor_exit_nodes":0,"vpn":0,"relay":0,"proxy":0,"hosting":0,"service":0}},"geometry":{"type":"Point","coordinates":[67.0104,24.8608]}},{"type":"Feature","properties":{"country_code":"IND","city":"New Delhi","geoname_id":"1261481","h3_hexagon":600062944067190783,"downloaders":{"size":164,"mobile":54,"satellite":0,"tor":0,"tor_exit_nodes":0,"vpn":0,"relay":0,"proxy":0,"hosting":1,"service":0},"uploaders":{"size":17,"mobile":7,"satellite":0,"tor":0,"tor_exit_nodes":0,"vpn":0,"relay":0,"proxy":0,"hosting":0,"service":0}},"geometry":{"type":"Point","coordinates":[77.2148,28.62137]}},{"type":"Feature","properties":{"country_code":"IND","city":"Chennai","geoname_id":"1264527","h3_hexagon":600694833614422015,"downloaders":{"size":160,"mobile":26,"satellite":0,"tor":0,"tor_exit_nodes":0,"vpn":2,"relay":0,"proxy":0,"hosting":2,"service":2},"uploaders":{"size":43,"mobile":9,"satellite":0,"tor":0,"tor_exit_nodes":0,"vpn":0,"relay":0,"proxy":0,"hosting":1,"service":0}},"geometry":{"type":"Point","coordinates":[80.27847,13.08784]}},{"type":"Feature","properties":{"country_code":"TWN","city":"Kaohsiung","geoname_id":"1673820","h3_hexagon":600310330962214911,"downloaders":{"size":160,"mobile":4,"satellite":0,"tor":0,"tor_exit_nodes":0,"vpn":5,"relay":0,"proxy":0,"hosting":0,"service":0},"uploaders":{"size":21,"mobile":0,"satellite":0,"tor":0,"tor_exit_nodes":0,"vpn":0,"relay":0,"proxy":0,"hosting":0,"service":0}},"geometry":{"type":"Point","coordinates":[120.31333,22.61626]}},{"type":"Feature","properties":{"country_code":"SAU","city":"Jeddah","geoname_id":"105343","h3_hexagon":600450539095851007,"downloaders":{"size":158,"mobile":37,"satellite":0,"tor":0,"tor_exit_nodes":0,"vpn":0,"relay":0,"proxy":0,"hosting":0,"service":0},"uploaders":{"size":4,"mobile":2,"satellite":0,"tor":0,"tor_exit_nodes":0,"vpn":0,"relay":0,"proxy":0,"hosting":0,"service":0}},"geometry":{"type":"Point","coordinates":[39.18624,21.49012]}},{"type":"Feature","properties":{"country_code":"ISL","city":"Reykjavík","geoname_id":"3413829","h3_hexagon":599108344635981823,"downloaders":{"size":158,"mobile":2,"satellite":0,"tor":0,"tor_exit_nodes":0,"vpn":56,"relay":0,"proxy":0,"hosting":16,"service":56},"uploaders":{"size":33,"mobile":0,"satellite":0,"tor":0,"tor_exit_nodes":0,"vpn":29,"relay":0,"proxy":0,"hosting":9,"service":29}},"geometry":{"type":"Point","coordinates":[-21.89541,64.13548]}},{"type":"Feature","properties":{"country_code":"USA","city":"Turtle Creek","geoname_id":"5216343","h3_hexagon":599726724363583487,"downloaders":{"size":156,"mobile":13,"satellite":0,"tor":0,"tor_exit_nodes":0,"vpn":88,"relay":0,"proxy":0,"hosting":87,"service":86},"uploaders":{"size":63,"mobile":6,"satellite":0,"tor":0,"tor_exit_nodes":0,"vpn":45,"relay":0,"proxy":0,"hosting":45,"service":45}},"geometry":{"type":"Point","coordinates":[-79.82505,40.4059]}},{"type":"Feature","properties":{"country_code":"CAN","city":"Edmonton","geoname_id":"5946768","h3_hexagon":599311682346418175,"downloaders":{"size":154,"mobile":79,"satellite":0,"tor":0,"tor_exit_nodes":0,"vpn":0,"relay":1,"proxy":0,"hosting":2,"service":1},"uploaders":{"size":22,"mobile":14,"satellite":0,"tor":0,"tor_exit_nodes":0,"vpn":0,"relay":0,"proxy":0,"hosting":0,"service":0}},"geometry":{"type":"Point","coordinates":[-113.46871,53.55014]}},{"type":"Feature","properties":{"country_code":"GBR","city":"Bexley","geoname_id":"2655775","h3_hexagon":599423945275342847,"downloaders":{"size":154,"mobile":0,"satellite":0,"tor":0,"tor_exit_nodes":0,"vpn":0,"relay":0,"proxy":0,"hosting":109,"service":0},"uploaders":{"size":14,"mobile":0,"satellite":0,"tor":0,"tor_exit_nodes":0,"vpn":0,"relay":0,"proxy":0,"hosting":12,"service":0}},"geometry":{"type":"Point","coordinates":[0.14866,51.44162]}},{"type":"Feature","properties":{"country_code":"USA","city":"Trenton","geoname_id":"5105496","h3_hexagon":599718983758774271,"downloaders":{"size":151,"mobile":0,"satellite":0,"tor":0,"tor_exit_nodes":0,"vpn":147,"relay":0,"proxy":0,"hosting":147,"service":147},"uploaders":{"size":25,"mobile":0,"satellite":0,"tor":0,"tor_exit_nodes":0,"vpn":24,"relay":0,"proxy":0,"hosting":24,"service":24}},"geometry":{"type":"Point","coordinates":[-74.74294,40.21705]}},{"type":"Feature","properties":{"country_code":"USA","city":"Bozeman","geoname_id":"5641727","h3_hexagon":599692484884299775,"downloaders":{"size":149,"mobile":0,"satellite":0,"tor":0,"tor_exit_nodes":0,"vpn":0,"relay":0,"proxy":0,"hosting":0,"service":0},"uploaders":{"size":54,"mobile":0,"satellite":0,"tor":0,"tor_exit_nodes":0,"vpn":0,"relay":0,"proxy":0,"hosting":0,"service":0}},"geometry":{"type":"Point","coordinates":[-111.03856,45.67965]}},{"type":"Feature","properties":{"country_code":"ROU","city":"Iaşi","geoname_id":"675810","h3_hexagon":599512387241902079,"downloaders":{"size":148,"mobile":0,"satellite":0,"tor":0,"tor_exit_nodes":0,"vpn":0,"relay":0,"proxy":0,"hosting":1,"service":0},"uploaders":{"size":3,"mobile":0,"satellite":0,"tor":0,"tor_exit_nodes":0,"vpn":0,"relay":0,"proxy":0,"hosting":0,"service":0}},"geometry":{"type":"Point","coordinates":[27.6,47.16667]}},{"type":"Feature","properties":{"country_code":"KOR","city":"Hanam","geoname_id":"1897007","h3_hexagon":599838693087248383,"downloaders":{"size":147,"mobile":1,"satellite":0,"tor":0,"tor_exit_nodes":0,"vpn":3,"relay":0,"proxy":0,"hosting":0,"service":0},"uploaders":{"size":9,"mobile":0,"satellite":0,"tor":0,"tor_exit_nodes":0,"vpn":0,"relay":0,"proxy":0,"hosting":0,"service":0}},"geometry":{"type":"Point","coordinates":[127.20556,37.54]}},{"type":"Feature","properties":{"country_code":"CAN","city":"Beauharnois","geoname_id":"5896495","h3_hexagon":599746925742260223,"downloaders":{"size":145,"mobile":0,"satellite":0,"tor":0,"tor_exit_nodes":0,"vpn":4,"relay":0,"proxy":0,"hosting":144,"service":4},"uploaders":{"size":11,"mobile":0,"satellite":0,"tor":0,"tor_exit_nodes":0,"vpn":0,"relay":0,"proxy":0,"hosting":11,"service":0}},"geometry":{"type":"Point","coordinates":[-73.8725,45.31341]}},{"type":"Feature","properties":{"country_code":"GEO","city":"Tbilisi","geoname_id":"611717","h3_hexagon":599755739015151615,"downloaders":{"size":144,"mobile":23,"satellite":0,"tor":0,"tor_exit_nodes":0,"vpn":18,"relay":0,"proxy":0,"hosting":17,"service":17},"uploaders":{"size":6,"mobile":0,"satellite":0,"tor":0,"tor_exit_nodes":0,"vpn":6,"relay":0,"proxy":0,"hosting":6,"service":6}},"geometry":{"type":"Point","coordinates":[44.83412,41.69143]}},{"type":"Feature","properties":{"country_code":"IDN","city":"Jakarta","geoname_id":"1642911","h3_hexagon":601442789284118527,"downloaders":{"size":144,"mobile":2,"satellite":0,"tor":0,"tor_exit_nodes":0,"vpn":50,"relay":18,"proxy":0,"hosting":69,"service":67},"uploaders":{"size":58,"mobile":0,"satellite":0,"tor":0,"tor_exit_nodes":0,"vpn":33,"relay":14,"proxy":0,"hosting":37,"service":47}},"geometry":{"type":"Point","coordinates":[106.84513,-6.21462]}},{"type":"Feature","properties":{"country_code":"NLD","city":"Zwolle","geoname_id":"2743477","h3_hexagon":599425811438632959,"downloaders":{"size":144,"mobile":0,"satellite":0,"tor":2,"tor_exit_nodes":2,"vpn":109,"relay":0,"proxy":0,"hosting":112,"service":107},"uploaders":{"size":37,"mobile":0,"satellite":0,"tor":0,"tor_exit_nodes":0,"vpn":34,"relay":0,"proxy":0,"hosting":34,"service":34}},"geometry":{"type":"Point","coordinates":[6.09444,52.5125]}},{"type":"Feature","properties":{"country_code":"ARE","city":"Bur Dubai","geoname_id":"7289825","h3_hexagon":600168505773391871,"downloaders":{"size":143,"mobile":0,"satellite":0,"tor":0,"tor_exit_nodes":0,"vpn":143,"relay":0,"proxy":0,"hosting":143,"service":143},"uploaders":{"size":23,"mobile":0,"satellite":0,"tor":0,"tor_exit_nodes":0,"vpn":23,"relay":0,"proxy":0,"hosting":23,"service":23}},"geometry":{"type":"Point","coordinates":[55.2694,25.2049]}},{"type":"Feature","properties":{"country_code":"USA","city":"Miami","geoname_id":"4164138","h3_hexagon":600186133392916479,"downloaders":{"size":143,"mobile":0,"satellite":0,"tor":0,"tor_exit_nodes":0,"vpn":143,"relay":0,"proxy":0,"hosting":143,"service":143},"uploaders":{"size":10,"mobile":0,"satellite":0,"tor":0,"tor_exit_nodes":0,"vpn":10,"relay":0,"proxy":0,"hosting":10,"service":10}},"geometry":{"type":"Point","coordinates":[-80.3549,25.8141]}},{"type":"Feature","properties":{"country_code":"TUN","city":"Tunis","geoname_id":"2464470","h3_hexagon":599971481664880639,"downloaders":{"size":141,"mobile":13,"satellite":0,"tor":0,"tor_exit_nodes":0,"vpn":0,"relay":0,"proxy":0,"hosting":1,"service":0},"uploaders":{"size":5,"mobile":5,"satellite":0,"tor":0,"tor_exit_nodes":0,"vpn":0,"relay":0,"proxy":0,"hosting":0,"service":0}},"geometry":{"type":"Point","coordinates":[10.16579,36.81897]}},{"type":"Feature","properties":{"country_code":"URY","city":"Montevideo","geoname_id":"3441575","h3_hexagon":602408251761360895,"downloaders":{"size":141,"mobile":2,"satellite":0,"tor":0,"tor_exit_nodes":0,"vpn":1,"relay":0,"proxy":0,"hosting":0,"service":0},"uploaders":{"size":13,"mobile":0,"satellite":0,"tor":0,"tor_exit_nodes":0,"vpn":0,"relay":0,"proxy":0,"hosting":0,"service":0}},"geometry":{"type":"Point","coordinates":[-56.18816,-34.90328]}},{"type":"Feature","properties":{"country_code":"USA","city":"Columbus","geoname_id":"4509177","h3_hexagon":599727890447204351,"downloaders":{"size":139,"mobile":7,"satellite":0,"tor":0,"tor_exit_nodes":0,"vpn":36,"relay":0,"proxy":0,"hosting":92,"service":35},"uploaders":{"size":20,"mobile":0,"satellite":0,"tor":0,"tor_exit_nodes":0,"vpn":2,"relay":0,"proxy":0,"hosting":3,"service":2}},"geometry":{"type":"Point","coordinates":[-82.99879,39.96118]}},{"type":"Feature","properties":{"country_code":"BRA","city":"Curitiba","geoname_id":"3464975","h3_hexagon":601937619982483455,"downloaders":{"size":139,"mobile":0,"satellite":0,"tor":0,"tor_exit_nodes":0,"vpn":0,"relay":0,"proxy":0,"hosting":0,"service":0},"uploaders":{"size":12,"mobile":0,"satellite":0,"tor":0,"tor_exit_nodes":0,"vpn":0,"relay":0,"proxy":0,"hosting":0,"service":0}},"geometry":{"type":"Point","coordinates":[-49.27306,-25.42778]}},{"type":"Feature","properties":{"country_code":"DEU","city":"Stuttgart","geoname_id":"2825297","h3_hexagon":599535823804694527,"downloaders":{"size":137,"mobile":15,"satellite":0,"tor":0,"tor_exit_nodes":0,"vpn":0,"relay":0,"proxy":0,"hosting":0,"service":0},"uploaders":{"size":17,"mobile":8,"satellite":0,"tor":0,"tor_exit_nodes":0,"vpn":0,"relay":0,"proxy":0,"hosting":0,"service":0}},"geometry":{"type":"Point","coordinates":[9.17702,48.78232]}},{"type":"Feature","properties":{"country_code":"USA","city":"Baltimore","geoname_id":"4347778","h3_hexagon":599729219739582463,"downloaders":{"size":135,"mobile":4,"satellite":0,"tor":0,"tor_exit_nodes":0,"vpn":109,"relay":0,"proxy":0,"hosting":109,"service":109},"uploaders":{"size":11,"mobile":0,"satellite":0,"tor":0,"tor_exit_nodes":0,"vpn":1,"relay":0,"proxy":0,"hosting":1,"service":1}},"geometry":{"type":"Point","coordinates":[-76.61219,39.29038]}},{"type":"Feature","properties":{"country_code":"USA","city":"Edison","geoname_id":"5097529","h3_hexagon":599718750756798463,"downloaders":{"size":132,"mobile":0,"satellite":0,"tor":0,"tor_exit_nodes":0,"vpn":94,"relay":0,"proxy":0,"hosting":117,"service":94},"uploaders":{"size":34,"mobile":0,"satellite":0,"tor":0,"tor_exit_nodes":0,"vpn":26,"relay":0,"proxy":0,"hosting":34,"service":26}},"geometry":{"type":"Point","coordinates":[-74.4121,40.51872]}},{"type":"Feature","properties":{"country_code":"IND","city":"Bengaluru","geoname_id":"1277333","h3_hexagon":600668999386136575,"downloaders":{"size":132,"mobile":8,"satellite":0,"tor":0,"tor_exit_nodes":0,"vpn":0,"relay":0,"proxy":0,"hosting":1,"service":0},"uploaders":{"size":17,"mobile":0,"satellite":0,"tor":0,"tor_exit_nodes":0,"vpn":0,"relay":0,"proxy":0,"hosting":0,"service":0}},"geometry":{"type":"Point","coordinates":[77.59369,12.97194]}},{"type":"Feature","properties":{"country_code":"DEU","city":"Hamburg","geoname_id":"2911298","h3_hexagon":599525598561304575,"downloaders":{"size":132,"mobile":8,"satellite":0,"tor":1,"tor_exit_nodes":0,"vpn":8,"relay":0,"proxy":0,"hosting":7,"service":6},"uploaders":{"size":16,"mobile":0,"satellite":0,"tor":0,"tor_exit_nodes":0,"vpn":2,"relay":0,"proxy":0,"hosting":2,"service":2}},"geometry":{"type":"Point","coordinates":[9.99302,53.55073]}},{"type":"Feature","properties":{"country_code":"BGR","city":"Varna","geoname_id":"726050","h3_hexagon":599522715564507135,"downloaders":{"size":131,"mobile":6,"satellite":0,"tor":0,"tor_exit_nodes":0,"vpn":10,"relay":0,"proxy":0,"hosting":5,"service":0},"uploaders":{"size":3,"mobile":0,"satellite":0,"tor":0,"tor_exit_nodes":0,"vpn":2,"relay":0,"proxy":0,"hosting":0,"service":0}},"geometry":{"type":"Point","coordinates":[27.91024,43.21912]}},{"type":"Feature","properties":{"country_code":"DEU","city":"Munich","geoname_id":"2867714","h3_hexagon":599533816981225471,"downloaders":{"size":129,"mobile":14,"satellite":0,"tor":0,"tor_exit_nodes":0,"vpn":1,"relay":0,"proxy":0,"hosting":0,"service":0},"uploaders":{"size":38,"mobile":8,"satellite":0,"tor":0,"tor_exit_nodes":0,"vpn":0,"relay":0,"proxy":0,"hosting":0,"service":0}},"geometry":{"type":"Point","coordinates":[11.57549,48.13743]}},{"type":"Feature","properties":{"country_code":"CHN","city":"Wuxi","geoname_id":"1790923","h3_hexagon":599833677639188479,"downloaders":{"size":126,"mobile":0,"satellite":0,"tor":0,"tor_exit_nodes":0,"vpn":1,"relay":0,"proxy":0,"hosting":0,"service":0},"uploaders":{"size":33,"mobile":0,"satellite":0,"tor":0,"tor_exit_nodes":0,"vpn":0,"relay":0,"proxy":0,"hosting":0,"service":0}},"geometry":{"type":"Point","coordinates":[120.28857000000001,31.56887]}},{"type":"Feature","properties":{"country_code":"TWN","city":"Taoyuan","geoname_id":"6696918","h3_hexagon":600309203533299711,"downloaders":{"size":126,"mobile":6,"satellite":0,"tor":0,"tor_exit_nodes":0,"vpn":5,"relay":0,"proxy":0,"hosting":0,"service":0},"uploaders":{"size":3,"mobile":0,"satellite":0,"tor":0,"tor_exit_nodes":0,"vpn":0,"relay":0,"proxy":0,"hosting":0,"service":0}},"geometry":{"type":"Point","coordinates":[121.29696,24.99368]}},{"type":"Feature","properties":{"country_code":"USA","city":"Portland","geoname_id":"5746545","h3_hexagon":599698931630211071,"downloaders":{"size":125,"mobile":1,"satellite":0,"tor":0,"tor_exit_nodes":0,"vpn":5,"relay":0,"proxy":0,"hosting":10,"service":3},"uploaders":{"size":43,"mobile":0,"satellite":0,"tor":0,"tor_exit_nodes":0,"vpn":0,"relay":0,"proxy":0,"hosting":0,"service":0}},"geometry":{"type":"Point","coordinates":[-122.67621,45.52345]}},{"type":"Feature","properties":{"country_code":"DEU","city":"Berlin","geoname_id":"2950159","h3_hexagon":599526121473572863,"downloaders":{"size":124,"mobile":8,"satellite":0,"tor":0,"tor_exit_nodes":0,"vpn":70,"relay":0,"proxy":0,"hosting":65,"service":65},"uploaders":{"size":48,"mobile":0,"satellite":0,"tor":0,"tor_exit_nodes":0,"vpn":40,"relay":0,"proxy":0,"hosting":39,"service":39}},"geometry":{"type":"Point","coordinates":[13.3846,52.5323]}},{"type":"Feature","properties":{"country_code":"NLD","city":"The Hague","geoname_id":"2747373","h3_hexagon":599425944582619135,"downloaders":{"size":122,"mobile":3,"satellite":0,"tor":0,"tor_exit_nodes":0,"vpn":5,"relay":0,"proxy":0,"hosting":3,"service":3},"uploaders":{"size":4,"mobile":0,"satellite":0,"tor":0,"tor_exit_nodes":0,"vpn":0,"relay":0,"proxy":0,"hosting":0,"service":0}},"geometry":{"type":"Point","coordinates":[4.29861,52.07667]}},{"type":"Feature","properties":{"country_code":"HKG","city":"Tung Chung","geoname_id":"11101593","h3_hexagon":600124216070635519,"downloaders":{"size":122,"mobile":0,"satellite":0,"tor":0,"tor_exit_nodes":0,"vpn":6,"relay":0,"proxy":3,"hosting":50,"service":2},"uploaders":{"size":5,"mobile":0,"satellite":0,"tor":0,"tor_exit_nodes":0,"vpn":0,"relay":0,"proxy":0,"hosting":3,"service":0}},"geometry":{"type":"Point","coordinates":[113.94243,22.28783]}},{"type":"Feature","properties":{"country_code":"HUN","city":"Szeged","geoname_id":"715429","h3_hexagon":599508286621876223,"downloaders":{"size":121,"mobile":0,"satellite":0,"tor":0,"tor_exit_nodes":0,"vpn":11,"relay":0,"proxy":0,"hosting":1,"service":8},"uploaders":{"size":4,"mobile":0,"satellite":0,"tor":0,"tor_exit_nodes":0,"vpn":0,"relay":0,"proxy":0,"hosting":0,"service":0}},"geometry":{"type":"Point","coordinates":[20.14824,46.253]}},{"type":"Feature","properties":{"country_code":"ROU","city":"Cluj-Napoca","geoname_id":"681290","h3_hexagon":599507288041979903,"downloaders":{"size":121,"mobile":0,"satellite":0,"tor":0,"tor_exit_nodes":0,"vpn":3,"relay":0,"proxy":0,"hosting":0,"service":0},"uploaders":{"size":21,"mobile":0,"satellite":0,"tor":0,"tor_exit_nodes":0,"vpn":0,"relay":0,"proxy":0,"hosting":0,"service":0}},"geometry":{"type":"Point","coordinates":[23.6,46.76667]}},{"type":"Feature","properties":{"country_code":"USA","city":"Las Vegas","geoname_id":"5506956","h3_hexagon":599709288943845375,"downloaders":{"size":119,"mobile":2,"satellite":0,"tor":0,"tor_exit_nodes":0,"vpn":53,"relay":0,"proxy":0,"hosting":69,"service":46},"uploaders":{"size":5,"mobile":0,"satellite":0,"tor":0,"tor_exit_nodes":0,"vpn":0,"relay":0,"proxy":0,"hosting":4,"service":0}},"geometry":{"type":"Point","coordinates":[-115.13722,36.17497]}},{"type":"Feature","properties":{"country_code":"ARE","city":"Dubai","geoname_id":"292223","h3_hexagon":600168500404682751,"downloaders":{"size":112,"mobile":13,"satellite":0,"tor":0,"tor_exit_nodes":0,"vpn":25,"relay":0,"proxy":0,"hosting":33,"service":23},"uploaders":{"size":7,"mobile":1,"satellite":0,"tor":0,"tor_exit_nodes":0,"vpn":3,"relay":0,"proxy":0,"hosting":2,"service":2}},"geometry":{"type":"Point","coordinates":[55.30927,25.07725]}},{"type":"Feature","properties":{"country_code":"FRA","city":"Massy","geoname_id":"2995206","h3_hexagon":599536507778236415,"downloaders":{"size":111,"mobile":63,"satellite":0,"tor":0,"tor_exit_nodes":0,"vpn":0,"relay":0,"proxy":0,"hosting":0,"service":0},"uploaders":{"size":11,"mobile":11,"satellite":0,"tor":0,"tor_exit_nodes":0,"vpn":0,"relay":0,"proxy":0,"hosting":0,"service":0}},"geometry":{"type":"Point","coordinates":[2.28301,48.72692]}},{"type":"Feature","properties":{"country_code":"GBR","city":"Rochdale","geoname_id":"2639272","h3_hexagon":599423112051687423,"downloaders":{"size":110,"mobile":2,"satellite":0,"tor":9,"tor_exit_nodes":0,"vpn":6,"relay":0,"proxy":0,"hosting":0,"service":0},"uploaders":{"size":19,"mobile":0,"satellite":0,"tor":9,"tor_exit_nodes":0,"vpn":0,"relay":0,"proxy":0,"hosting":0,"service":0}},"geometry":{"type":"Point","coordinates":[-2.1833,53.5833]}},{"type":"Feature","properties":{"country_code":"MKD","city":"Skopje","geoname_id":"785842","h3_hexagon":599520147174064127,"downloaders":{"size":110,"mobile":0,"satellite":0,"tor":0,"tor_exit_nodes":0,"vpn":8,"relay":0,"proxy":0,"hosting":2,"service":8},"uploaders":{"size":4,"mobile":0,"satellite":0,"tor":0,"tor_exit_nodes":0,"vpn":2,"relay":0,"proxy":0,"hosting":0,"service":2}},"geometry":{"type":"Point","coordinates":[21.43141,41.99646]}},{"type":"Feature","properties":{"country_code":"BRA","city":"Porto Alegre","geoname_id":"3452925","h3_hexagon":601951910412419071,"downloaders":{"size":107,"mobile":1,"satellite":0,"tor":0,"tor_exit_nodes":0,"vpn":1,"relay":0,"proxy":0,"hosting":0,"service":0},"uploaders":{"size":11,"mobile":0,"satellite":0,"tor":0,"tor_exit_nodes":0,"vpn":0,"relay":0,"proxy":0,"hosting":0,"service":0}},"geometry":{"type":"Point","coordinates":[-51.23019,-30.03283]}},{"type":"Feature","properties":{"country_code":"BEL","city":"Steenokkerzeel","geoname_id":"2786124","h3_hexagon":599535397529190399,"downloaders":{"size":106,"mobile":0,"satellite":0,"tor":1,"tor_exit_nodes":0,"vpn":99,"relay":0,"proxy":1,"hosting":99,"service":98},"uploaders":{"size":25,"mobile":0,"satellite":0,"tor":0,"tor_exit_nodes":0,"vpn":25,"relay":0,"proxy":0,"hosting":25,"service":25}},"geometry":{"type":"Point","coordinates":[4.50989,50.91851]}},{"type":"Feature","properties":{"country_code":"BGD","city":"Dhaka","geoname_id":"1185241","h3_hexagon":600050875209089023,"downloaders":{"size":106,"mobile":2,"satellite":4,"tor":0,"tor_exit_nodes":0,"vpn":16,"relay":0,"proxy":0,"hosting":6,"service":8},"uploaders":{"size":7,"mobile":0,"satellite":3,"tor":0,"tor_exit_nodes":0,"vpn":1,"relay":0,"proxy":0,"hosting":0,"service":1}},"geometry":{"type":"Point","coordinates":[90.40744,23.7104]}},{"type":"Feature","properties":{"country_code":"USA","city":"Hialeah","geoname_id":"4158476","h3_hexagon":600186129097949183,"downloaders":{"size":105,"mobile":0,"satellite":0,"tor":0,"tor_exit_nodes":0,"vpn":104,"relay":0,"proxy":0,"hosting":104,"service":104},"uploaders":{"size":49,"mobile":0,"satellite":0,"tor":0,"tor_exit_nodes":0,"vpn":49,"relay":0,"proxy":0,"hosting":49,"service":49}},"geometry":{"type":"Point","coordinates":[-80.3889,25.9098]}},{"type":"Feature","properties":{"country_code":"ITA","city":"Bologna","geoname_id":"3181928","h3_hexagon":599517535833948159,"downloaders":{"size":104,"mobile":4,"satellite":0,"tor":0,"tor_exit_nodes":0,"vpn":2,"relay":0,"proxy":0,"hosting":0,"service":0},"uploaders":{"size":9,"mobile":0,"satellite":0,"tor":0,"tor_exit_nodes":0,"vpn":0,"relay":0,"proxy":0,"hosting":0,"service":0}},"geometry":{"type":"Point","coordinates":[11.33875,44.49381]}},{"type":"Feature","properties":{"country_code":"SAU","city":"Dammam","geoname_id":"110336","h3_hexagon":600446483572981759,"downloaders":{"size":101,"mobile":13,"satellite":0,"tor":0,"tor_exit_nodes":0,"vpn":0,"relay":0,"proxy":0,"hosting":0,"service":0},"uploaders":{"size":3,"mobile":1,"satellite":0,"tor":0,"tor_exit_nodes":0,"vpn":0,"relay":0,"proxy":0,"hosting":0,"service":0}},"geometry":{"type":"Point","coordinates":[50.10326,26.43442]}},{"type":"Feature","properties":{"country_code":"GRC","city":"Thessaloníki","geoname_id":"734077","h3_hexagon":599519876591124479,"downloaders":{"size":101,"mobile":20,"satellite":0,"tor":0,"tor_exit_nodes":0,"vpn":0,"relay":0,"proxy":0,"hosting":0,"service":0},"uploaders":{"size":5,"mobile":2,"satellite":0,"tor":0,"tor_exit_nodes":0,"vpn":0,"relay":0,"proxy":0,"hosting":0,"service":0}},"geometry":{"type":"Point","coordinates":[22.93493,40.64072]}},{"type":"Feature","properties":{"country_code":"USA","city":"Minneapolis","geoname_id":"5037649","h3_hexagon":599670509684129791,"downloaders":{"size":101,"mobile":4,"satellite":2,"tor":0,"tor_exit_nodes":0,"vpn":2,"relay":2,"proxy":0,"hosting":3,"service":3},"uploaders":{"size":37,"mobile":0,"satellite":2,"tor":0,"tor_exit_nodes":0,"vpn":0,"relay":0,"proxy":0,"hosting":0,"service":0}},"geometry":{"type":"Point","coordinates":[-93.26384,44.97997]}},{"type":"Feature","properties":{"country_code":"BRA","city":"Osasco","geoname_id":"3455775","h3_hexagon":601935353313492991,"downloaders":{"size":99,"mobile":0,"satellite":0,"tor":0,"tor_exit_nodes":0,"vpn":5,"relay":0,"proxy":0,"hosting":5,"service":5},"uploaders":{"size":4,"mobile":0,"satellite":0,"tor":0,"tor_exit_nodes":0,"vpn":2,"relay":0,"proxy":0,"hosting":2,"service":2}},"geometry":{"type":"Point","coordinates":[-46.79167,-23.5325]}},{"type":"Feature","properties":{"country_code":"BRA","city":"Brasília","geoname_id":"3469058","h3_hexagon":601947589675319295,"downloaders":{"size":98,"mobile":3,"satellite":2,"tor":0,"tor_exit_nodes":0,"vpn":0,"relay":0,"proxy":0,"hosting":2,"service":0},"uploaders":{"size":9,"mobile":0,"satellite":0,"tor":0,"tor_exit_nodes":0,"vpn":0,"relay":0,"proxy":0,"hosting":0,"service":0}},"geometry":{"type":"Point","coordinates":[-47.92972,-15.77972]}},{"type":"Feature","properties":{"country_code":"SRB","city":"Novi Sad","geoname_id":"3194360","h3_hexagon":599508376816189439,"downloaders":{"size":97,"mobile":0,"satellite":0,"tor":0,"tor_exit_nodes":0,"vpn":1,"relay":0,"proxy":0,"hosting":0,"service":0},"uploaders":{"size":3,"mobile":0,"satellite":0,"tor":0,"tor_exit_nodes":0,"vpn":0,"relay":0,"proxy":0,"hosting":0,"service":0}},"geometry":{"type":"Point","coordinates":[19.83694,45.25167]}},{"type":"Feature","properties":{"country_code":"USA","city":"Austin","geoname_id":"4671654","h3_hexagon":600256260545183743,"downloaders":{"size":97,"mobile":15,"satellite":0,"tor":0,"tor_exit_nodes":0,"vpn":1,"relay":0,"proxy":0,"hosting":0,"service":0},"uploaders":{"size":26,"mobile":4,"satellite":0,"tor":0,"tor_exit_nodes":0,"vpn":0,"relay":0,"proxy":0,"hosting":0,"service":0}},"geometry":{"type":"Point","coordinates":[-97.74306,30.26715]}},{"type":"Feature","properties":{"country_code":"DNK","city":"Ballerup","geoname_id":"2624341","h3_hexagon":599524491533484031,"downloaders":{"size":97,"mobile":0,"satellite":0,"tor":0,"tor_exit_nodes":0,"vpn":90,"relay":0,"proxy":0,"hosting":90,"service":90},"uploaders":{"size":44,"mobile":0,"satellite":0,"tor":0,"tor_exit_nodes":0,"vpn":43,"relay":0,"proxy":0,"hosting":43,"service":43}},"geometry":{"type":"Point","coordinates":[12.36328,55.73165]}},{"type":"Feature","properties":{"country_code":"BRA","city":"Juazeiro do Norte","geoname_id":"3397147","h3_hexagon":601234270769381375,"downloaders":{"size":95,"mobile":0,"satellite":0,"tor":0,"tor_exit_nodes":0,"vpn":0,"relay":0,"proxy":0,"hosting":0,"service":0},"uploaders":{"size":18,"mobile":0,"satellite":0,"tor":0,"tor_exit_nodes":0,"vpn":0,"relay":0,"proxy":0,"hosting":0,"service":0}},"geometry":{"type":"Point","coordinates":[-39.31528,-7.21306]}},{"type":"Feature","properties":{"country_code":"USA","city":"Garner","geoname_id":"4467657","h3_hexagon":599732370098094079,"downloaders":{"size":95,"mobile":2,"satellite":0,"tor":0,"tor_exit_nodes":0,"vpn":14,"relay":1,"proxy":0,"hosting":16,"service":15},"uploaders":{"size":40,"mobile":0,"satellite":0,"tor":0,"tor_exit_nodes":0,"vpn":4,"relay":0,"proxy":0,"hosting":4,"service":4}},"geometry":{"type":"Point","coordinates":[-78.61417,35.71126]}},{"type":"Feature","properties":{"country_code":"BGR","city":"Burgas","geoname_id":"732770","h3_hexagon":599522698384637951,"downloaders":{"size":95,"mobile":0,"satellite":0,"tor":0,"tor_exit_nodes":0,"vpn":0,"relay":0,"proxy":0,"hosting":0,"service":0},"uploaders":{"size":5,"mobile":0,"satellite":0,"tor":0,"tor_exit_nodes":0,"vpn":0,"relay":0,"proxy":0,"hosting":0,"service":0}},"geometry":{"type":"Point","coordinates":[27.46886,42.50651]}},{"type":"Feature","properties":{"country_code":"USA","city":"San Diego","geoname_id":"5391811","h3_hexagon":599711305430990847,"downloaders":{"size":94,"mobile":3,"satellite":0,"tor":0,"tor_exit_nodes":0,"vpn":4,"relay":0,"proxy":0,"hosting":0,"service":0},"uploaders":{"size":23,"mobile":0,"satellite":0,"tor":0,"tor_exit_nodes":0,"vpn":1,"relay":0,"proxy":0,"hosting":0,"service":0}},"geometry":{"type":"Point","coordinates":[-117.16472,32.71571]}},{"type":"Feature","properties":{"country_code":"USA","city":"Clifton","geoname_id":"5096699","h3_hexagon":599718741093122047,"downloaders":{"size":93,"mobile":0,"satellite":0,"tor":0,"tor_exit_nodes":0,"vpn":2,"relay":0,"proxy":0,"hosting":44,"service":0},"uploaders":{"size":4,"mobile":0,"satellite":0,"tor":0,"tor_exit_nodes":0,"vpn":0,"relay":0,"proxy":0,"hosting":4,"service":0}},"geometry":{"type":"Point","coordinates":[-74.16376,40.85843]}},{"type":"Feature","properties":{"country_code":"HUN","city":"Pomáz","geoname_id":"3046230","h3_hexagon":599506753318551551,"downloaders":{"size":93,"mobile":0,"satellite":0,"tor":0,"tor_exit_nodes":0,"vpn":3,"relay":0,"proxy":0,"hosting":0,"service":0},"uploaders":{"size":12,"mobile":0,"satellite":0,"tor":0,"tor_exit_nodes":0,"vpn":0,"relay":0,"proxy":0,"hosting":0,"service":0}},"geometry":{"type":"Point","coordinates":[19.02784,47.64227]}},{"type":"Feature","properties":{"country_code":"CAN","city":"Vaughan","geoname_id":"6173577","h3_hexagon":599745918572429311,"downloaders":{"size":90,"mobile":9,"satellite":0,"tor":0,"tor_exit_nodes":0,"vpn":2,"relay":0,"proxy":0,"hosting":0,"service":1},"uploaders":{"size":12,"mobile":0,"satellite":0,"tor":0,"tor_exit_nodes":0,"vpn":0,"relay":0,"proxy":0,"hosting":0,"service":0}},"geometry":{"type":"Point","coordinates":[-79.49827,43.8361]}},{"type":"Feature","properties":{"country_code":"CHN","city":"Changchun","geoname_id":"2038180","h3_hexagon":599848903298252799,"downloaders":{"size":89,"mobile":0,"satellite":0,"tor":0,"tor_exit_nodes":0,"vpn":1,"relay":0,"proxy":0,"hosting":3,"service":0},"uploaders":{"size":13,"mobile":0,"satellite":0,"tor":0,"tor_exit_nodes":0,"vpn":0,"relay":0,"proxy":0,"hosting":0,"service":0}},"geometry":{"type":"Point","coordinates":[125.32278,43.88]}},{"type":"Feature","properties":{"country_code":"USA","city":"Reston","geoname_id":"4781530","h3_hexagon":599729352883568639,"downloaders":{"size":89,"mobile":0,"satellite":0,"tor":0,"tor_exit_nodes":0,"vpn":0,"relay":0,"proxy":0,"hosting":36,"service":0},"uploaders":{"size":30,"mobile":0,"satellite":0,"tor":0,"tor_exit_nodes":0,"vpn":0,"relay":0,"proxy":0,"hosting":0,"service":0}},"geometry":{"type":"Point","coordinates":[-77.3411,38.96872]}},{"type":"Feature","properties":{"country_code":"FRA","city":"Châtenay-Malabry","geoname_id":"3026108","h3_hexagon":599536504557010943,"downloaders":{"size":86,"mobile":26,"satellite":0,"tor":0,"tor_exit_nodes":0,"vpn":8,"relay":0,"proxy":0,"hosting":5,"service":5},"uploaders":{"size":5,"mobile":0,"satellite":0,"tor":0,"tor_exit_nodes":0,"vpn":3,"relay":0,"proxy":0,"hosting":3,"service":3}},"geometry":{"type":"Point","coordinates":[2.26655,48.76507]}},{"type":"Feature","properties":{"country_code":"USA","city":"South Orange","geoname_id":"5104836","h3_hexagon":599718755051765759,"downloaders":{"size":86,"mobile":0,"satellite":0,"tor":0,"tor_exit_nodes":0,"vpn":0,"relay":0,"proxy":0,"hosting":0,"service":0},"uploaders":{"size":24,"mobile":0,"satellite":0,"tor":0,"tor_exit_nodes":0,"vpn":0,"relay":0,"proxy":0,"hosting":0,"service":0}},"geometry":{"type":"Point","coordinates":[-74.26126,40.74899]}},{"type":"Feature","properties":{"country_code":"USA","city":"Charlotte","geoname_id":"4460243","h3_hexagon":600189883973107711,"downloaders":{"size":85,"mobile":14,"satellite":0,"tor":0,"tor_exit_nodes":0,"vpn":32,"relay":0,"proxy":0,"hosting":34,"service":32},"uploaders":{"size":22,"mobile":2,"satellite":0,"tor":0,"tor_exit_nodes":0,"vpn":14,"relay":0,"proxy":0,"hosting":15,"service":14}},"geometry":{"type":"Point","coordinates":[-80.84313,35.22709]}},{"type":"Feature","properties":{"country_code":"BRA","city":"Barueri","geoname_id":"3470353","h3_hexagon":601935351166009343,"downloaders":{"size":83,"mobile":1,"satellite":0,"tor":0,"tor_exit_nodes":0,"vpn":0,"relay":0,"proxy":0,"hosting":0,"service":0},"uploaders":{"size":3,"mobile":0,"satellite":0,"tor":0,"tor_exit_nodes":0,"vpn":0,"relay":0,"proxy":0,"hosting":0,"service":0}},"geometry":{"type":"Point","coordinates":[-46.87611,-23.51056]}},{"type":"Feature","properties":{"country_code":"USA","city":"Charlottesville","geoname_id":"4752031","h3_hexagon":599727248349593599,"downloaders":{"size":82,"mobile":0,"satellite":0,"tor":0,"tor_exit_nodes":0,"vpn":0,"relay":0,"proxy":0,"hosting":0,"service":0},"uploaders":{"size":54,"mobile":0,"satellite":0,"tor":0,"tor_exit_nodes":0,"vpn":0,"relay":0,"proxy":0,"hosting":0,"service":0}},"geometry":{"type":"Point","coordinates":[-78.47668,38.02931]}},{"type":"Feature","properties":{"country_code":"BRA","city":"Fortaleza","geoname_id":"3399415","h3_hexagon":601231671240425471,"downloaders":{"size":80,"mobile":0,"satellite":0,"tor":0,"tor_exit_nodes":0,"vpn":12,"relay":3,"proxy":0,"hosting":15,"service":15},"uploaders":{"size":15,"mobile":0,"satellite":0,"tor":0,"tor_exit_nodes":0,"vpn":10,"relay":2,"proxy":0,"hosting":12,"service":12}},"geometry":{"type":"Point","coordinates":[-38.54306,-3.71722]}},{"type":"Feature","properties":{"country_code":"DNK","city":"Århus","geoname_id":"2624652","h3_hexagon":599526495135727615,"downloaders":{"size":79,"mobile":1,"satellite":0,"tor":0,"tor_exit_nodes":0,"vpn":4,"relay":0,"proxy":0,"hosting":0,"service":0},"uploaders":{"size":10,"mobile":0,"satellite":0,"tor":0,"tor_exit_nodes":0,"vpn":0,"relay":0,"proxy":0,"hosting":0,"service":0}},"geometry":{"type":"Point","coordinates":[10.21076,56.15674]}},{"type":"Feature","properties":{"country_code":"DEU","city":"Wiesbaden","geoname_id":"2809346","h3_hexagon":599536104051310591,"downloaders":{"size":78,"mobile":0,"satellite":0,"tor":0,"tor_exit_nodes":0,"vpn":0,"relay":0,"proxy":0,"hosting":0,"service":0},"uploaders":{"size":13,"mobile":0,"satellite":0,"tor":0,"tor_exit_nodes":0,"vpn":0,"relay":0,"proxy":0,"hosting":0,"service":0}},"geometry":{"type":"Point","coordinates":[8.24435,50.08601]}},{"type":"Feature","properties":{"country_code":"HUN","city":"Paks","geoname_id":"3046768","h3_hexagon":599508205017497599,"downloaders":{"size":78,"mobile":0,"satellite":0,"tor":0,"tor_exit_nodes":0,"vpn":0,"relay":0,"proxy":0,"hosting":0,"service":0},"uploaders":{"size":30,"mobile":0,"satellite":0,"tor":0,"tor_exit_nodes":0,"vpn":0,"relay":0,"proxy":0,"hosting":0,"service":0}},"geometry":{"type":"Point","coordinates":[18.85569,46.6221]}},{"type":"Feature","properties":{"country_code":"USA","city":"Omaha","geoname_id":"5074472","h3_hexagon":599648226320056319,"downloaders":{"size":77,"mobile":1,"satellite":0,"tor":0,"tor_exit_nodes":0,"vpn":54,"relay":0,"proxy":0,"hosting":54,"service":54},"uploaders":{"size":10,"mobile":0,"satellite":0,"tor":0,"tor_exit_nodes":0,"vpn":10,"relay":0,"proxy":0,"hosting":10,"service":10}},"geometry":{"type":"Point","coordinates":[-95.94043,41.25626]}},{"type":"Feature","properties":{"country_code":"ITA","city":"Palermo","geoname_id":"2523920","h3_hexagon":599517103115993087,"downloaders":{"size":77,"mobile":0,"satellite":0,"tor":0,"tor_exit_nodes":0,"vpn":23,"relay":0,"proxy":0,"hosting":24,"service":23},"uploaders":{"size":11,"mobile":0,"satellite":0,"tor":0,"tor_exit_nodes":0,"vpn":11,"relay":0,"proxy":0,"hosting":11,"service":11}},"geometry":{"type":"Point","coordinates":[13.3636,38.1166]}},{"type":"Feature","properties":{"country_code":"KHM","city":"Phnom Penh","geoname_id":"1821306","h3_hexagon":600764661192720383,"downloaders":{"size":76,"mobile":1,"satellite":0,"tor":0,"tor_exit_nodes":0,"vpn":0,"relay":0,"proxy":0,"hosting":1,"service":0},"uploaders":{"size":9,"mobile":0,"satellite":0,"tor":0,"tor_exit_nodes":0,"vpn":0,"relay":0,"proxy":0,"hosting":0,"service":0}},"geometry":{"type":"Point","coordinates":[104.91601,11.56245]}},{"type":"Feature","properties":{"country_code":"CAN","city":"Hamilton","geoname_id":"5969782","h3_hexagon":599745899245076479,"downloaders":{"size":75,"mobile":14,"satellite":0,"tor":0,"tor_exit_nodes":0,"vpn":0,"relay":0,"proxy":0,"hosting":0,"service":0},"uploaders":{"size":15,"mobile":3,"satellite":0,"tor":0,"tor_exit_nodes":0,"vpn":0,"relay":0,"proxy":0,"hosting":0,"service":0}},"geometry":{"type":"Point","coordinates":[-79.84963,43.25011]}},{"type":"Feature","properties":{"country_code":"CAN","city":"London","geoname_id":"6058560","h3_hexagon":599730018603499519,"downloaders":{"size":73,"mobile":0,"satellite":0,"tor":0,"tor_exit_nodes":0,"vpn":1,"relay":0,"proxy":0,"hosting":0,"service":0},"uploaders":{"size":6,"mobile":0,"satellite":0,"tor":0,"tor_exit_nodes":0,"vpn":0,"relay":0,"proxy":0,"hosting":0,"service":0}},"geometry":{"type":"Point","coordinates":[-81.23304,42.98339]}},{"type":"Feature","properties":{"country_code":"NLD","city":"Utrecht","geoname_id":"2745912","h3_hexagon":599425773857669119,"downloaders":{"size":72,"mobile":2,"satellite":0,"tor":0,"tor_exit_nodes":0,"vpn":1,"relay":0,"proxy":0,"hosting":0,"service":0},"uploaders":{"size":10,"mobile":0,"satellite":0,"tor":0,"tor_exit_nodes":0,"vpn":0,"relay":0,"proxy":0,"hosting":0,"service":0}},"geometry":{"type":"Point","coordinates":[5.12222,52.09083]}},{"type":"Feature","properties":{"country_code":"CHN","city":"Harbin","geoname_id":"2037013","h3_hexagon":599340916041318399,"downloaders":{"size":72,"mobile":2,"satellite":0,"tor":0,"tor_exit_nodes":0,"vpn":0,"relay":0,"proxy":0,"hosting":0,"service":0},"uploaders":{"size":3,"mobile":0,"satellite":0,"tor":0,"tor_exit_nodes":0,"vpn":0,"relay":0,"proxy":0,"hosting":0,"service":0}},"geometry":{"type":"Point","coordinates":[126.65,45.75]}},{"type":"Feature","properties":{"country_code":"ROU","city":"Târgu Mureş","geoname_id":"665004","h3_hexagon":599512447371444223,"downloaders":{"size":72,"mobile":0,"satellite":0,"tor":0,"tor_exit_nodes":0,"vpn":0,"relay":0,"proxy":0,"hosting":0,"service":0},"uploaders":{"size":10,"mobile":0,"satellite":0,"tor":0,"tor_exit_nodes":0,"vpn":0,"relay":0,"proxy":0,"hosting":0,"service":0}},"geometry":{"type":"Point","coordinates":[24.55747,46.54245]}},{"type":"Feature","properties":{"country_code":"LBN","city":"Baabda","geoname_id":"277226","h3_hexagon":599781552842342399,"downloaders":{"size":72,"mobile":0,"satellite":0,"tor":0,"tor_exit_nodes":0,"vpn":0,"relay":0,"proxy":0,"hosting":0,"service":0},"uploaders":{"size":12,"mobile":0,"satellite":0,"tor":0,"tor_exit_nodes":0,"vpn":0,"relay":0,"proxy":0,"hosting":0,"service":0}},"geometry":{"type":"Point","coordinates":[35.54417,33.83389]}},{"type":"Feature","properties":{"country_code":"FRA","city":"Nancy","geoname_id":"2990999","h3_hexagon":599533183473549311,"downloaders":{"size":71,"mobile":33,"satellite":0,"tor":0,"tor_exit_nodes":0,"vpn":0,"relay":0,"proxy":0,"hosting":0,"service":0},"uploaders":{"size":3,"mobile":3,"satellite":0,"tor":0,"tor_exit_nodes":0,"vpn":0,"relay":0,"proxy":0,"hosting":0,"service":0}},"geometry":{"type":"Point","coordinates":[6.18496,48.68439]}},{"type":"Feature","properties":{"country_code":"CAN","city":"Gatineau","geoname_id":"5959974","h3_hexagon":599744265010020351,"downloaders":{"size":71,"mobile":2,"satellite":0,"tor":0,"tor_exit_nodes":0,"vpn":1,"relay":0,"proxy":0,"hosting":0,"service":0},"uploaders":{"size":14,"mobile":0,"satellite":0,"tor":0,"tor_exit_nodes":0,"vpn":0,"relay":0,"proxy":0,"hosting":0,"service":0}},"geometry":{"type":"Point","coordinates":[-75.70164,45.47723]}},{"type":"Feature","properties":{"country_code":"BRA","city":"Goiânia","geoname_id":"3462377","h3_hexagon":601947487669846015,"downloaders":{"size":71,"mobile":0,"satellite":0,"tor":0,"tor_exit_nodes":0,"vpn":0,"relay":0,"proxy":0,"hosting":0,"service":0},"uploaders":{"size":6,"mobile":0,"satellite":0,"tor":0,"tor_exit_nodes":0,"vpn":0,"relay":0,"proxy":0,"hosting":0,"service":0}},"geometry":{"type":"Point","coordinates":[-49.25389,-16.67861]}},{"type":"Feature","properties":{"country_code":"IND","city":"Mumbai","geoname_id":"1275339","h3_hexagon":600677175930126335,"downloaders":{"size":71,"mobile":10,"satellite":0,"tor":0,"tor_exit_nodes":0,"vpn":3,"relay":0,"proxy":0,"hosting":23,"service":0},"uploaders":{"size":12,"mobile":0,"satellite":0,"tor":0,"tor_exit_nodes":0,"vpn":1,"relay":0,"proxy":0,"hosting":9,"service":0}},"geometry":{"type":"Point","coordinates":[72.88261,19.07283]}},{"type":"Feature","properties":{"country_code":"USA","city":"St. Louis","geoname_id":"4407066","h3_hexagon":599651706317307903,"downloaders":{"size":71,"mobile":18,"satellite":0,"tor":0,"tor_exit_nodes":0,"vpn":3,"relay":0,"proxy":1,"hosting":41,"service":3},"uploaders":{"size":15,"mobile":15,"satellite":0,"tor":0,"tor_exit_nodes":0,"vpn":0,"relay":0,"proxy":0,"hosting":0,"service":0}},"geometry":{"type":"Point","coordinates":[-90.19789,38.62727]}},{"type":"Feature","properties":{"country_code":"UKR","city":"Bila Tserkva","geoname_id":"712165","h3_hexagon":599513352535801855,"downloaders":{"size":71,"mobile":0,"satellite":0,"tor":0,"tor_exit_nodes":0,"vpn":1,"relay":0,"proxy":1,"hosting":0,"service":0},"uploaders":{"size":15,"mobile":0,"satellite":0,"tor":0,"tor_exit_nodes":0,"vpn":0,"relay":0,"proxy":0,"hosting":0,"service":0}},"geometry":{"type":"Point","coordinates":[30.12851,49.8004]}},{"type":"Feature","properties":{"country_code":"CAN","city":"Brampton","geoname_id":"5907364","h3_hexagon":599745920719912959,"downloaders":{"size":70,"mobile":1,"satellite":0,"tor":0,"tor_exit_nodes":0,"vpn":0,"relay":0,"proxy":0,"hosting":0,"service":0},"uploaders":{"size":8,"mobile":0,"satellite":0,"tor":0,"tor_exit_nodes":0,"vpn":0,"relay":0,"proxy":0,"hosting":0,"service":0}},"geometry":{"type":"Point","coordinates":[-79.76633,43.68341]}},{"type":"Feature","properties":{"country_code":"USA","city":"Bothell","geoname_id":"5787829","h3_hexagon":599697096605433855,"downloaders":{"size":70,"mobile":20,"satellite":0,"tor":0,"tor_exit_nodes":0,"vpn":12,"relay":0,"proxy":0,"hosting":0,"service":0},"uploaders":{"size":20,"mobile":5,"satellite":0,"tor":0,"tor_exit_nodes":0,"vpn":9,"relay":0,"proxy":0,"hosting":0,"service":0}},"geometry":{"type":"Point","coordinates":[-122.2054,47.76232]}},{"type":"Feature","properties":{"country_code":"CAN","city":"Mississauga","geoname_id":"6075357","h3_hexagon":599745921793654783,"downloaders":{"size":69,"mobile":1,"satellite":0,"tor":0,"tor_exit_nodes":0,"vpn":0,"relay":2,"proxy":0,"hosting":5,"service":2},"uploaders":{"size":3,"mobile":0,"satellite":0,"tor":0,"tor_exit_nodes":0,"vpn":0,"relay":0,"proxy":0,"hosting":0,"service":0}},"geometry":{"type":"Point","coordinates":[-79.6583,43.5789]}},{"type":"Feature","properties":{"country_code":"VNM","city":"Ho Chi Minh City","geoname_id":"1566083","h3_hexagon":600768027373338623,"downloaders":{"size":69,"mobile":8,"satellite":0,"tor":0,"tor_exit_nodes":0,"vpn":1,"relay":3,"proxy":0,"hosting":4,"service":3},"uploaders":{"size":12,"mobile":1,"satellite":0,"tor":0,"tor_exit_nodes":0,"vpn":0,"relay":0,"proxy":0,"hosting":0,"service":0}},"geometry":{"type":"Point","coordinates":[106.62965,10.82302]}},{"type":"Feature","properties":{"country_code":"NLD","city":"Arnhem","geoname_id":"2759661","h3_hexagon":599425817881083903,"downloaders":{"size":69,"mobile":23,"satellite":0,"tor":0,"tor_exit_nodes":0,"vpn":1,"relay":0,"proxy":0,"hosting":0,"service":0},"uploaders":{"size":7,"mobile":5,"satellite":0,"tor":0,"tor_exit_nodes":0,"vpn":0,"relay":0,"proxy":0,"hosting":0,"service":0}},"geometry":{"type":"Point","coordinates":[5.91111,51.98]}},{"type":"Feature","properties":{"country_code":"DEU","city":"Mannheim","geoname_id":"2873891","h3_hexagon":599536092240150527,"downloaders":{"size":67,"mobile":0,"satellite":0,"tor":0,"tor_exit_nodes":0,"vpn":0,"relay":0,"proxy":0,"hosting":0,"service":0},"uploaders":{"size":6,"mobile":0,"satellite":0,"tor":0,"tor_exit_nodes":0,"vpn":0,"relay":0,"proxy":0,"hosting":0,"service":0}},"geometry":{"type":"Point","coordinates":[8.46694,49.4891]}},{"type":"Feature","properties":{"country_code":"USA","city":"Dallas","geoname_id":"4684888","h3_hexagon":599661243292188671,"downloaders":{"size":67,"mobile":2,"satellite":0,"tor":0,"tor_exit_nodes":0,"vpn":65,"relay":0,"proxy":0,"hosting":65,"service":65},"uploaders":{"size":56,"mobile":0,"satellite":0,"tor":0,"tor_exit_nodes":0,"vpn":56,"relay":0,"proxy":0,"hosting":56,"service":56}},"geometry":{"type":"Point","coordinates":[-96.7776,32.7673]}},{"type":"Feature","properties":{"country_code":"ARG","city":"Buenos Aires","geoname_id":"3435910","h3_hexagon":602407240296562687,"downloaders":{"size":66,"mobile":6,"satellite":0,"tor":0,"tor_exit_nodes":0,"vpn":0,"relay":0,"proxy":0,"hosting":0,"service":0},"uploaders":{"size":13,"mobile":0,"satellite":0,"tor":0,"tor_exit_nodes":0,"vpn":0,"relay":0,"proxy":0,"hosting":0,"service":0}},"geometry":{"type":"Point","coordinates":[-58.5333,-34.6]}},{"type":"Feature","properties":{"country_code":"ITA","city":"Florence","geoname_id":"3176959","h3_hexagon":599517649650581503,"downloaders":{"size":66,"mobile":0,"satellite":0,"tor":0,"tor_exit_nodes":0,"vpn":0,"relay":0,"proxy":0,"hosting":9,"service":0},"uploaders":{"size":13,"mobile":0,"satellite":0,"tor":0,"tor_exit_nodes":0,"vpn":0,"relay":0,"proxy":0,"hosting":7,"service":0}},"geometry":{"type":"Point","coordinates":[11.24626,43.77925]}},{"type":"Feature","properties":{"country_code":"MYS","city":"Cyberjaya","geoname_id":"6930887","h3_hexagon":600755905901887487,"downloaders":{"size":66,"mobile":4,"satellite":0,"tor":0,"tor_exit_nodes":0,"vpn":29,"relay":0,"proxy":0,"hosting":29,"service":18},"uploaders":{"size":11,"mobile":0,"satellite":0,"tor":0,"tor_exit_nodes":0,"vpn":10,"relay":0,"proxy":0,"hosting":10,"service":6}},"geometry":{"type":"Point","coordinates":[101.65718,2.92281]}},{"type":"Feature","properties":{"country_code":"TWN","city":"Hsinchu","geoname_id":"1675151","h3_hexagon":600309164878594047,"downloaders":{"size":65,"mobile":0,"satellite":0,"tor":0,"tor_exit_nodes":0,"vpn":5,"relay":0,"proxy":0,"hosting":0,"service":0},"uploaders":{"size":3,"mobile":0,"satellite":0,"tor":0,"tor_exit_nodes":0,"vpn":0,"relay":0,"proxy":0,"hosting":0,"service":0}},"geometry":{"type":"Point","coordinates":[120.96861,24.80361]}},{"type":"Feature","properties":{"country_code":"DEU","city":"Düsseldorf","geoname_id":"2934246","h3_hexagon":599535458732474367,"downloaders":{"size":63,"mobile":2,"satellite":0,"tor":0,"tor_exit_nodes":0,"vpn":25,"relay":0,"proxy":0,"hosting":26,"service":24},"uploaders":{"size":11,"mobile":0,"satellite":0,"tor":0,"tor_exit_nodes":0,"vpn":10,"relay":0,"proxy":0,"hosting":10,"service":10}},"geometry":{"type":"Point","coordinates":[6.77927,51.22319]}},{"type":"Feature","properties":{"country_code":"NZL","city":"Wellington","geoname_id":"2179537","h3_hexagon":602271330351448063,"downloaders":{"size":62,"mobile":31,"satellite":0,"tor":0,"tor_exit_nodes":0,"vpn":0,"relay":0,"proxy":0,"hosting":13,"service":0},"uploaders":{"size":14,"mobile":4,"satellite":0,"tor":0,"tor_exit_nodes":0,"vpn":0,"relay":0,"proxy":0,"hosting":10,"service":0}},"geometry":{"type":"Point","coordinates":[174.77557,-41.28664]}},{"type":"Feature","properties":{"country_code":"USA","city":"Sacramento","geoname_id":"5389489","h3_hexagon":599685922174271487,"downloaders":{"size":61,"mobile":3,"satellite":0,"tor":9,"tor_exit_nodes":0,"vpn":1,"relay":0,"proxy":0,"hosting":2,"service":1},"uploaders":{"size":11,"mobile":1,"satellite":0,"tor":8,"tor_exit_nodes":0,"vpn":0,"relay":0,"proxy":0,"hosting":0,"service":0}},"geometry":{"type":"Point","coordinates":[-121.4944,38.58157]}},{"type":"Feature","properties":{"country_code":"POL","city":"Toruń","geoname_id":"3083271","h3_hexagon":599530040631230463,"downloaders":{"size":61,"mobile":0,"satellite":0,"tor":0,"tor_exit_nodes":0,"vpn":12,"relay":0,"proxy":0,"hosting":12,"service":12},"uploaders":{"size":9,"mobile":0,"satellite":0,"tor":0,"tor_exit_nodes":0,"vpn":9,"relay":0,"proxy":0,"hosting":9,"service":9}},"geometry":{"type":"Point","coordinates":[18.59814,53.01375]}},{"type":"Feature","properties":{"country_code":"USA","city":"Nashville","geoname_id":"4644585","h3_hexagon":599652550278381567,"downloaders":{"size":60,"mobile":2,"satellite":0,"tor":0,"tor_exit_nodes":0,"vpn":38,"relay":0,"proxy":0,"hosting":38,"service":38},"uploaders":{"size":9,"mobile":0,"satellite":0,"tor":0,"tor_exit_nodes":0,"vpn":7,"relay":0,"proxy":0,"hosting":7,"service":7}},"geometry":{"type":"Point","coordinates":[-86.78444,36.16589]}},{"type":"Feature","properties":{"country_code":"AUT","city":"Langenzersdorf","geoname_id":"2772998","h3_hexagon":599506949813305343,"downloaders":{"size":59,"mobile":0,"satellite":0,"tor":0,"tor_exit_nodes":0,"vpn":55,"relay":0,"proxy":0,"hosting":56,"service":52},"uploaders":{"size":35,"mobile":0,"satellite":0,"tor":0,"tor_exit_nodes":0,"vpn":35,"relay":0,"proxy":0,"hosting":35,"service":35}},"geometry":{"type":"Point","coordinates":[16.36143,48.30432]}},{"type":"Feature","properties":{"country_code":"USA","city":"Orlando","geoname_id":"4167147","h3_hexagon":600186634830348287,"downloaders":{"size":59,"mobile":17,"satellite":0,"tor":0,"tor_exit_nodes":0,"vpn":4,"relay":0,"proxy":0,"hosting":3,"service":3},"uploaders":{"size":19,"mobile":4,"satellite":0,"tor":0,"tor_exit_nodes":0,"vpn":3,"relay":0,"proxy":0,"hosting":3,"service":3}},"geometry":{"type":"Point","coordinates":[-81.37924,28.53834]}},{"type":"Feature","properties":{"country_code":"USA","city":"Indianapolis","geoname_id":"4259418","h3_hexagon":599653963322621951,"downloaders":{"size":59,"mobile":11,"satellite":1,"tor":0,"tor_exit_nodes":0,"vpn":0,"relay":1,"proxy":0,"hosting":2,"service":1},"uploaders":{"size":15,"mobile":5,"satellite":1,"tor":0,"tor_exit_nodes":0,"vpn":0,"relay":0,"proxy":0,"hosting":0,"service":0}},"geometry":{"type":"Point","coordinates":[-86.15804,39.76838]}},{"type":"Feature","properties":{"country_code":"USA","city":"Silver Spring","geoname_id":"4369596","h3_hexagon":599729185379844095,"downloaders":{"size":58,"mobile":0,"satellite":0,"tor":0,"tor_exit_nodes":0,"vpn":0,"relay":0,"proxy":0,"hosting":0,"service":0},"uploaders":{"size":27,"mobile":0,"satellite":0,"tor":0,"tor_exit_nodes":0,"vpn":0,"relay":0,"proxy":0,"hosting":0,"service":0}},"geometry":{"type":"Point","coordinates":[-77.02609,38.99067]}},{"type":"Feature","properties":{"country_code":"USA","city":"Manassas","geoname_id":"4771401","h3_hexagon":599729348588601343,"downloaders":{"size":58,"mobile":0,"satellite":0,"tor":0,"tor_exit_nodes":0,"vpn":1,"relay":0,"proxy":0,"hosting":42,"service":1},"uploaders":{"size":10,"mobile":0,"satellite":0,"tor":0,"tor_exit_nodes":0,"vpn":0,"relay":0,"proxy":0,"hosting":6,"service":0}},"geometry":{"type":"Point","coordinates":[-77.47527,38.75095]}},{"type":"Feature","properties":{"country_code":"SWE","city":"Umeå","geoname_id":"602150","h3_hexagon":599136405804810239,"downloaders":{"size":57,"mobile":1,"satellite":0,"tor":0,"tor_exit_nodes":0,"vpn":0,"relay":0,"proxy":0,"hosting":0,"service":0},"uploaders":{"size":12,"mobile":1,"satellite":0,"tor":0,"tor_exit_nodes":0,"vpn":0,"relay":0,"proxy":0,"hosting":0,"service":0}},"geometry":{"type":"Point","coordinates":[20.25972,63.82842]}},{"type":"Feature","properties":{"country_code":"USA","city":"Vancouver","geoname_id":"5814616","h3_hexagon":599698934851436543,"downloaders":{"size":56,"mobile":0,"satellite":0,"tor":0,"tor_exit_nodes":0,"vpn":0,"relay":0,"proxy":0,"hosting":0,"service":0},"uploaders":{"size":19,"mobile":0,"satellite":0,"tor":0,"tor_exit_nodes":0,"vpn":0,"relay":0,"proxy":0,"hosting":0,"service":0}},"geometry":{"type":"Point","coordinates":[-122.66149,45.63873]}},{"type":"Feature","properties":{"country_code":"USA","city":"Jacksonville","geoname_id":"4160021","h3_hexagon":600191514986938367,"downloaders":{"size":56,"mobile":19,"satellite":0,"tor":0,"tor_exit_nodes":0,"vpn":0,"relay":0,"proxy":0,"hosting":0,"service":0},"uploaders":{"size":15,"mobile":12,"satellite":0,"tor":0,"tor_exit_nodes":0,"vpn":0,"relay":0,"proxy":0,"hosting":0,"service":0}},"geometry":{"type":"Point","coordinates":[-81.65565,30.33218]}},{"type":"Feature","properties":{"country_code":"BGD","city":"Kafrul","geoname_id":"1199503","h3_hexagon":600050847291801599,"downloaders":{"size":56,"mobile":0,"satellite":0,"tor":0,"tor_exit_nodes":0,"vpn":0,"relay":0,"proxy":0,"hosting":0,"service":0},"uploaders":{"size":31,"mobile":0,"satellite":0,"tor":0,"tor_exit_nodes":0,"vpn":0,"relay":0,"proxy":0,"hosting":0,"service":0}},"geometry":{"type":"Point","coordinates":[90.37359,23.78822]}},{"type":"Feature","properties":{"country_code":"LUX","city":"Luxembourg","geoname_id":"2960316","h3_hexagon":599535365316935679,"downloaders":{"size":56,"mobile":0,"satellite":0,"tor":0,"tor_exit_nodes":0,"vpn":21,"relay":0,"proxy":17,"hosting":42,"service":21},"uploaders":{"size":16,"mobile":0,"satellite":0,"tor":0,"tor_exit_nodes":0,"vpn":16,"relay":0,"proxy":0,"hosting":15,"service":16}},"geometry":{"type":"Point","coordinates":[6.13268,49.60982]}},{"type":"Feature","properties":{"country_code":"IND","city":"Ahmedabad","geoname_id":"1279233","h3_hexagon":600154036028571647,"downloaders":{"size":55,"mobile":10,"satellite":0,"tor":0,"tor_exit_nodes":0,"vpn":0,"relay":0,"proxy":0,"hosting":0,"service":0},"uploaders":{"size":27,"mobile":3,"satellite":0,"tor":0,"tor_exit_nodes":0,"vpn":0,"relay":0,"proxy":0,"hosting":0,"service":0}},"geometry":{"type":"Point","coordinates":[72.58727,23.02579]}},{"type":"Feature","properties":{"country_code":"CAN","city":"Halifax","geoname_id":"6324729","h3_hexagon":599736063769968639,"downloaders":{"size":55,"mobile":10,"satellite":0,"tor":0,"tor_exit_nodes":0,"vpn":13,"relay":0,"proxy":0,"hosting":13,"service":13},"uploaders":{"size":17,"mobile":0,"satellite":0,"tor":0,"tor_exit_nodes":0,"vpn":10,"relay":0,"proxy":0,"hosting":10,"service":10}},"geometry":{"type":"Point","coordinates":[-63.57688,44.64269]}},{"type":"Feature","properties":{"country_code":"BRA","city":"Joinville","geoname_id":"3459712","h3_hexagon":601937907745292287,"downloaders":{"size":52,"mobile":1,"satellite":0,"tor":0,"tor_exit_nodes":0,"vpn":0,"relay":0,"proxy":0,"hosting":0,"service":0},"uploaders":{"size":11,"mobile":0,"satellite":0,"tor":0,"tor_exit_nodes":0,"vpn":0,"relay":0,"proxy":0,"hosting":0,"service":0}},"geometry":{"type":"Point","coordinates":[-48.84556,-26.30444]}},{"type":"Feature","properties":{"country_code":"NLD","city":"Roosendaal","geoname_id":"2747930","h3_hexagon":599535413635317759,"downloaders":{"size":52,"mobile":0,"satellite":0,"tor":0,"tor_exit_nodes":0,"vpn":8,"relay":0,"proxy":0,"hosting":29,"service":7},"uploaders":{"size":15,"mobile":0,"satellite":0,"tor":0,"tor_exit_nodes":0,"vpn":0,"relay":0,"proxy":0,"hosting":4,"service":0}},"geometry":{"type":"Point","coordinates":[4.4427,51.5349]}},{"type":"Feature","properties":{"country_code":"POL","city":"Gliwice","geoname_id":"3099230","h3_hexagon":599508933014454271,"downloaders":{"size":52,"mobile":0,"satellite":0,"tor":0,"tor_exit_nodes":0,"vpn":2,"relay":0,"proxy":0,"hosting":0,"service":0},"uploaders":{"size":10,"mobile":0,"satellite":0,"tor":0,"tor_exit_nodes":0,"vpn":0,"relay":0,"proxy":0,"hosting":0,"service":0}},"geometry":{"type":"Point","coordinates":[18.67658,50.29761]}},{"type":"Feature","properties":{"country_code":"USA","city":"Concord","geoname_id":"5084868","h3_hexagon":599721345990787071,"downloaders":{"size":51,"mobile":0,"satellite":0,"tor":0,"tor_exit_nodes":0,"vpn":47,"relay":0,"proxy":0,"hosting":47,"service":47},"uploaders":{"size":18,"mobile":0,"satellite":0,"tor":0,"tor_exit_nodes":0,"vpn":17,"relay":0,"proxy":0,"hosting":17,"service":17}},"geometry":{"type":"Point","coordinates":[-71.53757,43.20814]}},{"type":"Feature","properties":{"country_code":"USA","city":"San Antonio","geoname_id":"4726206","h3_hexagon":600256113442553855,"downloaders":{"size":51,"mobile":11,"satellite":0,"tor":0,"tor_exit_nodes":0,"vpn":0,"relay":0,"proxy":0,"hosting":7,"service":0},"uploaders":{"size":13,"mobile":9,"satellite":0,"tor":0,"tor_exit_nodes":0,"vpn":0,"relay":0,"proxy":0,"hosting":0,"service":0}},"geometry":{"type":"Point","coordinates":[-98.49363,29.42412]}},{"type":"Feature","properties":{"country_code":"NZL","city":"Christchurch","geoname_id":"2192362","h3_hexagon":602824066872639487,"downloaders":{"size":51,"mobile":18,"satellite":0,"tor":0,"tor_exit_nodes":0,"vpn":0,"relay":0,"proxy":0,"hosting":4,"service":0},"uploaders":{"size":12,"mobile":0,"satellite":0,"tor":0,"tor_exit_nodes":0,"vpn":0,"relay":0,"proxy":0,"hosting":0,"service":0}},"geometry":{"type":"Point","coordinates":[172.63333,-43.53333]}},{"type":"Feature","properties":{"country_code":"GBR","city":"Leicester","geoname_id":"2644668","h3_hexagon":599424926675369983,"downloaders":{"size":51,"mobile":7,"satellite":0,"tor":0,"tor_exit_nodes":0,"vpn":0,"relay":0,"proxy":0,"hosting":0,"service":0},"uploaders":{"size":3,"mobile":0,"satellite":0,"tor":0,"tor_exit_nodes":0,"vpn":0,"relay":0,"proxy":0,"hosting":0,"service":0}},"geometry":{"type":"Point","coordinates":[-1.13169,52.6386]}},{"type":"Feature","properties":{"country_code":"ARG","city":"La Plata","geoname_id":"3432043","h3_hexagon":602407212379275263,"downloaders":{"size":50,"mobile":0,"satellite":0,"tor":0,"tor_exit_nodes":0,"vpn":0,"relay":0,"proxy":0,"hosting":0,"service":0},"uploaders":{"size":8,"mobile":0,"satellite":0,"tor":0,"tor_exit_nodes":0,"vpn":0,"relay":0,"proxy":0,"hosting":0,"service":0}},"geometry":{"type":"Point","coordinates":[-57.95442,-34.92126]}},{"type":"Feature","properties":{"country_code":"CAN","city":"Markham","geoname_id":"6066513","h3_hexagon":599745689865420799,"downloaders":{"size":50,"mobile":5,"satellite":0,"tor":0,"tor_exit_nodes":0,"vpn":9,"relay":0,"proxy":0,"hosting":0,"service":0},"uploaders":{"size":9,"mobile":0,"satellite":0,"tor":0,"tor_exit_nodes":0,"vpn":9,"relay":0,"proxy":0,"hosting":0,"service":0}},"geometry":{"type":"Point","coordinates":[-79.2663,43.86682]}},{"type":"Feature","properties":{"country_code":"USA","city":"Fremont","geoname_id":"5350734","h3_hexagon":599686038138388479,"downloaders":{"size":50,"mobile":1,"satellite":0,"tor":0,"tor_exit_nodes":0,"vpn":5,"relay":0,"proxy":0,"hosting":15,"service":4},"uploaders":{"size":9,"mobile":0,"satellite":0,"tor":0,"tor_exit_nodes":0,"vpn":0,"relay":0,"proxy":0,"hosting":0,"service":0}},"geometry":{"type":"Point","coordinates":[-121.98857,37.54827]}},{"type":"Feature","properties":{"country_code":"CHE","city":"Onex","geoname_id":"2659296","h3_hexagon":599534119776419839,"downloaders":{"size":50,"mobile":0,"satellite":0,"tor":0,"tor_exit_nodes":0,"vpn":1,"relay":0,"proxy":0,"hosting":17,"service":0},"uploaders":{"size":12,"mobile":0,"satellite":0,"tor":0,"tor_exit_nodes":0,"vpn":0,"relay":0,"proxy":0,"hosting":10,"service":0}},"geometry":{"type":"Point","coordinates":[6.10237,46.18396]}},{"type":"Feature","properties":{"country_code":"GBR","city":"Kingston upon Hull","geoname_id":"2645425","h3_hexagon":599422971391508479,"downloaders":{"size":47,"mobile":0,"satellite":0,"tor":0,"tor_exit_nodes":0,"vpn":0,"relay":0,"proxy":0,"hosting":0,"service":0},"uploaders":{"size":12,"mobile":0,"satellite":0,"tor":0,"tor_exit_nodes":0,"vpn":0,"relay":0,"proxy":0,"hosting":0,"service":0}},"geometry":{"type":"Point","coordinates":[-0.33525,53.7446]}},{"type":"Feature","properties":{"country_code":"USA","city":"Providence","geoname_id":"5224151","h3_hexagon":599721133389905919,"downloaders":{"size":47,"mobile":0,"satellite":0,"tor":0,"tor_exit_nodes":0,"vpn":0,"relay":0,"proxy":0,"hosting":0,"service":0},"uploaders":{"size":6,"mobile":0,"satellite":0,"tor":0,"tor_exit_nodes":0,"vpn":0,"relay":0,"proxy":0,"hosting":0,"service":0}},"geometry":{"type":"Point","coordinates":[-71.41283,41.82399]}},{"type":"Feature","properties":{"country_code":"CAN","city":"Kitchener","geoname_id":"5992996","h3_hexagon":599730030414659583,"downloaders":{"size":47,"mobile":0,"satellite":0,"tor":0,"tor_exit_nodes":0,"vpn":1,"relay":0,"proxy":0,"hosting":0,"service":0},"uploaders":{"size":4,"mobile":0,"satellite":0,"tor":0,"tor_exit_nodes":0,"vpn":0,"relay":0,"proxy":0,"hosting":0,"service":0}},"geometry":{"type":"Point","coordinates":[-80.5112,43.42537]}},{"type":"Feature","properties":{"country_code":"USA","city":"Anaheim","geoname_id":"5323810","h3_hexagon":599711074576498687,"downloaders":{"size":46,"mobile":3,"satellite":0,"tor":0,"tor_exit_nodes":0,"vpn":5,"relay":0,"proxy":0,"hosting":0,"service":5},"uploaders":{"size":7,"mobile":0,"satellite":0,"tor":0,"tor_exit_nodes":0,"vpn":3,"relay":0,"proxy":0,"hosting":0,"service":3}},"geometry":{"type":"Point","coordinates":[-117.9145,33.83529]}},{"type":"Feature","properties":{"country_code":"CHN","city":"Hohhot","geoname_id":"2036892","h3_hexagon":599853141357232127,"downloaders":{"size":46,"mobile":0,"satellite":0,"tor":0,"tor_exit_nodes":0,"vpn":0,"relay":0,"proxy":0,"hosting":0,"service":0},"uploaders":{"size":11,"mobile":0,"satellite":0,"tor":0,"tor_exit_nodes":0,"vpn":0,"relay":0,"proxy":0,"hosting":0,"service":0}},"geometry":{"type":"Point","coordinates":[111.65222,40.81056]}},{"type":"Feature","properties":{"country_code":"NOR","city":"Trondheim","geoname_id":"3133880","h3_hexagon":599120969692348415,"downloaders":{"size":46,"mobile":0,"satellite":0,"tor":0,"tor_exit_nodes":0,"vpn":2,"relay":0,"proxy":0,"hosting":0,"service":0},"uploaders":{"size":4,"mobile":0,"satellite":0,"tor":0,"tor_exit_nodes":0,"vpn":0,"relay":0,"proxy":0,"hosting":0,"service":0}},"geometry":{"type":"Point","coordinates":[10.39506,63.43049]}},{"type":"Feature","properties":{"country_code":"USA","city":"Rochester","geoname_id":"5134086","h3_hexagon":599745738183802879,"downloaders":{"size":45,"mobile":0,"satellite":0,"tor":14,"tor_exit_nodes":0,"vpn":0,"relay":0,"proxy":0,"hosting":0,"service":0},"uploaders":{"size":18,"mobile":0,"satellite":0,"tor":12,"tor_exit_nodes":0,"vpn":0,"relay":0,"proxy":0,"hosting":0,"service":0}},"geometry":{"type":"Point","coordinates":[-77.61556,43.15478]}},{"type":"Feature","properties":{"country_code":"HRV","city":"Rijeka","geoname_id":"3191648","h3_hexagon":599507781963218943,"downloaders":{"size":44,"mobile":0,"satellite":0,"tor":0,"tor_exit_nodes":0,"vpn":2,"relay":0,"proxy":0,"hosting":0,"service":0},"uploaders":{"size":6,"mobile":0,"satellite":0,"tor":0,"tor_exit_nodes":0,"vpn":0,"relay":0,"proxy":0,"hosting":0,"service":0}},"geometry":{"type":"Point","coordinates":[14.44241,45.32673]}},{"type":"Feature","properties":{"country_code":"CHE","city":"Bellinzona","geoname_id":"2661567","h3_hexagon":599534929377755135,"downloaders":{"size":44,"mobile":0,"satellite":0,"tor":0,"tor_exit_nodes":0,"vpn":21,"relay":0,"proxy":0,"hosting":35,"service":17},"uploaders":{"size":10,"mobile":0,"satellite":0,"tor":0,"tor_exit_nodes":0,"vpn":6,"relay":0,"proxy":0,"hosting":8,"service":5}},"geometry":{"type":"Point","coordinates":[9.01703,46.19278]}},{"type":"Feature","properties":{"country_code":"BEL","city":"Overijse","geoname_id":"2789413","h3_hexagon":599535399676674047,"downloaders":{"size":44,"mobile":0,"satellite":0,"tor":0,"tor_exit_nodes":0,"vpn":0,"relay":0,"proxy":0,"hosting":0,"service":0},"uploaders":{"size":9,"mobile":0,"satellite":0,"tor":0,"tor_exit_nodes":0,"vpn":0,"relay":0,"proxy":0,"hosting":0,"service":0}},"geometry":{"type":"Point","coordinates":[4.53461,50.77436]}},{"type":"Feature","properties":{"country_code":"USA","city":"Plano","geoname_id":"4719457","h3_hexagon":599661009216471039,"downloaders":{"size":43,"mobile":1,"satellite":0,"tor":0,"tor_exit_nodes":0,"vpn":7,"relay":0,"proxy":0,"hosting":2,"service":0},"uploaders":{"size":16,"mobile":0,"satellite":0,"tor":0,"tor_exit_nodes":0,"vpn":3,"relay":0,"proxy":0,"hosting":0,"service":0}},"geometry":{"type":"Point","coordinates":[-96.69889,33.01984]}},{"type":"Feature","properties":{"country_code":"HND","city":"San Pedro Sula","geoname_id":"3601782","h3_hexagon":600194831775432703,"downloaders":{"size":43,"mobile":0,"satellite":0,"tor":0,"tor_exit_nodes":0,"vpn":0,"relay":0,"proxy":0,"hosting":33,"service":0},"uploaders":{"size":9,"mobile":0,"satellite":0,"tor":0,"tor_exit_nodes":0,"vpn":0,"relay":0,"proxy":0,"hosting":9,"service":0}},"geometry":{"type":"Point","coordinates":[-88.02588,15.50585]}},{"type":"Feature","properties":{"country_code":"USA","city":"Bend","geoname_id":"5713587","h3_hexagon":599694052547362815,"downloaders":{"size":43,"mobile":0,"satellite":0,"tor":0,"tor_exit_nodes":0,"vpn":38,"relay":0,"proxy":0,"hosting":38,"service":38},"uploaders":{"size":5,"mobile":0,"satellite":0,"tor":0,"tor_exit_nodes":0,"vpn":4,"relay":0,"proxy":0,"hosting":4,"service":4}},"geometry":{"type":"Point","coordinates":[-121.31531,44.05817]}},{"type":"Feature","properties":{"country_code":"GBR","city":"Stockton-on-Tees","geoname_id":"2636876","h3_hexagon":599423389077078015,"downloaders":{"size":42,"mobile":0,"satellite":0,"tor":0,"tor_exit_nodes":0,"vpn":0,"relay":0,"proxy":0,"hosting":0,"service":0},"uploaders":{"size":11,"mobile":0,"satellite":0,"tor":0,"tor_exit_nodes":0,"vpn":0,"relay":0,"proxy":0,"hosting":0,"service":0}},"geometry":{"type":"Point","coordinates":[-1.3187,54.56848]}},{"type":"Feature","properties":{"country_code":"MEX","city":"Hermosillo","geoname_id":"4004898","h3_hexagon":600261173987770367,"downloaders":{"size":42,"mobile":0,"satellite":0,"tor":0,"tor_exit_nodes":0,"vpn":0,"relay":0,"proxy":0,"hosting":0,"service":0},"uploaders":{"size":8,"mobile":0,"satellite":0,"tor":0,"tor_exit_nodes":0,"vpn":0,"relay":0,"proxy":0,"hosting":0,"service":0}},"geometry":{"type":"Point","coordinates":[-110.96677,29.08874]}},{"type":"Feature","properties":{"country_code":"GBR","city":"Clydebank","geoname_id":"2652730","h3_hexagon":599419220811317247,"downloaders":{"size":41,"mobile":3,"satellite":0,"tor":0,"tor_exit_nodes":0,"vpn":32,"relay":0,"proxy":0,"hosting":3,"service":28},"uploaders":{"size":11,"mobile":0,"satellite":0,"tor":0,"tor_exit_nodes":0,"vpn":11,"relay":0,"proxy":0,"hosting":0,"service":11}},"geometry":{"type":"Point","coordinates":[-4.4057,55.90137]}},{"type":"Feature","properties":{"country_code":"RUS","city":"Taman","geoname_id":"484670","h3_hexagon":599778554955169791,"downloaders":{"size":41,"mobile":0,"satellite":0,"tor":0,"tor_exit_nodes":0,"vpn":0,"relay":0,"proxy":0,"hosting":14,"service":0},"uploaders":{"size":4,"mobile":0,"satellite":0,"tor":0,"tor_exit_nodes":0,"vpn":0,"relay":0,"proxy":0,"hosting":0,"service":0}},"geometry":{"type":"Point","coordinates":[36.71609,45.2117]}},{"type":"Feature","properties":{"country_code":"GUM","city":"Dededo Village","geoname_id":"4043909","h3_hexagon":600373600125452287,"downloaders":{"size":41,"mobile":0,"satellite":0,"tor":0,"tor_exit_nodes":0,"vpn":0,"relay":0,"proxy":0,"hosting":0,"service":0},"uploaders":{"size":9,"mobile":0,"satellite":0,"tor":0,"tor_exit_nodes":0,"vpn":0,"relay":0,"proxy":0,"hosting":0,"service":0}},"geometry":{"type":"Point","coordinates":[144.8391,13.51777]}},{"type":"Feature","properties":{"country_code":"USA","city":"McAllen","geoname_id":"4709796","h3_hexagon":600257725129031679,"downloaders":{"size":41,"mobile":0,"satellite":0,"tor":0,"tor_exit_nodes":0,"vpn":14,"relay":0,"proxy":0,"hosting":14,"service":14},"uploaders":{"size":12,"mobile":0,"satellite":0,"tor":0,"tor_exit_nodes":0,"vpn":1,"relay":0,"proxy":0,"hosting":1,"service":1}},"geometry":{"type":"Point","coordinates":[-98.23001,26.20341]}},{"type":"Feature","properties":{"country_code":"AUT","city":"Brunn am Gebirge","geoname_id":"2781321","h3_hexagon":599508003154034687,"downloaders":{"size":40,"mobile":0,"satellite":0,"tor":0,"tor_exit_nodes":0,"vpn":31,"relay":0,"proxy":0,"hosting":30,"service":30},"uploaders":{"size":22,"mobile":0,"satellite":0,"tor":0,"tor_exit_nodes":0,"vpn":22,"relay":0,"proxy":0,"hosting":22,"service":22}},"geometry":{"type":"Point","coordinates":[16.28466,48.10697]}},{"type":"Feature","properties":{"country_code":"ALB","city":"Tirana","geoname_id":"3183875","h3_hexagon":599521085624418303,"downloaders":{"size":40,"mobile":0,"satellite":0,"tor":0,"tor_exit_nodes":0,"vpn":23,"relay":0,"proxy":0,"hosting":23,"service":23},"uploaders":{"size":3,"mobile":0,"satellite":0,"tor":0,"tor_exit_nodes":0,"vpn":3,"relay":0,"proxy":0,"hosting":3,"service":3}},"geometry":{"type":"Point","coordinates":[19.81866,41.32744]}},{"type":"Feature","properties":{"country_code":"IND","city":"Thiruvananthapuram","geoname_id":"1254163","h3_hexagon":600670225599299583,"downloaders":{"size":39,"mobile":24,"satellite":0,"tor":0,"tor_exit_nodes":0,"vpn":0,"relay":0,"proxy":0,"hosting":0,"service":0},"uploaders":{"size":6,"mobile":6,"satellite":0,"tor":0,"tor_exit_nodes":0,"vpn":0,"relay":0,"proxy":0,"hosting":0,"service":0}},"geometry":{"type":"Point","coordinates":[76.94924,8.4855]}},{"type":"Feature","properties":{"country_code":"USA","city":"Tampa","geoname_id":"4174757","h3_hexagon":600176843378655231,"downloaders":{"size":39,"mobile":2,"satellite":0,"tor":0,"tor_exit_nodes":0,"vpn":0,"relay":0,"proxy":0,"hosting":0,"service":0},"uploaders":{"size":9,"mobile":0,"satellite":0,"tor":0,"tor_exit_nodes":0,"vpn":0,"relay":0,"proxy":0,"hosting":0,"service":0}},"geometry":{"type":"Point","coordinates":[-82.45843,27.94752]}},{"type":"Feature","properties":{"country_code":"FRA","city":"Conflans-Sainte-Honorine","geoname_id":"3023924","h3_hexagon":599536508851978239,"downloaders":{"size":39,"mobile":11,"satellite":0,"tor":0,"tor_exit_nodes":0,"vpn":0,"relay":0,"proxy":0,"hosting":0,"service":0},"uploaders":{"size":4,"mobile":0,"satellite":0,"tor":0,"tor_exit_nodes":0,"vpn":0,"relay":0,"proxy":0,"hosting":0,"service":0}},"geometry":{"type":"Point","coordinates":[2.09694,49.00158]}},{"type":"Feature","properties":{"country_code":"SWE","city":"Örebro","geoname_id":"2686657","h3_hexagon":599131658792206335,"downloaders":{"size":39,"mobile":2,"satellite":0,"tor":0,"tor_exit_nodes":0,"vpn":0,"relay":0,"proxy":0,"hosting":0,"service":0},"uploaders":{"size":8,"mobile":0,"satellite":0,"tor":0,"tor_exit_nodes":0,"vpn":0,"relay":0,"proxy":0,"hosting":0,"service":0}},"geometry":{"type":"Point","coordinates":[15.2066,59.27412]}},{"type":"Feature","properties":{"country_code":"USA","city":"Lynn","geoname_id":"4942807","h3_hexagon":599720953001279487,"downloaders":{"size":39,"mobile":0,"satellite":0,"tor":0,"tor_exit_nodes":0,"vpn":1,"relay":0,"proxy":0,"hosting":0,"service":0},"uploaders":{"size":11,"mobile":0,"satellite":0,"tor":0,"tor_exit_nodes":0,"vpn":0,"relay":0,"proxy":0,"hosting":0,"service":0}},"geometry":{"type":"Point","coordinates":[-70.94949,42.46676]}},{"type":"Feature","properties":{"country_code":"USA","city":"Fort Worth","geoname_id":"4691930","h3_hexagon":599661262619541503,"downloaders":{"size":38,"mobile":17,"satellite":0,"tor":0,"tor_exit_nodes":0,"vpn":0,"relay":0,"proxy":0,"hosting":0,"service":0},"uploaders":{"size":3,"mobile":3,"satellite":0,"tor":0,"tor_exit_nodes":0,"vpn":0,"relay":0,"proxy":0,"hosting":0,"service":0}},"geometry":{"type":"Point","coordinates":[-97.32085,32.72541]}},{"type":"Feature","properties":{"country_code":"ROU","city":"Fundeni","geoname_id":"677811","h3_hexagon":599522762809147391,"downloaders":{"size":38,"mobile":0,"satellite":0,"tor":0,"tor_exit_nodes":0,"vpn":37,"relay":0,"proxy":0,"hosting":38,"service":37},"uploaders":{"size":12,"mobile":0,"satellite":0,"tor":0,"tor_exit_nodes":0,"vpn":12,"relay":0,"proxy":0,"hosting":12,"service":12}},"geometry":{"type":"Point","coordinates":[26.16565,44.45892]}},{"type":"Feature","properties":{"country_code":"BIH","city":"Banja Luka","geoname_id":"3204541","h3_hexagon":599518416302243839,"downloaders":{"size":38,"mobile":0,"satellite":0,"tor":0,"tor_exit_nodes":0,"vpn":0,"relay":0,"proxy":0,"hosting":0,"service":0},"uploaders":{"size":12,"mobile":0,"satellite":0,"tor":0,"tor_exit_nodes":0,"vpn":0,"relay":0,"proxy":0,"hosting":0,"service":0}},"geometry":{"type":"Point","coordinates":[17.20629,44.77879]}},{"type":"Feature","properties":{"country_code":"ROU","city":"Bistriţa","geoname_id":"684657","h3_hexagon":599512483878666239,"downloaders":{"size":38,"mobile":0,"satellite":0,"tor":0,"tor_exit_nodes":0,"vpn":0,"relay":0,"proxy":0,"hosting":0,"service":0},"uploaders":{"size":22,"mobile":0,"satellite":0,"tor":0,"tor_exit_nodes":0,"vpn":0,"relay":0,"proxy":0,"hosting":0,"service":0}},"geometry":{"type":"Point","coordinates":[24.50011,47.13316]}},{"type":"Feature","properties":{"country_code":"CZE","city":"Brno","geoname_id":"3078610","h3_hexagon":599506969140658175,"downloaders":{"size":37,"mobile":0,"satellite":0,"tor":1,"tor_exit_nodes":1,"vpn":0,"relay":0,"proxy":0,"hosting":1,"service":0},"uploaders":{"size":16,"mobile":0,"satellite":0,"tor":0,"tor_exit_nodes":0,"vpn":0,"relay":0,"proxy":0,"hosting":0,"service":0}},"geometry":{"type":"Point","coordinates":[16.60796,49.19522]}},{"type":"Feature","properties":{"country_code":"NLD","city":"Heerhugowaard","geoname_id":"2754659","h3_hexagon":599425749161607167,"downloaders":{"size":36,"mobile":0,"satellite":0,"tor":0,"tor_exit_nodes":0,"vpn":25,"relay":0,"proxy":0,"hosting":25,"service":25},"uploaders":{"size":14,"mobile":0,"satellite":0,"tor":0,"tor_exit_nodes":0,"vpn":14,"relay":0,"proxy":0,"hosting":14,"service":14}},"geometry":{"type":"Point","coordinates":[4.84862,52.67144]}},{"type":"Feature","properties":{"country_code":"PRT","city":"Setúbal","geoname_id":"2262963","h3_hexagon":599982990029750271,"downloaders":{"size":36,"mobile":0,"satellite":0,"tor":0,"tor_exit_nodes":0,"vpn":0,"relay":0,"proxy":0,"hosting":0,"service":0},"uploaders":{"size":7,"mobile":0,"satellite":0,"tor":0,"tor_exit_nodes":0,"vpn":0,"relay":0,"proxy":0,"hosting":0,"service":0}},"geometry":{"type":"Point","coordinates":[-8.8882,38.5244]}},{"type":"Feature","properties":{"country_code":"IND","city":"Patna","geoname_id":"1260086","h3_hexagon":600035625927704575,"downloaders":{"size":36,"mobile":6,"satellite":0,"tor":0,"tor_exit_nodes":0,"vpn":0,"relay":0,"proxy":0,"hosting":0,"service":0},"uploaders":{"size":4,"mobile":0,"satellite":0,"tor":0,"tor_exit_nodes":0,"vpn":0,"relay":0,"proxy":0,"hosting":0,"service":0}},"geometry":{"type":"Point","coordinates":[85.13563,25.59408]}},{"type":"Feature","properties":{"country_code":"CAN","city":"Regina","geoname_id":"6119109","h3_hexagon":599675854770929663,"downloaders":{"size":35,"mobile":22,"satellite":0,"tor":4,"tor_exit_nodes":0,"vpn":0,"relay":0,"proxy":0,"hosting":0,"service":0},"uploaders":{"size":12,"mobile":8,"satellite":0,"tor":4,"tor_exit_nodes":0,"vpn":0,"relay":0,"proxy":0,"hosting":0,"service":0}},"geometry":{"type":"Point","coordinates":[-104.6178,50.45008]}},{"type":"Feature","properties":{"country_code":"HUN","city":"Zalaegerszeg","geoname_id":"3042638","h3_hexagon":599507688547680255,"downloaders":{"size":35,"mobile":0,"satellite":0,"tor":0,"tor_exit_nodes":0,"vpn":0,"relay":0,"proxy":0,"hosting":1,"service":0},"uploaders":{"size":4,"mobile":0,"satellite":0,"tor":0,"tor_exit_nodes":0,"vpn":0,"relay":0,"proxy":0,"hosting":0,"service":0}},"geometry":{"type":"Point","coordinates":[16.84401,46.83695]}},{"type":"Feature","properties":{"country_code":"USA","city":"Westford","geoname_id":"4955219","h3_hexagon":599720954075021311,"downloaders":{"size":34,"mobile":0,"satellite":0,"tor":0,"tor_exit_nodes":0,"vpn":0,"relay":0,"proxy":0,"hosting":0,"service":0},"uploaders":{"size":20,"mobile":0,"satellite":0,"tor":0,"tor_exit_nodes":0,"vpn":0,"relay":0,"proxy":0,"hosting":0,"service":0}},"geometry":{"type":"Point","coordinates":[-71.43784,42.57926]}},{"type":"Feature","properties":{"country_code":"HUN","city":"Sopron","geoname_id":"3045190","h3_hexagon":599507969868038143,"downloaders":{"size":34,"mobile":2,"satellite":0,"tor":0,"tor_exit_nodes":0,"vpn":1,"relay":0,"proxy":0,"hosting":0,"service":0},"uploaders":{"size":6,"mobile":0,"satellite":0,"tor":0,"tor_exit_nodes":0,"vpn":0,"relay":0,"proxy":0,"hosting":0,"service":0}},"geometry":{"type":"Point","coordinates":[16.59049,47.68501]}},{"type":"Feature","properties":{"country_code":"IND","city":"Kanayannur","geoname_id":"12501153","h3_hexagon":600667932086763519,"downloaders":{"size":34,"mobile":25,"satellite":0,"tor":0,"tor_exit_nodes":0,"vpn":1,"relay":0,"proxy":0,"hosting":0,"service":0},"uploaders":{"size":3,"mobile":3,"satellite":0,"tor":0,"tor_exit_nodes":0,"vpn":0,"relay":0,"proxy":0,"hosting":0,"service":0}},"geometry":{"type":"Point","coordinates":[76.26667,9.96667]}},{"type":"Feature","properties":{"country_code":"USA","city":"Falls Church","geoname_id":"4758390","h3_hexagon":599729188601069567,"downloaders":{"size":34,"mobile":0,"satellite":0,"tor":0,"tor_exit_nodes":0,"vpn":2,"relay":0,"proxy":0,"hosting":0,"service":0},"uploaders":{"size":9,"mobile":0,"satellite":0,"tor":0,"tor_exit_nodes":0,"vpn":0,"relay":0,"proxy":0,"hosting":0,"service":0}},"geometry":{"type":"Point","coordinates":[-77.17109,38.88233]}},{"type":"Feature","properties":{"country_code":"SWE","city":"Västerås","geoname_id":"2664454","h3_hexagon":599128737140703231,"downloaders":{"size":33,"mobile":0,"satellite":0,"tor":0,"tor_exit_nodes":0,"vpn":0,"relay":0,"proxy":0,"hosting":0,"service":0},"uploaders":{"size":9,"mobile":0,"satellite":0,"tor":0,"tor_exit_nodes":0,"vpn":0,"relay":0,"proxy":0,"hosting":0,"service":0}},"geometry":{"type":"Point","coordinates":[16.55276,59.61617]}},{"type":"Feature","properties":{"country_code":"USA","city":"Westbury","geoname_id":"5144040","h3_hexagon":599718723913252863,"downloaders":{"size":33,"mobile":0,"satellite":0,"tor":0,"tor_exit_nodes":0,"vpn":3,"relay":0,"proxy":0,"hosting":0,"service":0},"uploaders":{"size":12,"mobile":0,"satellite":0,"tor":0,"tor_exit_nodes":0,"vpn":0,"relay":0,"proxy":0,"hosting":0,"service":0}},"geometry":{"type":"Point","coordinates":[-73.58763,40.75566]}},{"type":"Feature","properties":{"country_code":"GBR","city":"West Bromwich","geoname_id":"2634491","h3_hexagon":599424881578213375,"downloaders":{"size":33,"mobile":3,"satellite":0,"tor":0,"tor_exit_nodes":0,"vpn":0,"relay":0,"proxy":0,"hosting":12,"service":0},"uploaders":{"size":10,"mobile":0,"satellite":0,"tor":0,"tor_exit_nodes":0,"vpn":0,"relay":0,"proxy":0,"hosting":10,"service":0}},"geometry":{"type":"Point","coordinates":[-1.9945,52.51868]}},{"type":"Feature","properties":{"country_code":"GBR","city":"Twickenham","geoname_id":"2635308","h3_hexagon":599423699388465151,"downloaders":{"size":33,"mobile":17,"satellite":0,"tor":0,"tor_exit_nodes":0,"vpn":0,"relay":2,"proxy":0,"hosting":2,"service":2},"uploaders":{"size":5,"mobile":5,"satellite":0,"tor":0,"tor_exit_nodes":0,"vpn":0,"relay":0,"proxy":0,"hosting":0,"service":0}},"geometry":{"type":"Point","coordinates":[-0.3377,51.44489]}},{"type":"Feature","properties":{"country_code":"USA","city":"Richmond","geoname_id":"4781708","h3_hexagon":599727353576292351,"downloaders":{"size":33,"mobile":0,"satellite":0,"tor":0,"tor_exit_nodes":0,"vpn":0,"relay":0,"proxy":0,"hosting":0,"service":0},"uploaders":{"size":13,"mobile":0,"satellite":0,"tor":0,"tor_exit_nodes":0,"vpn":0,"relay":0,"proxy":0,"hosting":0,"service":0}},"geometry":{"type":"Point","coordinates":[-77.46026,37.55376]}},{"type":"Feature","properties":{"country_code":"USA","city":"Baton Rouge","geoname_id":"4315588","h3_hexagon":600179469751156735,"downloaders":{"size":32,"mobile":10,"satellite":0,"tor":0,"tor_exit_nodes":0,"vpn":0,"relay":0,"proxy":0,"hosting":0,"service":0},"uploaders":{"size":13,"mobile":9,"satellite":0,"tor":0,"tor_exit_nodes":0,"vpn":0,"relay":0,"proxy":0,"hosting":0,"service":0}},"geometry":{"type":"Point","coordinates":[-91.18747,30.44332]}},{"type":"Feature","properties":{"country_code":"POL","city":"Częstochowa","geoname_id":"3100946","h3_hexagon":599508966300450815,"downloaders":{"size":32,"mobile":0,"satellite":0,"tor":0,"tor_exit_nodes":0,"vpn":4,"relay":0,"proxy":0,"hosting":6,"service":0},"uploaders":{"size":7,"mobile":0,"satellite":0,"tor":0,"tor_exit_nodes":0,"vpn":0,"relay":0,"proxy":0,"hosting":0,"service":0}},"geometry":{"type":"Point","coordinates":[19.12409,50.79646]}},{"type":"Feature","properties":{"country_code":"SWE","city":"Åkersberga","geoname_id":"2727234","h3_hexagon":599128463336538111,"downloaders":{"size":32,"mobile":0,"satellite":0,"tor":0,"tor_exit_nodes":0,"vpn":29,"relay":0,"proxy":0,"hosting":0,"service":29},"uploaders":{"size":19,"mobile":0,"satellite":0,"tor":0,"tor_exit_nodes":0,"vpn":19,"relay":0,"proxy":0,"hosting":0,"service":19}},"geometry":{"type":"Point","coordinates":[18.29967,59.47944]}},{"type":"Feature","properties":{"country_code":"GBR","city":"Kings Hill","geoname_id":"6690167","h3_hexagon":599423675766145023,"downloaders":{"size":32,"mobile":0,"satellite":0,"tor":0,"tor_exit_nodes":0,"vpn":0,"relay":0,"proxy":0,"hosting":0,"service":0},"uploaders":{"size":9,"mobile":0,"satellite":0,"tor":0,"tor_exit_nodes":0,"vpn":0,"relay":0,"proxy":0,"hosting":0,"service":0}},"geometry":{"type":"Point","coordinates":[0.40237,51.27437]}},{"type":"Feature","properties":{"country_code":"USA","city":"Wichita","geoname_id":"4281730","h3_hexagon":599662906518274047,"downloaders":{"size":32,"mobile":3,"satellite":0,"tor":0,"tor_exit_nodes":0,"vpn":1,"relay":0,"proxy":0,"hosting":0,"service":0},"uploaders":{"size":6,"mobile":1,"satellite":0,"tor":0,"tor_exit_nodes":0,"vpn":0,"relay":0,"proxy":0,"hosting":0,"service":0}},"geometry":{"type":"Point","coordinates":[-97.33754,37.69224]}},{"type":"Feature","properties":{"country_code":"NLD","city":"Nijmegen","geoname_id":"2750053","h3_hexagon":599425785668829183,"downloaders":{"size":31,"mobile":19,"satellite":0,"tor":0,"tor_exit_nodes":0,"vpn":0,"relay":0,"proxy":0,"hosting":5,"service":0},"uploaders":{"size":9,"mobile":9,"satellite":0,"tor":0,"tor_exit_nodes":0,"vpn":0,"relay":0,"proxy":0,"hosting":0,"service":0}},"geometry":{"type":"Point","coordinates":[5.85278,51.8425]}},{"type":"Feature","properties":{"country_code":"IDN","city":"Bandung","geoname_id":"1650357","h3_hexagon":601443064162025471,"downloaders":{"size":31,"mobile":0,"satellite":0,"tor":0,"tor_exit_nodes":0,"vpn":6,"relay":0,"proxy":0,"hosting":0,"service":0},"uploaders":{"size":8,"mobile":0,"satellite":0,"tor":0,"tor_exit_nodes":0,"vpn":0,"relay":0,"proxy":0,"hosting":0,"service":0}},"geometry":{"type":"Point","coordinates":[107.60694,-6.92222]}},{"type":"Feature","properties":{"country_code":"USA","city":"Mountain View","geoname_id":"5375480","h3_hexagon":599686043507097599,"downloaders":{"size":31,"mobile":2,"satellite":0,"tor":0,"tor_exit_nodes":0,"vpn":1,"relay":0,"proxy":0,"hosting":0,"service":0},"uploaders":{"size":19,"mobile":0,"satellite":0,"tor":0,"tor_exit_nodes":0,"vpn":0,"relay":0,"proxy":0,"hosting":0,"service":0}},"geometry":{"type":"Point","coordinates":[-122.08385,37.38605]}},{"type":"Feature","properties":{"country_code":"MEX","city":"Celaya","geoname_id":"4014875","h3_hexagon":600272024148901887,"downloaders":{"size":31,"mobile":0,"satellite":0,"tor":0,"tor_exit_nodes":0,"vpn":0,"relay":0,"proxy":0,"hosting":0,"service":0},"uploaders":{"size":14,"mobile":0,"satellite":0,"tor":0,"tor_exit_nodes":0,"vpn":0,"relay":0,"proxy":0,"hosting":0,"service":0}},"geometry":{"type":"Point","coordinates":[-100.8157,20.52353]}},{"type":"Feature","properties":{"country_code":"ZAF","city":"Durban","geoname_id":"1007311","h3_hexagon":602287964759785471,"downloaders":{"size":30,"mobile":5,"satellite":0,"tor":0,"tor_exit_nodes":0,"vpn":0,"relay":0,"proxy":0,"hosting":4,"service":0},"uploaders":{"size":5,"mobile":1,"satellite":0,"tor":0,"tor_exit_nodes":0,"vpn":0,"relay":0,"proxy":0,"hosting":0,"service":0}},"geometry":{"type":"Point","coordinates":[31.0292,-29.8579]}},{"type":"Feature","properties":{"country_code":"USA","city":"Boise","geoname_id":"5586437","h3_hexagon":599691524959109119,"downloaders":{"size":30,"mobile":1,"satellite":0,"tor":0,"tor_exit_nodes":0,"vpn":0,"relay":0,"proxy":0,"hosting":0,"service":0},"uploaders":{"size":7,"mobile":0,"satellite":0,"tor":0,"tor_exit_nodes":0,"vpn":0,"relay":0,"proxy":0,"hosting":0,"service":0}},"geometry":{"type":"Point","coordinates":[-116.20345,43.6135]}},{"type":"Feature","properties":{"country_code":"DEU","city":"Göttingen","geoname_id":"2918632","h3_hexagon":599525446089965567,"downloaders":{"size":30,"mobile":0,"satellite":0,"tor":0,"tor_exit_nodes":0,"vpn":0,"relay":0,"proxy":0,"hosting":0,"service":0},"uploaders":{"size":14,"mobile":0,"satellite":0,"tor":0,"tor_exit_nodes":0,"vpn":0,"relay":0,"proxy":0,"hosting":0,"service":0}},"geometry":{"type":"Point","coordinates":[9.93228,51.53443]}},{"type":"Feature","properties":{"country_code":"UKR","city":"Cherkasy","geoname_id":"710791","h3_hexagon":599514105228820479,"downloaders":{"size":30,"mobile":0,"satellite":0,"tor":0,"tor_exit_nodes":0,"vpn":0,"relay":0,"proxy":0,"hosting":0,"service":0},"uploaders":{"size":4,"mobile":0,"satellite":0,"tor":0,"tor_exit_nodes":0,"vpn":0,"relay":0,"proxy":0,"hosting":0,"service":0}},"geometry":{"type":"Point","coordinates":[32.05738,49.44452]}},{"type":"Feature","properties":{"country_code":"CHE","city":"Bern","geoname_id":"2661552","h3_hexagon":599533128712716287,"downloaders":{"size":29,"mobile":0,"satellite":0,"tor":0,"tor_exit_nodes":0,"vpn":1,"relay":0,"proxy":0,"hosting":0,"service":0},"uploaders":{"size":9,"mobile":0,"satellite":0,"tor":0,"tor_exit_nodes":0,"vpn":0,"relay":0,"proxy":0,"hosting":0,"service":0}},"geometry":{"type":"Point","coordinates":[7.44744,46.94809]}},{"type":"Feature","properties":{"country_code":"DEU","city":"Bochum","geoname_id":"2947416","h3_hexagon":599525399919067135,"downloaders":{"size":29,"mobile":1,"satellite":0,"tor":0,"tor_exit_nodes":0,"vpn":1,"relay":0,"proxy":0,"hosting":0,"service":0},"uploaders":{"size":8,"mobile":0,"satellite":0,"tor":0,"tor_exit_nodes":0,"vpn":0,"relay":0,"proxy":0,"hosting":0,"service":0}},"geometry":{"type":"Point","coordinates":[7.21648,51.48165]}},{"type":"Feature","properties":{"country_code":"USA","city":"Bennett","geoname_id":"5413465","h3_hexagon":599656916112637951,"downloaders":{"size":29,"mobile":0,"satellite":0,"tor":0,"tor_exit_nodes":0,"vpn":0,"relay":29,"proxy":0,"hosting":29,"service":29},"uploaders":{"size":6,"mobile":0,"satellite":0,"tor":0,"tor_exit_nodes":0,"vpn":0,"relay":6,"proxy":0,"hosting":6,"service":6}},"geometry":{"type":"Point","coordinates":[-104.42746,39.75887]}},{"type":"Feature","properties":{"country_code":"USA","city":"Colorado Springs","geoname_id":"5417598","h3_hexagon":599656904301477887,"downloaders":{"size":29,"mobile":0,"satellite":0,"tor":0,"tor_exit_nodes":0,"vpn":1,"relay":10,"proxy":0,"hosting":10,"service":10},"uploaders":{"size":3,"mobile":0,"satellite":0,"tor":0,"tor_exit_nodes":0,"vpn":0,"relay":3,"proxy":0,"hosting":3,"service":3}},"geometry":{"type":"Point","coordinates":[-104.82136,38.83388]}},{"type":"Feature","properties":{"country_code":"USA","city":"Livonia","geoname_id":"4999837","h3_hexagon":599729876869578751,"downloaders":{"size":29,"mobile":3,"satellite":0,"tor":0,"tor_exit_nodes":0,"vpn":0,"relay":0,"proxy":0,"hosting":0,"service":0},"uploaders":{"size":14,"mobile":0,"satellite":0,"tor":0,"tor_exit_nodes":0,"vpn":0,"relay":0,"proxy":0,"hosting":0,"service":0}},"geometry":{"type":"Point","coordinates":[-83.35271,42.36837]}},{"type":"Feature","properties":{"country_code":"GBR","city":"Bristol","geoname_id":"2654675","h3_hexagon":599424634617593855,"downloaders":{"size":28,"mobile":13,"satellite":0,"tor":0,"tor_exit_nodes":0,"vpn":0,"relay":0,"proxy":0,"hosting":0,"service":0},"uploaders":{"size":8,"mobile":8,"satellite":0,"tor":0,"tor_exit_nodes":0,"vpn":0,"relay":0,"proxy":0,"hosting":0,"service":0}},"geometry":{"type":"Point","coordinates":[-2.59665,51.45523]}},{"type":"Feature","properties":{"country_code":"USA","city":"Alpharetta","geoname_id":"4179574","h3_hexagon":600188291613982719,"downloaders":{"size":28,"mobile":4,"satellite":0,"tor":0,"tor_exit_nodes":0,"vpn":0,"relay":0,"proxy":0,"hosting":0,"service":0},"uploaders":{"size":6,"mobile":0,"satellite":0,"tor":0,"tor_exit_nodes":0,"vpn":0,"relay":0,"proxy":0,"hosting":0,"service":0}},"geometry":{"type":"Point","coordinates":[-84.29409,34.07538]}},{"type":"Feature","properties":{"country_code":"USA","city":"Chattanooga","geoname_id":"4612862","h3_hexagon":600189131280089087,"downloaders":{"size":28,"mobile":0,"satellite":0,"tor":0,"tor_exit_nodes":0,"vpn":0,"relay":0,"proxy":0,"hosting":0,"service":0},"uploaders":{"size":5,"mobile":0,"satellite":0,"tor":0,"tor_exit_nodes":0,"vpn":0,"relay":0,"proxy":0,"hosting":0,"service":0}},"geometry":{"type":"Point","coordinates":[-85.30968,35.04563]}},{"type":"Feature","properties":{"country_code":"IDN","city":"Surabaya","geoname_id":"1625822","h3_hexagon":601468080199041023,"downloaders":{"size":28,"mobile":5,"satellite":0,"tor":0,"tor_exit_nodes":0,"vpn":3,"relay":0,"proxy":0,"hosting":0,"service":0},"uploaders":{"size":7,"mobile":0,"satellite":0,"tor":0,"tor_exit_nodes":0,"vpn":0,"relay":0,"proxy":0,"hosting":0,"service":0}},"geometry":{"type":"Point","coordinates":[112.75083,-7.24917]}},{"type":"Feature","properties":{"country_code":"USA","city":"Cedar Knolls","geoname_id":"5096387","h3_hexagon":599718743240605695,"downloaders":{"size":28,"mobile":0,"satellite":0,"tor":0,"tor_exit_nodes":0,"vpn":3,"relay":0,"proxy":1,"hosting":9,"service":3},"uploaders":{"size":4,"mobile":0,"satellite":0,"tor":0,"tor_exit_nodes":0,"vpn":1,"relay":0,"proxy":0,"hosting":1,"service":1}},"geometry":{"type":"Point","coordinates":[-74.44876,40.82204]}},{"type":"Feature","properties":{"country_code":"IND","city":"Kolkata","geoname_id":"1275004","h3_hexagon":600050965403402239,"downloaders":{"size":28,"mobile":6,"satellite":0,"tor":0,"tor_exit_nodes":0,"vpn":0,"relay":0,"proxy":0,"hosting":0,"service":0},"uploaders":{"size":3,"mobile":0,"satellite":0,"tor":0,"tor_exit_nodes":0,"vpn":0,"relay":0,"proxy":0,"hosting":0,"service":0}},"geometry":{"type":"Point","coordinates":[88.36304,22.56263]}},{"type":"Feature","properties":{"country_code":"USA","city":"New Orleans","geoname_id":"4335045","h3_hexagon":600179847708278783,"downloaders":{"size":28,"mobile":2,"satellite":1,"tor":0,"tor_exit_nodes":0,"vpn":3,"relay":0,"proxy":0,"hosting":0,"service":3},"uploaders":{"size":10,"mobile":1,"satellite":0,"tor":0,"tor_exit_nodes":0,"vpn":0,"relay":0,"proxy":0,"hosting":0,"service":0}},"geometry":{"type":"Point","coordinates":[-90.07507,29.95465]}},{"type":"Feature","properties":{"country_code":"BGR","city":"Vratsa","geoname_id":"725712","h3_hexagon":599519998997692415,"downloaders":{"size":28,"mobile":0,"satellite":0,"tor":0,"tor_exit_nodes":0,"vpn":0,"relay":0,"proxy":0,"hosting":0,"service":0},"uploaders":{"size":11,"mobile":0,"satellite":0,"tor":0,"tor_exit_nodes":0,"vpn":0,"relay":0,"proxy":0,"hosting":0,"service":0}},"geometry":{"type":"Point","coordinates":[23.56312,43.21052]}},{"type":"Feature","properties":{"country_code":"SWE","city":"Linköping","geoname_id":"2694762","h3_hexagon":599131845623283711,"downloaders":{"size":27,"mobile":0,"satellite":0,"tor":0,"tor_exit_nodes":0,"vpn":0,"relay":0,"proxy":0,"hosting":0,"service":0},"uploaders":{"size":12,"mobile":0,"satellite":0,"tor":0,"tor_exit_nodes":0,"vpn":0,"relay":0,"proxy":0,"hosting":0,"service":0}},"geometry":{"type":"Point","coordinates":[15.62157,58.41086]}},{"type":"Feature","properties":{"country_code":"THA","city":"Chiang Mai","geoname_id":"1153671","h3_hexagon":600746956263784447,"downloaders":{"size":27,"mobile":0,"satellite":0,"tor":0,"tor_exit_nodes":0,"vpn":0,"relay":0,"proxy":0,"hosting":0,"service":0},"uploaders":{"size":5,"mobile":0,"satellite":0,"tor":0,"tor_exit_nodes":0,"vpn":0,"relay":0,"proxy":0,"hosting":0,"service":0}},"geometry":{"type":"Point","coordinates":[98.98468,18.79038]}},{"type":"Feature","properties":{"country_code":"CAN","city":"Lower Sackville","geoname_id":"10287505","h3_hexagon":599735296044564479,"downloaders":{"size":27,"mobile":19,"satellite":0,"tor":0,"tor_exit_nodes":0,"vpn":0,"relay":0,"proxy":0,"hosting":0,"service":0},"uploaders":{"size":8,"mobile":8,"satellite":0,"tor":0,"tor_exit_nodes":0,"vpn":0,"relay":0,"proxy":0,"hosting":0,"service":0}},"geometry":{"type":"Point","coordinates":[-63.67865,44.77599]}},{"type":"Feature","properties":{"country_code":"DEU","city":"Braunschweig","geoname_id":"2945024","h3_hexagon":599525305429786623,"downloaders":{"size":27,"mobile":0,"satellite":0,"tor":0,"tor_exit_nodes":0,"vpn":0,"relay":0,"proxy":0,"hosting":0,"service":0},"uploaders":{"size":21,"mobile":0,"satellite":0,"tor":0,"tor_exit_nodes":0,"vpn":0,"relay":0,"proxy":0,"hosting":0,"service":0}},"geometry":{"type":"Point","coordinates":[10.52673,52.26594]}},{"type":"Feature","properties":{"country_code":"HRV","city":"Jankomir","geoname_id":"3209379","h3_hexagon":599507824912891903,"downloaders":{"size":27,"mobile":0,"satellite":0,"tor":0,"tor_exit_nodes":0,"vpn":26,"relay":0,"proxy":0,"hosting":26,"service":26},"uploaders":{"size":19,"mobile":0,"satellite":0,"tor":0,"tor_exit_nodes":0,"vpn":19,"relay":0,"proxy":0,"hosting":19,"service":19}},"geometry":{"type":"Point","coordinates":[15.9,45.79167]}},{"type":"Feature","properties":{"country_code":"USA","city":"Louisville","geoname_id":"4299276","h3_hexagon":599654436842766335,"downloaders":{"size":27,"mobile":4,"satellite":0,"tor":0,"tor_exit_nodes":0,"vpn":0,"relay":0,"proxy":0,"hosting":0,"service":0},"uploaders":{"size":3,"mobile":0,"satellite":0,"tor":0,"tor_exit_nodes":0,"vpn":0,"relay":0,"proxy":0,"hosting":0,"service":0}},"geometry":{"type":"Point","coordinates":[-85.75941,38.25424]}},{"type":"Feature","properties":{"country_code":"BRA","city":"Marília","geoname_id":"3457692","h3_hexagon":601936267067785215,"downloaders":{"size":27,"mobile":0,"satellite":0,"tor":0,"tor_exit_nodes":0,"vpn":0,"relay":0,"proxy":0,"hosting":0,"service":0},"uploaders":{"size":3,"mobile":0,"satellite":0,"tor":0,"tor_exit_nodes":0,"vpn":0,"relay":0,"proxy":0,"hosting":0,"service":0}},"geometry":{"type":"Point","coordinates":[-49.94583,-22.21389]}},{"type":"Feature","properties":{"country_code":"FRA","city":"Coursan","geoname_id":"3022956","h3_hexagon":599988199825080319,"downloaders":{"size":26,"mobile":4,"satellite":0,"tor":0,"tor_exit_nodes":0,"vpn":0,"relay":0,"proxy":0,"hosting":0,"service":0},"uploaders":{"size":10,"mobile":0,"satellite":0,"tor":0,"tor_exit_nodes":0,"vpn":0,"relay":0,"proxy":0,"hosting":0,"service":0}},"geometry":{"type":"Point","coordinates":[3.05712,43.2337]}},{"type":"Feature","properties":{"country_code":"USA","city":"Whittier","geoname_id":"5409059","h3_hexagon":599711150812168191,"downloaders":{"size":26,"mobile":0,"satellite":0,"tor":0,"tor_exit_nodes":0,"vpn":0,"relay":0,"proxy":0,"hosting":1,"service":0},"uploaders":{"size":6,"mobile":0,"satellite":0,"tor":0,"tor_exit_nodes":0,"vpn":0,"relay":0,"proxy":0,"hosting":0,"service":0}},"geometry":{"type":"Point","coordinates":[-118.03284,33.97918]}},{"type":"Feature","properties":{"country_code":"USA","city":"West Covina","geoname_id":"5407933","h3_hexagon":599711152959651839,"downloaders":{"size":26,"mobile":0,"satellite":0,"tor":0,"tor_exit_nodes":0,"vpn":2,"relay":0,"proxy":0,"hosting":0,"service":0},"uploaders":{"size":6,"mobile":0,"satellite":0,"tor":0,"tor_exit_nodes":0,"vpn":0,"relay":0,"proxy":0,"hosting":0,"service":0}},"geometry":{"type":"Point","coordinates":[-117.93895,34.06862]}},{"type":"Feature","properties":{"country_code":"USA","city":"Linden","geoname_id":"5100506","h3_hexagon":599718748609314815,"downloaders":{"size":26,"mobile":0,"satellite":0,"tor":0,"tor_exit_nodes":0,"vpn":0,"relay":0,"proxy":0,"hosting":0,"service":0},"uploaders":{"size":14,"mobile":0,"satellite":0,"tor":0,"tor_exit_nodes":0,"vpn":0,"relay":0,"proxy":0,"hosting":0,"service":0}},"geometry":{"type":"Point","coordinates":[-74.24459,40.62205]}},{"type":"Feature","properties":{"country_code":"CAN","city":"Barrie","geoname_id":"5894171","h3_hexagon":599745833746825215,"downloaders":{"size":26,"mobile":0,"satellite":0,"tor":0,"tor_exit_nodes":0,"vpn":0,"relay":0,"proxy":0,"hosting":0,"service":0},"uploaders":{"size":4,"mobile":0,"satellite":0,"tor":0,"tor_exit_nodes":0,"vpn":0,"relay":0,"proxy":0,"hosting":0,"service":0}},"geometry":{"type":"Point","coordinates":[-79.66634,44.40011]}},{"type":"Feature","properties":{"country_code":"USA","city":"Portland","geoname_id":"4975802","h3_hexagon":599721198888157183,"downloaders":{"size":25,"mobile":0,"satellite":0,"tor":0,"tor_exit_nodes":0,"vpn":12,"relay":0,"proxy":0,"hosting":12,"service":12},"uploaders":{"size":3,"mobile":0,"satellite":0,"tor":0,"tor_exit_nodes":0,"vpn":0,"relay":0,"proxy":0,"hosting":0,"service":0}},"geometry":{"type":"Point","coordinates":[-70.2589,43.65737]}},{"type":"Feature","properties":{"country_code":"USA","city":"Royal Oak","geoname_id":"5007804","h3_hexagon":599729906934349823,"downloaders":{"size":25,"mobile":2,"satellite":0,"tor":0,"tor_exit_nodes":0,"vpn":0,"relay":0,"proxy":0,"hosting":0,"service":0},"uploaders":{"size":13,"mobile":1,"satellite":0,"tor":0,"tor_exit_nodes":0,"vpn":0,"relay":0,"proxy":0,"hosting":0,"service":0}},"geometry":{"type":"Point","coordinates":[-83.14465,42.48948]}},{"type":"Feature","properties":{"country_code":"DEU","city":"Chemnitz","geoname_id":"2940132","h3_hexagon":599510129162846207,"downloaders":{"size":25,"mobile":0,"satellite":0,"tor":0,"tor_exit_nodes":0,"vpn":0,"relay":0,"proxy":0,"hosting":0,"service":0},"uploaders":{"size":10,"mobile":0,"satellite":0,"tor":0,"tor_exit_nodes":0,"vpn":0,"relay":0,"proxy":0,"hosting":0,"service":0}},"geometry":{"type":"Point","coordinates":[12.92922,50.8357]}},{"type":"Feature","properties":{"country_code":"USA","city":"Arcola","geoname_id":"4744686","h3_hexagon":599729355031052287,"downloaders":{"size":25,"mobile":0,"satellite":0,"tor":0,"tor_exit_nodes":0,"vpn":0,"relay":0,"proxy":0,"hosting":6,"service":0},"uploaders":{"size":11,"mobile":0,"satellite":0,"tor":0,"tor_exit_nodes":0,"vpn":0,"relay":0,"proxy":0,"hosting":0,"service":0}},"geometry":{"type":"Point","coordinates":[-77.53416,38.95178]}},{"type":"Feature","properties":{"country_code":"USA","city":"Burlingame","geoname_id":"5331920","h3_hexagon":599685776145383423,"downloaders":{"size":25,"mobile":0,"satellite":0,"tor":0,"tor_exit_nodes":0,"vpn":0,"relay":0,"proxy":0,"hosting":0,"service":0},"uploaders":{"size":13,"mobile":0,"satellite":0,"tor":0,"tor_exit_nodes":0,"vpn":0,"relay":0,"proxy":0,"hosting":0,"service":0}},"geometry":{"type":"Point","coordinates":[-122.36608,37.5841]}},{"type":"Feature","properties":{"country_code":"BRA","city":"Sabará","geoname_id":"3450817","h3_hexagon":601943117540622335,"downloaders":{"size":24,"mobile":0,"satellite":0,"tor":0,"tor_exit_nodes":0,"vpn":0,"relay":0,"proxy":0,"hosting":0,"service":0},"uploaders":{"size":11,"mobile":0,"satellite":0,"tor":0,"tor_exit_nodes":0,"vpn":0,"relay":0,"proxy":0,"hosting":0,"service":0}},"geometry":{"type":"Point","coordinates":[-43.80667,-19.88639]}},{"type":"Feature","properties":{"country_code":"USA","city":"St. Petersburg","geoname_id":"4171563","h3_hexagon":600176845526138879,"downloaders":{"size":24,"mobile":0,"satellite":0,"tor":0,"tor_exit_nodes":0,"vpn":2,"relay":0,"proxy":0,"hosting":1,"service":1},"uploaders":{"size":14,"mobile":0,"satellite":0,"tor":0,"tor_exit_nodes":0,"vpn":0,"relay":0,"proxy":0,"hosting":0,"service":0}},"geometry":{"type":"Point","coordinates":[-82.67927,27.77086]}},{"type":"Feature","properties":{"country_code":"CAN","city":"Nepean","geoname_id":"6087029","h3_hexagon":599744260715053055,"downloaders":{"size":24,"mobile":0,"satellite":0,"tor":0,"tor_exit_nodes":0,"vpn":1,"relay":0,"proxy":0,"hosting":0,"service":0},"uploaders":{"size":5,"mobile":0,"satellite":0,"tor":0,"tor_exit_nodes":0,"vpn":0,"relay":0,"proxy":0,"hosting":0,"service":0}},"geometry":{"type":"Point","coordinates":[-75.7225,45.33619]}},{"type":"Feature","properties":{"country_code":"USA","city":"Germantown","geoname_id":"4624601","h3_hexagon":599653418935517183,"downloaders":{"size":24,"mobile":15,"satellite":0,"tor":0,"tor_exit_nodes":0,"vpn":0,"relay":0,"proxy":0,"hosting":0,"service":0},"uploaders":{"size":14,"mobile":14,"satellite":0,"tor":0,"tor_exit_nodes":0,"vpn":0,"relay":0,"proxy":0,"hosting":0,"service":0}},"geometry":{"type":"Point","coordinates":[-89.81009,35.08676]}},{"type":"Feature","properties":{"country_code":"CIV","city":"Abidjan","geoname_id":"2293538","h3_hexagon":601038760636841983,"downloaders":{"size":23,"mobile":2,"satellite":0,"tor":0,"tor_exit_nodes":0,"vpn":0,"relay":0,"proxy":0,"hosting":0,"service":0},"uploaders":{"size":3,"mobile":1,"satellite":0,"tor":0,"tor_exit_nodes":0,"vpn":0,"relay":0,"proxy":0,"hosting":0,"service":0}},"geometry":{"type":"Point","coordinates":[-4.00167,5.35444]}},{"type":"Feature","properties":{"country_code":"NOR","city":"Tønsberg","geoname_id":"3134331","h3_hexagon":599147538360041471,"downloaders":{"size":23,"mobile":0,"satellite":0,"tor":0,"tor_exit_nodes":0,"vpn":5,"relay":0,"proxy":0,"hosting":0,"service":0},"uploaders":{"size":19,"mobile":0,"satellite":0,"tor":0,"tor_exit_nodes":0,"vpn":5,"relay":0,"proxy":0,"hosting":0,"service":0}},"geometry":{"type":"Point","coordinates":[10.40762,59.26754]}},{"type":"Feature","properties":{"country_code":"BHR","city":"Manama","geoname_id":"290340","h3_hexagon":600446465319370751,"downloaders":{"size":23,"mobile":4,"satellite":0,"tor":0,"tor_exit_nodes":0,"vpn":0,"relay":0,"proxy":0,"hosting":0,"service":0},"uploaders":{"size":4,"mobile":0,"satellite":0,"tor":0,"tor_exit_nodes":0,"vpn":0,"relay":0,"proxy":0,"hosting":0,"service":0}},"geometry":{"type":"Point","coordinates":[50.58565,26.22787]}},{"type":"Feature","properties":{"country_code":"USA","city":"Norristown","geoname_id":"5203506","h3_hexagon":599729482806329343,"downloaders":{"size":23,"mobile":14,"satellite":0,"tor":0,"tor_exit_nodes":0,"vpn":0,"relay":0,"proxy":0,"hosting":0,"service":0},"uploaders":{"size":5,"mobile":5,"satellite":0,"tor":0,"tor_exit_nodes":0,"vpn":0,"relay":0,"proxy":0,"hosting":0,"service":0}},"geometry":{"type":"Point","coordinates":[-75.3399,40.1215]}},{"type":"Feature","properties":{"country_code":"AUS","city":"Hobart","geoname_id":"2163355","h3_hexagon":602344208430268415,"downloaders":{"size":23,"mobile":2,"satellite":0,"tor":0,"tor_exit_nodes":0,"vpn":1,"relay":0,"proxy":0,"hosting":0,"service":0},"uploaders":{"size":4,"mobile":0,"satellite":0,"tor":0,"tor_exit_nodes":0,"vpn":0,"relay":0,"proxy":0,"hosting":0,"service":0}},"geometry":{"type":"Point","coordinates":[147.32941,-42.87936]}},{"type":"Feature","properties":{"country_code":"CAN","city":"Oakville","geoname_id":"6092122","h3_hexagon":599745889581400063,"downloaders":{"size":23,"mobile":0,"satellite":0,"tor":0,"tor_exit_nodes":0,"vpn":1,"relay":0,"proxy":0,"hosting":0,"service":0},"uploaders":{"size":8,"mobile":0,"satellite":0,"tor":0,"tor_exit_nodes":0,"vpn":0,"relay":0,"proxy":0,"hosting":0,"service":0}},"geometry":{"type":"Point","coordinates":[-79.68292,43.45011]}},{"type":"Feature","properties":{"country_code":"USA","city":"Englishtown","geoname_id":"5097686","h3_hexagon":599718985906257919,"downloaders":{"size":22,"mobile":0,"satellite":0,"tor":0,"tor_exit_nodes":0,"vpn":0,"relay":0,"proxy":0,"hosting":0,"service":0},"uploaders":{"size":14,"mobile":0,"satellite":0,"tor":0,"tor_exit_nodes":0,"vpn":0,"relay":0,"proxy":0,"hosting":0,"service":0}},"geometry":{"type":"Point","coordinates":[-74.3582,40.29733]}},{"type":"Feature","properties":{"country_code":"CHE","city":"Liestal","geoname_id":"2659891","h3_hexagon":599533149113810943,"downloaders":{"size":22,"mobile":0,"satellite":0,"tor":0,"tor_exit_nodes":0,"vpn":0,"relay":0,"proxy":0,"hosting":0,"service":0},"uploaders":{"size":9,"mobile":0,"satellite":0,"tor":0,"tor_exit_nodes":0,"vpn":0,"relay":0,"proxy":0,"hosting":0,"service":0}},"geometry":{"type":"Point","coordinates":[7.73446,47.48455]}},{"type":"Feature","properties":{"country_code":"MYS","city":"Johor Bahru","geoname_id":"1732752","h3_hexagon":600758183308296191,"downloaders":{"size":22,"mobile":12,"satellite":0,"tor":0,"tor_exit_nodes":0,"vpn":3,"relay":0,"proxy":0,"hosting":3,"service":3},"uploaders":{"size":6,"mobile":5,"satellite":0,"tor":0,"tor_exit_nodes":0,"vpn":1,"relay":0,"proxy":0,"hosting":1,"service":1}},"geometry":{"type":"Point","coordinates":[103.7578,1.4655]}},{"type":"Feature","properties":{"country_code":"USA","city":"Haledon","geoname_id":"5098794","h3_hexagon":599718745388089343,"downloaders":{"size":22,"mobile":0,"satellite":0,"tor":0,"tor_exit_nodes":0,"vpn":1,"relay":0,"proxy":0,"hosting":0,"service":0},"uploaders":{"size":9,"mobile":0,"satellite":0,"tor":0,"tor_exit_nodes":0,"vpn":0,"relay":0,"proxy":0,"hosting":0,"service":0}},"geometry":{"type":"Point","coordinates":[-74.18626,40.93565]}},{"type":"Feature","properties":{"country_code":"USA","city":"Palm Bay","geoname_id":"4167499","h3_hexagon":600186575774547967,"downloaders":{"size":22,"mobile":4,"satellite":0,"tor":0,"tor_exit_nodes":0,"vpn":0,"relay":0,"proxy":0,"hosting":0,"service":0},"uploaders":{"size":12,"mobile":0,"satellite":0,"tor":0,"tor_exit_nodes":0,"vpn":0,"relay":0,"proxy":0,"hosting":0,"service":0}},"geometry":{"type":"Point","coordinates":[-80.58866,28.03446]}},{"type":"Feature","properties":{"country_code":"USA","city":"Steelton","geoname_id":"5214040","h3_hexagon":599729619171540991,"downloaders":{"size":22,"mobile":0,"satellite":0,"tor":0,"tor_exit_nodes":0,"vpn":0,"relay":0,"proxy":0,"hosting":0,"service":0},"uploaders":{"size":10,"mobile":0,"satellite":0,"tor":0,"tor_exit_nodes":0,"vpn":0,"relay":0,"proxy":0,"hosting":0,"service":0}},"geometry":{"type":"Point","coordinates":[-76.84136,40.23537]}},{"type":"Feature","properties":{"country_code":"POL","city":"Łęczna","geoname_id":"766583","h3_hexagon":599509612693028863,"downloaders":{"size":21,"mobile":0,"satellite":0,"tor":0,"tor_exit_nodes":0,"vpn":0,"relay":0,"proxy":0,"hosting":0,"service":0},"uploaders":{"size":6,"mobile":0,"satellite":0,"tor":0,"tor_exit_nodes":0,"vpn":0,"relay":0,"proxy":0,"hosting":0,"service":0}},"geometry":{"type":"Point","coordinates":[22.88135,51.30121]}},{"type":"Feature","properties":{"country_code":"PAK","city":"Rawalpindi","geoname_id":"1166993","h3_hexagon":600147086771486719,"downloaders":{"size":21,"mobile":0,"satellite":0,"tor":0,"tor_exit_nodes":0,"vpn":0,"relay":2,"proxy":0,"hosting":3,"service":2},"uploaders":{"size":3,"mobile":0,"satellite":0,"tor":0,"tor_exit_nodes":0,"vpn":0,"relay":1,"proxy":0,"hosting":1,"service":1}},"geometry":{"type":"Point","coordinates":[73.0479,33.59733]}},{"type":"Feature","properties":{"country_code":"GBR","city":"Saint Peters","geoname_id":"2638703","h3_hexagon":599423555507060735,"downloaders":{"size":21,"mobile":0,"satellite":0,"tor":0,"tor_exit_nodes":0,"vpn":0,"relay":0,"proxy":0,"hosting":0,"service":0},"uploaders":{"size":11,"mobile":0,"satellite":0,"tor":0,"tor_exit_nodes":0,"vpn":0,"relay":0,"proxy":0,"hosting":0,"service":0}},"geometry":{"type":"Point","coordinates":[1.41667,51.36667]}},{"type":"Feature","properties":{"country_code":"USA","city":"Milpitas","geoname_id":"5373327","h3_hexagon":599686044580839423,"downloaders":{"size":21,"mobile":0,"satellite":0,"tor":0,"tor_exit_nodes":0,"vpn":0,"relay":0,"proxy":0,"hosting":0,"service":0},"uploaders":{"size":7,"mobile":0,"satellite":0,"tor":0,"tor_exit_nodes":0,"vpn":0,"relay":0,"proxy":0,"hosting":0,"service":0}},"geometry":{"type":"Point","coordinates":[-121.90662,37.42827]}},{"type":"Feature","properties":{"country_code":"UGA","city":"Kampala","geoname_id":"232422","h3_hexagon":600857306858520575,"downloaders":{"size":21,"mobile":9,"satellite":0,"tor":0,"tor_exit_nodes":0,"vpn":1,"relay":0,"proxy":0,"hosting":0,"service":0},"uploaders":{"size":14,"mobile":7,"satellite":0,"tor":0,"tor_exit_nodes":0,"vpn":0,"relay":0,"proxy":0,"hosting":0,"service":0}},"geometry":{"type":"Point","coordinates":[32.58219,0.31628]}},{"type":"Feature","properties":{"country_code":"SWE","city":"Karlstad","geoname_id":"2701680","h3_hexagon":599131928301404159,"downloaders":{"size":21,"mobile":0,"satellite":0,"tor":0,"tor_exit_nodes":0,"vpn":10,"relay":0,"proxy":0,"hosting":0,"service":0},"uploaders":{"size":12,"mobile":0,"satellite":0,"tor":0,"tor_exit_nodes":0,"vpn":10,"relay":0,"proxy":0,"hosting":0,"service":0}},"geometry":{"type":"Point","coordinates":[13.50357,59.3793]}},{"type":"Feature","properties":{"country_code":"SVN","city":"Kamnik","geoname_id":"3198365","h3_hexagon":599507801290571775,"downloaders":{"size":21,"mobile":0,"satellite":0,"tor":0,"tor_exit_nodes":0,"vpn":0,"relay":0,"proxy":0,"hosting":0,"service":0},"uploaders":{"size":12,"mobile":0,"satellite":0,"tor":0,"tor_exit_nodes":0,"vpn":0,"relay":0,"proxy":0,"hosting":0,"service":0}},"geometry":{"type":"Point","coordinates":[14.61207,46.22587]}},{"type":"Feature","properties":{"country_code":"USA","city":"Fort Wayne","geoname_id":"4920423","h3_hexagon":599727986010226687,"downloaders":{"size":21,"mobile":0,"satellite":0,"tor":0,"tor_exit_nodes":0,"vpn":0,"relay":0,"proxy":0,"hosting":0,"service":0},"uploaders":{"size":12,"mobile":0,"satellite":0,"tor":0,"tor_exit_nodes":0,"vpn":0,"relay":0,"proxy":0,"hosting":0,"service":0}},"geometry":{"type":"Point","coordinates":[-85.12886,41.1306]}},{"type":"Feature","properties":{"country_code":"NOR","city":"Asker","geoname_id":"3162657","h3_hexagon":599147595268358143,"downloaders":{"size":21,"mobile":0,"satellite":0,"tor":0,"tor_exit_nodes":0,"vpn":0,"relay":0,"proxy":0,"hosting":0,"service":0},"uploaders":{"size":9,"mobile":0,"satellite":0,"tor":0,"tor_exit_nodes":0,"vpn":0,"relay":0,"proxy":0,"hosting":0,"service":0}},"geometry":{"type":"Point","coordinates":[10.43721,59.83333]}},{"type":"Feature","properties":{"country_code":"USA","city":"Longmont","geoname_id":"5579276","h3_hexagon":599658957295845375,"downloaders":{"size":20,"mobile":0,"satellite":0,"tor":0,"tor_exit_nodes":0,"vpn":1,"relay":0,"proxy":0,"hosting":0,"service":0},"uploaders":{"size":3,"mobile":0,"satellite":0,"tor":0,"tor_exit_nodes":0,"vpn":0,"relay":0,"proxy":0,"hosting":0,"service":0}},"geometry":{"type":"Point","coordinates":[-105.10193,40.16721]}},{"type":"Feature","properties":{"country_code":"DEU","city":"Limburg an der Lahn","geoname_id":"2877648","h3_hexagon":599536105125052415,"downloaders":{"size":20,"mobile":0,"satellite":0,"tor":0,"tor_exit_nodes":0,"vpn":1,"relay":0,"proxy":0,"hosting":1,"service":0},"uploaders":{"size":9,"mobile":0,"satellite":0,"tor":0,"tor_exit_nodes":0,"vpn":0,"relay":0,"proxy":0,"hosting":0,"service":0}},"geometry":{"type":"Point","coordinates":[8.0503,50.3836]}},{"type":"Feature","properties":{"country_code":"GBR","city":"Peterborough","geoname_id":"2640354","h3_hexagon":599423161443811327,"downloaders":{"size":20,"mobile":0,"satellite":0,"tor":0,"tor_exit_nodes":0,"vpn":0,"relay":0,"proxy":0,"hosting":20,"service":0},"uploaders":{"size":13,"mobile":0,"satellite":0,"tor":0,"tor_exit_nodes":0,"vpn":0,"relay":0,"proxy":0,"hosting":13,"service":0}},"geometry":{"type":"Point","coordinates":[-0.24777,52.57364]}},{"type":"Feature","properties":{"country_code":"IND","city":"Surat","geoname_id":"1255364","h3_hexagon":600154804827717631,"downloaders":{"size":20,"mobile":1,"satellite":0,"tor":0,"tor_exit_nodes":0,"vpn":0,"relay":0,"proxy":0,"hosting":0,"service":0},"uploaders":{"size":6,"mobile":0,"satellite":0,"tor":0,"tor_exit_nodes":0,"vpn":0,"relay":0,"proxy":0,"hosting":0,"service":0}},"geometry":{"type":"Point","coordinates":[72.83023,21.19594]}},{"type":"Feature","properties":{"country_code":"USA","city":"Ellicott City","geoname_id":"4354265","h3_hexagon":599729222960807935,"downloaders":{"size":19,"mobile":0,"satellite":0,"tor":0,"tor_exit_nodes":0,"vpn":0,"relay":0,"proxy":0,"hosting":0,"service":0},"uploaders":{"size":4,"mobile":0,"satellite":0,"tor":0,"tor_exit_nodes":0,"vpn":0,"relay":0,"proxy":0,"hosting":0,"service":0}},"geometry":{"type":"Point","coordinates":[-76.79831,39.26733]}},{"type":"Feature","properties":{"country_code":"USA","city":"Carrollton","geoname_id":"4679195","h3_hexagon":599661025322598399,"downloaders":{"size":19,"mobile":0,"satellite":0,"tor":0,"tor_exit_nodes":0,"vpn":0,"relay":0,"proxy":0,"hosting":0,"service":0},"uploaders":{"size":3,"mobile":0,"satellite":0,"tor":0,"tor_exit_nodes":0,"vpn":0,"relay":0,"proxy":0,"hosting":0,"service":0}},"geometry":{"type":"Point","coordinates":[-96.89028,32.95373]}},{"type":"Feature","properties":{"country_code":"USA","city":"Fresno","geoname_id":"5350937","h3_hexagon":599711822974550015,"downloaders":{"size":19,"mobile":0,"satellite":0,"tor":0,"tor_exit_nodes":0,"vpn":0,"relay":0,"proxy":0,"hosting":0,"service":0},"uploaders":{"size":6,"mobile":0,"satellite":0,"tor":0,"tor_exit_nodes":0,"vpn":0,"relay":0,"proxy":0,"hosting":0,"service":0}},"geometry":{"type":"Point","coordinates":[-119.77237,36.74773]}},{"type":"Feature","properties":{"country_code":"FRA","city":"Guénange","geoname_id":"3014407","h3_hexagon":599535329883455487,"downloaders":{"size":19,"mobile":0,"satellite":0,"tor":0,"tor_exit_nodes":0,"vpn":0,"relay":0,"proxy":0,"hosting":0,"service":0},"uploaders":{"size":3,"mobile":0,"satellite":0,"tor":0,"tor_exit_nodes":0,"vpn":0,"relay":0,"proxy":0,"hosting":0,"service":0}},"geometry":{"type":"Point","coordinates":[6.20535,49.29945]}},{"type":"Feature","properties":{"country_code":"CHL","city":"Valparaíso","geoname_id":"3868626","h3_hexagon":602123631794847743,"downloaders":{"size":19,"mobile":0,"satellite":0,"tor":0,"tor_exit_nodes":0,"vpn":0,"relay":0,"proxy":0,"hosting":0,"service":0},"uploaders":{"size":6,"mobile":0,"satellite":0,"tor":0,"tor_exit_nodes":0,"vpn":0,"relay":0,"proxy":0,"hosting":0,"service":0}},"geometry":{"type":"Point","coordinates":[-71.62963,-33.036]}},{"type":"Feature","properties":{"country_code":"IND","city":"Lucknow","geoname_id":"1264733","h3_hexagon":600061619069779967,"downloaders":{"size":19,"mobile":7,"satellite":0,"tor":0,"tor_exit_nodes":0,"vpn":0,"relay":0,"proxy":0,"hosting":0,"service":0},"uploaders":{"size":5,"mobile":3,"satellite":0,"tor":0,"tor_exit_nodes":0,"vpn":0,"relay":0,"proxy":0,"hosting":0,"service":0}},"geometry":{"type":"Point","coordinates":[80.92313,26.83928]}},{"type":"Feature","properties":{"country_code":"NOR","city":"Jørpeland","geoname_id":"3150742","h3_hexagon":599146027605295103,"downloaders":{"size":19,"mobile":0,"satellite":0,"tor":0,"tor_exit_nodes":0,"vpn":0,"relay":0,"proxy":0,"hosting":0,"service":0},"uploaders":{"size":12,"mobile":0,"satellite":0,"tor":0,"tor_exit_nodes":0,"vpn":0,"relay":0,"proxy":0,"hosting":0,"service":0}},"geometry":{"type":"Point","coordinates":[6.04078,59.02251]}},{"type":"Feature","properties":{"country_code":"USA","city":"Honolulu","geoname_id":"5856195","h3_hexagon":600215398226329599,"downloaders":{"size":18,"mobile":0,"satellite":0,"tor":0,"tor_exit_nodes":0,"vpn":2,"relay":0,"proxy":0,"hosting":2,"service":2},"uploaders":{"size":3,"mobile":0,"satellite":0,"tor":0,"tor_exit_nodes":0,"vpn":0,"relay":0,"proxy":0,"hosting":0,"service":0}},"geometry":{"type":"Point","coordinates":[-157.85833,21.30694]}},{"type":"Feature","properties":{"country_code":"DEU","city":"Darmstadt","geoname_id":"2938913","h3_hexagon":599536081502732287,"downloaders":{"size":18,"mobile":0,"satellite":0,"tor":0,"tor_exit_nodes":0,"vpn":0,"relay":0,"proxy":0,"hosting":0,"service":0},"uploaders":{"size":4,"mobile":0,"satellite":0,"tor":0,"tor_exit_nodes":0,"vpn":0,"relay":0,"proxy":0,"hosting":0,"service":0}},"geometry":{"type":"Point","coordinates":[8.65027,49.87167]}},{"type":"Feature","properties":{"country_code":"USA","city":"Orland Park","geoname_id":"4904937","h3_hexagon":599654143711248383,"downloaders":{"size":18,"mobile":1,"satellite":0,"tor":0,"tor_exit_nodes":0,"vpn":3,"relay":0,"proxy":0,"hosting":0,"service":0},"uploaders":{"size":12,"mobile":0,"satellite":0,"tor":0,"tor_exit_nodes":0,"vpn":0,"relay":0,"proxy":0,"hosting":0,"service":0}},"geometry":{"type":"Point","coordinates":[-87.85394,41.63031]}},{"type":"Feature","properties":{"country_code":"USA","city":"Rosemount","geoname_id":"5043779","h3_hexagon":599650335148998655,"downloaders":{"size":18,"mobile":0,"satellite":0,"tor":0,"tor_exit_nodes":0,"vpn":0,"relay":0,"proxy":0,"hosting":0,"service":0},"uploaders":{"size":3,"mobile":0,"satellite":0,"tor":0,"tor_exit_nodes":0,"vpn":0,"relay":0,"proxy":0,"hosting":0,"service":0}},"geometry":{"type":"Point","coordinates":[-93.12577,44.73941]}},{"type":"Feature","properties":{"country_code":"CAN","city":"Cambridge","geoname_id":"5913695","h3_hexagon":599730028267175935,"downloaders":{"size":18,"mobile":0,"satellite":0,"tor":0,"tor_exit_nodes":0,"vpn":0,"relay":0,"proxy":0,"hosting":0,"service":0},"uploaders":{"size":7,"mobile":0,"satellite":0,"tor":0,"tor_exit_nodes":0,"vpn":0,"relay":0,"proxy":0,"hosting":0,"service":0}},"geometry":{"type":"Point","coordinates":[-80.31269,43.3601]}},{"type":"Feature","properties":{"country_code":"USA","city":"Sioux Falls","geoname_id":"5231851","h3_hexagon":599647301828345855,"downloaders":{"size":18,"mobile":0,"satellite":0,"tor":0,"tor_exit_nodes":0,"vpn":1,"relay":0,"proxy":0,"hosting":1,"service":1},"uploaders":{"size":10,"mobile":0,"satellite":0,"tor":0,"tor_exit_nodes":0,"vpn":0,"relay":0,"proxy":0,"hosting":0,"service":0}},"geometry":{"type":"Point","coordinates":[-96.72796,43.54369]}},{"type":"Feature","properties":{"country_code":"USA","city":"Hayward","geoname_id":"5355933","h3_hexagon":599686041359613951,"downloaders":{"size":18,"mobile":0,"satellite":0,"tor":0,"tor_exit_nodes":0,"vpn":0,"relay":0,"proxy":0,"hosting":0,"service":0},"uploaders":{"size":11,"mobile":0,"satellite":0,"tor":0,"tor_exit_nodes":0,"vpn":0,"relay":0,"proxy":0,"hosting":0,"service":0}},"geometry":{"type":"Point","coordinates":[-122.0808,37.66882]}},{"type":"Feature","properties":{"country_code":"USA","city":"Huntsville","geoname_id":"4068590","h3_hexagon":599652317276405759,"downloaders":{"size":18,"mobile":2,"satellite":3,"tor":0,"tor_exit_nodes":0,"vpn":0,"relay":0,"proxy":0,"hosting":0,"service":0},"uploaders":{"size":3,"mobile":0,"satellite":2,"tor":0,"tor_exit_nodes":0,"vpn":0,"relay":0,"proxy":0,"hosting":0,"service":0}},"geometry":{"type":"Point","coordinates":[-86.58594,34.7304]}},{"type":"Feature","properties":{"country_code":"BEL","city":"Hasselt","geoname_id":"2796491","h3_hexagon":599535143052378111,"downloaders":{"size":18,"mobile":7,"satellite":0,"tor":0,"tor_exit_nodes":0,"vpn":0,"relay":0,"proxy":0,"hosting":0,"service":0},"uploaders":{"size":9,"mobile":0,"satellite":0,"tor":0,"tor_exit_nodes":0,"vpn":0,"relay":0,"proxy":0,"hosting":0,"service":0}},"geometry":{"type":"Point","coordinates":[5.33781,50.93106]}},{"type":"Feature","properties":{"country_code":"USA","city":"Fairfield","geoname_id":"5347335","h3_hexagon":599685739638161407,"downloaders":{"size":17,"mobile":0,"satellite":0,"tor":0,"tor_exit_nodes":0,"vpn":1,"relay":0,"proxy":0,"hosting":0,"service":0},"uploaders":{"size":13,"mobile":0,"satellite":0,"tor":0,"tor_exit_nodes":0,"vpn":0,"relay":0,"proxy":0,"hosting":0,"service":0}},"geometry":{"type":"Point","coordinates":[-122.03997,38.24936]}},{"type":"Feature","properties":{"country_code":"USA","city":"Grafton","geoname_id":"4938048","h3_hexagon":599721179560804351,"downloaders":{"size":17,"mobile":0,"satellite":0,"tor":0,"tor_exit_nodes":0,"vpn":0,"relay":0,"proxy":0,"hosting":0,"service":0},"uploaders":{"size":4,"mobile":0,"satellite":0,"tor":0,"tor_exit_nodes":0,"vpn":0,"relay":0,"proxy":0,"hosting":0,"service":0}},"geometry":{"type":"Point","coordinates":[-71.68562,42.20704]}},{"type":"Feature","properties":{"country_code":"NLD","city":"Groningen","geoname_id":"2755251","h3_hexagon":599426082021572607,"downloaders":{"size":17,"mobile":1,"satellite":0,"tor":1,"tor_exit_nodes":0,"vpn":1,"relay":0,"proxy":0,"hosting":0,"service":0},"uploaders":{"size":4,"mobile":0,"satellite":0,"tor":0,"tor_exit_nodes":0,"vpn":0,"relay":0,"proxy":0,"hosting":0,"service":0}},"geometry":{"type":"Point","coordinates":[6.56667,53.21917]}},{"type":"Feature","properties":{"country_code":"USA","city":"Wenatchee","geoname_id":"5815342","h3_hexagon":599697179283554303,"downloaders":{"size":17,"mobile":0,"satellite":0,"tor":0,"tor_exit_nodes":0,"vpn":0,"relay":0,"proxy":0,"hosting":0,"service":0},"uploaders":{"size":13,"mobile":0,"satellite":0,"tor":0,"tor_exit_nodes":0,"vpn":0,"relay":0,"proxy":0,"hosting":0,"service":0}},"geometry":{"type":"Point","coordinates":[-120.31035,47.42346]}},{"type":"Feature","properties":{"country_code":"USA","city":"Bradford Woods","geoname_id":"5181428","h3_hexagon":599726711478681599,"downloaders":{"size":17,"mobile":0,"satellite":0,"tor":0,"tor_exit_nodes":0,"vpn":0,"relay":0,"proxy":0,"hosting":0,"service":0},"uploaders":{"size":3,"mobile":0,"satellite":0,"tor":0,"tor_exit_nodes":0,"vpn":0,"relay":0,"proxy":0,"hosting":0,"service":0}},"geometry":{"type":"Point","coordinates":[-80.08172,40.63757]}},{"type":"Feature","properties":{"country_code":"USA","city":"Huntington Station","geoname_id":"5121650","h3_hexagon":599718772231634943,"downloaders":{"size":17,"mobile":0,"satellite":0,"tor":0,"tor_exit_nodes":0,"vpn":0,"relay":0,"proxy":0,"hosting":0,"service":0},"uploaders":{"size":3,"mobile":0,"satellite":0,"tor":0,"tor_exit_nodes":0,"vpn":0,"relay":0,"proxy":0,"hosting":0,"service":0}},"geometry":{"type":"Point","coordinates":[-73.41151,40.85343]}},{"type":"Feature","properties":{"country_code":"PAK","city":"Peshawar","geoname_id":"1168197","h3_hexagon":600147362723135487,"downloaders":{"size":17,"mobile":0,"satellite":0,"tor":0,"tor_exit_nodes":0,"vpn":0,"relay":0,"proxy":0,"hosting":0,"service":0},"uploaders":{"size":10,"mobile":0,"satellite":0,"tor":0,"tor_exit_nodes":0,"vpn":0,"relay":0,"proxy":0,"hosting":0,"service":0}},"geometry":{"type":"Point","coordinates":[71.57849,34.008]}},{"type":"Feature","properties":{"country_code":"CAN","city":"Saanich","geoname_id":"6136944","h3_hexagon":599696814211334143,"downloaders":{"size":16,"mobile":1,"satellite":0,"tor":0,"tor_exit_nodes":0,"vpn":1,"relay":0,"proxy":0,"hosting":0,"service":0},"uploaders":{"size":9,"mobile":0,"satellite":0,"tor":0,"tor_exit_nodes":0,"vpn":0,"relay":0,"proxy":0,"hosting":0,"service":0}},"geometry":{"type":"Point","coordinates":[-123.36931,48.54964]}},{"type":"Feature","properties":{"country_code":"USA","city":"Tacoma","geoname_id":"5812944","h3_hexagon":599697127743946751,"downloaders":{"size":16,"mobile":0,"satellite":0,"tor":0,"tor_exit_nodes":0,"vpn":2,"relay":0,"proxy":0,"hosting":0,"service":0},"uploaders":{"size":3,"mobile":0,"satellite":0,"tor":0,"tor_exit_nodes":0,"vpn":0,"relay":0,"proxy":0,"hosting":0,"service":0}},"geometry":{"type":"Point","coordinates":[-122.44429,47.25288]}},{"type":"Feature","properties":{"country_code":"USA","city":"Clearwater","geoname_id":"4151316","h3_hexagon":600176842304913407,"downloaders":{"size":16,"mobile":0,"satellite":0,"tor":0,"tor_exit_nodes":0,"vpn":0,"relay":0,"proxy":0,"hosting":0,"service":0},"uploaders":{"size":8,"mobile":0,"satellite":0,"tor":0,"tor_exit_nodes":0,"vpn":0,"relay":0,"proxy":0,"hosting":0,"service":0}},"geometry":{"type":"Point","coordinates":[-82.8001,27.96585]}},{"type":"Feature","properties":{"country_code":"BRA","city":"São Carlos","geoname_id":"3449319","h3_hexagon":601936345450938367,"downloaders":{"size":16,"mobile":0,"satellite":0,"tor":0,"tor_exit_nodes":0,"vpn":0,"relay":0,"proxy":0,"hosting":0,"service":0},"uploaders":{"size":3,"mobile":0,"satellite":0,"tor":0,"tor_exit_nodes":0,"vpn":0,"relay":0,"proxy":0,"hosting":0,"service":0}},"geometry":{"type":"Point","coordinates":[-47.89083,-22.0175]}},{"type":"Feature","properties":{"country_code":"NZL","city":"Ashburton","geoname_id":"6217081","h3_hexagon":602824122707214335,"downloaders":{"size":16,"mobile":0,"satellite":0,"tor":0,"tor_exit_nodes":0,"vpn":1,"relay":0,"proxy":0,"hosting":0,"service":0},"uploaders":{"size":10,"mobile":0,"satellite":0,"tor":0,"tor_exit_nodes":0,"vpn":0,"relay":0,"proxy":0,"hosting":0,"service":0}},"geometry":{"type":"Point","coordinates":[171.73011,-43.89834]}},{"type":"Feature","properties":{"country_code":"ESP","city":"Arona","geoname_id":"2521582","h3_hexagon":599898021617991679,"downloaders":{"size":16,"mobile":0,"satellite":0,"tor":0,"tor_exit_nodes":0,"vpn":0,"relay":0,"proxy":0,"hosting":0,"service":0},"uploaders":{"size":11,"mobile":0,"satellite":0,"tor":0,"tor_exit_nodes":0,"vpn":0,"relay":0,"proxy":0,"hosting":0,"service":0}},"geometry":{"type":"Point","coordinates":[-16.68102,28.09962]}},{"type":"Feature","properties":{"country_code":"USA","city":"Castro Valley","geoname_id":"5334928","h3_hexagon":599685778292867071,"downloaders":{"size":16,"mobile":0,"satellite":0,"tor":0,"tor_exit_nodes":0,"vpn":0,"relay":0,"proxy":0,"hosting":0,"service":0},"uploaders":{"size":3,"mobile":0,"satellite":0,"tor":0,"tor_exit_nodes":0,"vpn":0,"relay":0,"proxy":0,"hosting":0,"service":0}},"geometry":{"type":"Point","coordinates":[-122.08635,37.6941]}},{"type":"Feature","properties":{"country_code":"POL","city":"Iwkowa","geoname_id":"770762","h3_hexagon":599509455926722559,"downloaders":{"size":15,"mobile":5,"satellite":0,"tor":0,"tor_exit_nodes":0,"vpn":0,"relay":0,"proxy":0,"hosting":0,"service":0},"uploaders":{"size":5,"mobile":5,"satellite":0,"tor":0,"tor_exit_nodes":0,"vpn":0,"relay":0,"proxy":0,"hosting":0,"service":0}},"geometry":{"type":"Point","coordinates":[20.59018,49.81716]}},{"type":"Feature","properties":{"country_code":"CAN","city":"Drumheller","geoname_id":"5942798","h3_hexagon":599311612553199615,"downloaders":{"size":15,"mobile":0,"satellite":0,"tor":0,"tor_exit_nodes":0,"vpn":0,"relay":0,"proxy":0,"hosting":0,"service":0},"uploaders":{"size":8,"mobile":0,"satellite":0,"tor":0,"tor_exit_nodes":0,"vpn":0,"relay":0,"proxy":0,"hosting":0,"service":0}},"geometry":{"type":"Point","coordinates":[-112.71011,51.46171]}},{"type":"Feature","properties":{"country_code":"FIN","city":"Myyrmäki","geoname_id":"847422","h3_hexagon":599130032073342975,"downloaders":{"size":15,"mobile":0,"satellite":0,"tor":0,"tor_exit_nodes":0,"vpn":0,"relay":0,"proxy":0,"hosting":0,"service":0},"uploaders":{"size":12,"mobile":0,"satellite":0,"tor":0,"tor_exit_nodes":0,"vpn":0,"relay":0,"proxy":0,"hosting":0,"service":0}},"geometry":{"type":"Point","coordinates":[24.84713,60.26711]}},{"type":"Feature","properties":{"country_code":"NLD","city":"Vught","geoname_id":"2745154","h3_hexagon":599535427593961471,"downloaders":{"size":15,"mobile":0,"satellite":0,"tor":0,"tor_exit_nodes":0,"vpn":0,"relay":0,"proxy":0,"hosting":0,"service":0},"uploaders":{"size":9,"mobile":0,"satellite":0,"tor":0,"tor_exit_nodes":0,"vpn":0,"relay":0,"proxy":0,"hosting":0,"service":0}},"geometry":{"type":"Point","coordinates":[5.2875,51.65333]}},{"type":"Feature","properties":{"country_code":"USA","city":"Binghamton","geoname_id":"5109177","h3_hexagon":599729018949861375,"downloaders":{"size":15,"mobile":0,"satellite":0,"tor":0,"tor_exit_nodes":0,"vpn":9,"relay":0,"proxy":0,"hosting":9,"service":9},"uploaders":{"size":10,"mobile":0,"satellite":0,"tor":0,"tor_exit_nodes":0,"vpn":8,"relay":0,"proxy":0,"hosting":8,"service":8}},"geometry":{"type":"Point","coordinates":[-75.91797,42.09869]}},{"type":"Feature","properties":{"country_code":"USA","city":"Allentown","geoname_id":"5178127","h3_hexagon":599718891416977407,"downloaders":{"size":15,"mobile":0,"satellite":0,"tor":0,"tor_exit_nodes":0,"vpn":0,"relay":0,"proxy":0,"hosting":0,"service":0},"uploaders":{"size":3,"mobile":0,"satellite":0,"tor":0,"tor_exit_nodes":0,"vpn":0,"relay":0,"proxy":0,"hosting":0,"service":0}},"geometry":{"type":"Point","coordinates":[-75.49018,40.60843]}},{"type":"Feature","properties":{"country_code":"USA","city":"Schertz","geoname_id":"4727326","h3_hexagon":600256131696164863,"downloaders":{"size":15,"mobile":2,"satellite":0,"tor":0,"tor_exit_nodes":0,"vpn":0,"relay":0,"proxy":0,"hosting":0,"service":0},"uploaders":{"size":11,"mobile":0,"satellite":0,"tor":0,"tor_exit_nodes":0,"vpn":0,"relay":0,"proxy":0,"hosting":0,"service":0}},"geometry":{"type":"Point","coordinates":[-98.26973,29.55217]}},{"type":"Feature","properties":{"country_code":"USA","city":"Manchester","geoname_id":"5089178","h3_hexagon":599720945485086719,"downloaders":{"size":15,"mobile":0,"satellite":0,"tor":0,"tor_exit_nodes":0,"vpn":0,"relay":0,"proxy":0,"hosting":0,"service":0},"uploaders":{"size":3,"mobile":0,"satellite":0,"tor":0,"tor_exit_nodes":0,"vpn":0,"relay":0,"proxy":0,"hosting":0,"service":0}},"geometry":{"type":"Point","coordinates":[-71.45479,42.99564]}},{"type":"Feature","properties":{"country_code":"DEU","city":"Wald-Michelbach","geoname_id":"2814853","h3_hexagon":599535830247145471,"downloaders":{"size":15,"mobile":0,"satellite":0,"tor":0,"tor_exit_nodes":0,"vpn":0,"relay":0,"proxy":0,"hosting":0,"service":0},"uploaders":{"size":6,"mobile":0,"satellite":0,"tor":0,"tor_exit_nodes":0,"vpn":0,"relay":0,"proxy":0,"hosting":0,"service":0}},"geometry":{"type":"Point","coordinates":[8.83167,49.57]}},{"type":"Feature","properties":{"country_code":"USA","city":"Asheville","geoname_id":"4453066","h3_hexagon":600189966651228159,"downloaders":{"size":15,"mobile":0,"satellite":0,"tor":0,"tor_exit_nodes":0,"vpn":0,"relay":0,"proxy":0,"hosting":0,"service":0},"uploaders":{"size":6,"mobile":0,"satellite":0,"tor":0,"tor_exit_nodes":0,"vpn":0,"relay":0,"proxy":0,"hosting":0,"service":0}},"geometry":{"type":"Point","coordinates":[-82.55402,35.60095]}},{"type":"Feature","properties":{"country_code":"USA","city":"Sparks","geoname_id":"5512862","h3_hexagon":599709448931377151,"downloaders":{"size":15,"mobile":0,"satellite":0,"tor":0,"tor_exit_nodes":0,"vpn":0,"relay":0,"proxy":0,"hosting":0,"service":0},"uploaders":{"size":4,"mobile":0,"satellite":0,"tor":0,"tor_exit_nodes":0,"vpn":0,"relay":0,"proxy":0,"hosting":0,"service":0}},"geometry":{"type":"Point","coordinates":[-119.75269,39.534910000000004]}},{"type":"Feature","properties":{"country_code":"USA","city":"North Highlands","geoname_id":"5377640","h3_hexagon":599685924321755135,"downloaders":{"size":15,"mobile":0,"satellite":0,"tor":0,"tor_exit_nodes":0,"vpn":0,"relay":0,"proxy":0,"hosting":0,"service":0},"uploaders":{"size":9,"mobile":0,"satellite":0,"tor":0,"tor_exit_nodes":0,"vpn":0,"relay":0,"proxy":0,"hosting":0,"service":0}},"geometry":{"type":"Point","coordinates":[-121.37217,38.68574]}},{"type":"Feature","properties":{"country_code":"USA","city":"Lavon","geoname_id":"4705584","h3_hexagon":599661007068987391,"downloaders":{"size":15,"mobile":0,"satellite":0,"tor":0,"tor_exit_nodes":0,"vpn":0,"relay":0,"proxy":0,"hosting":0,"service":0},"uploaders":{"size":6,"mobile":0,"satellite":0,"tor":0,"tor_exit_nodes":0,"vpn":0,"relay":0,"proxy":0,"hosting":0,"service":0}},"geometry":{"type":"Point","coordinates":[-96.43415,33.02762]}},{"type":"Feature","properties":{"country_code":"USA","city":"Oak Park","geoname_id":"4904381","h3_hexagon":599654180218470399,"downloaders":{"size":15,"mobile":0,"satellite":0,"tor":0,"tor_exit_nodes":0,"vpn":0,"relay":0,"proxy":0,"hosting":0,"service":0},"uploaders":{"size":7,"mobile":0,"satellite":0,"tor":0,"tor_exit_nodes":0,"vpn":0,"relay":0,"proxy":0,"hosting":0,"service":0}},"geometry":{"type":"Point","coordinates":[-87.7845,41.88503]}},{"type":"Feature","properties":{"country_code":"USA","city":"O'Fallon","geoname_id":"4401242","h3_hexagon":599652079979462655,"downloaders":{"size":15,"mobile":0,"satellite":0,"tor":0,"tor_exit_nodes":0,"vpn":0,"relay":1,"proxy":0,"hosting":1,"service":1},"uploaders":{"size":9,"mobile":0,"satellite":0,"tor":0,"tor_exit_nodes":0,"vpn":0,"relay":0,"proxy":0,"hosting":0,"service":0}},"geometry":{"type":"Point","coordinates":[-90.69985,38.81061]}},{"type":"Feature","properties":{"country_code":"USA","city":"Chapel Hill","geoname_id":"4460162","h3_hexagon":599727219358564351,"downloaders":{"size":15,"mobile":2,"satellite":0,"tor":0,"tor_exit_nodes":0,"vpn":0,"relay":0,"proxy":0,"hosting":0,"service":0},"uploaders":{"size":13,"mobile":0,"satellite":0,"tor":0,"tor_exit_nodes":0,"vpn":0,"relay":0,"proxy":0,"hosting":0,"service":0}},"geometry":{"type":"Point","coordinates":[-79.05584,35.9132]}},{"type":"Feature","properties":{"country_code":"MYS","city":"Rawang","geoname_id":"1735150","h3_hexagon":600755938114142207,"downloaders":{"size":15,"mobile":0,"satellite":0,"tor":0,"tor_exit_nodes":0,"vpn":0,"relay":0,"proxy":0,"hosting":0,"service":0},"uploaders":{"size":6,"mobile":0,"satellite":0,"tor":0,"tor_exit_nodes":0,"vpn":0,"relay":0,"proxy":0,"hosting":0,"service":0}},"geometry":{"type":"Point","coordinates":[101.5767,3.3213]}},{"type":"Feature","properties":{"country_code":"USA","city":"Madison","geoname_id":"5261457","h3_hexagon":599670894083702783,"downloaders":{"size":15,"mobile":0,"satellite":0,"tor":0,"tor_exit_nodes":0,"vpn":1,"relay":0,"proxy":0,"hosting":0,"service":0},"uploaders":{"size":3,"mobile":0,"satellite":0,"tor":0,"tor_exit_nodes":0,"vpn":0,"relay":0,"proxy":0,"hosting":0,"service":0}},"geometry":{"type":"Point","coordinates":[-89.40123,43.07305]}},{"type":"Feature","properties":{"country_code":"DEU","city":"Neustadt am Rübenberge","geoname_id":"2864058","h3_hexagon":599525218456698879,"downloaders":{"size":15,"mobile":0,"satellite":0,"tor":0,"tor_exit_nodes":0,"vpn":0,"relay":0,"proxy":0,"hosting":1,"service":0},"uploaders":{"size":4,"mobile":0,"satellite":0,"tor":0,"tor_exit_nodes":0,"vpn":0,"relay":0,"proxy":0,"hosting":0,"service":0}},"geometry":{"type":"Point","coordinates":[9.45871,52.50462]}},{"type":"Feature","properties":{"country_code":"USA","city":"Vallejo","geoname_id":"5405380","h3_hexagon":599685742859386879,"downloaders":{"size":15,"mobile":0,"satellite":0,"tor":0,"tor_exit_nodes":0,"vpn":0,"relay":0,"proxy":0,"hosting":0,"service":0},"uploaders":{"size":11,"mobile":0,"satellite":0,"tor":0,"tor_exit_nodes":0,"vpn":0,"relay":0,"proxy":0,"hosting":0,"service":0}},"geometry":{"type":"Point","coordinates":[-122.25664,38.10409]}},{"type":"Feature","properties":{"country_code":"DEU","city":"Rostock","geoname_id":"2844588","h3_hexagon":599524135051198463,"downloaders":{"size":15,"mobile":0,"satellite":0,"tor":0,"tor_exit_nodes":0,"vpn":14,"relay":0,"proxy":0,"hosting":14,"service":14},"uploaders":{"size":13,"mobile":0,"satellite":0,"tor":0,"tor_exit_nodes":0,"vpn":13,"relay":0,"proxy":0,"hosting":13,"service":13}},"geometry":{"type":"Point","coordinates":[12.14049,54.0887]}},{"type":"Feature","properties":{"country_code":"USA","city":"Lacey","geoname_id":"5800112","h3_hexagon":599699164632186879,"downloaders":{"size":14,"mobile":0,"satellite":0,"tor":0,"tor_exit_nodes":0,"vpn":0,"relay":0,"proxy":0,"hosting":0,"service":0},"uploaders":{"size":13,"mobile":0,"satellite":0,"tor":0,"tor_exit_nodes":0,"vpn":0,"relay":0,"proxy":0,"hosting":0,"service":0}},"geometry":{"type":"Point","coordinates":[-122.82319,47.03426]}},{"type":"Feature","properties":{"country_code":"USA","city":"Spokane","geoname_id":"5811696","h3_hexagon":599310491566735359,"downloaders":{"size":14,"mobile":0,"satellite":0,"tor":0,"tor_exit_nodes":0,"vpn":2,"relay":0,"proxy":0,"hosting":0,"service":0},"uploaders":{"size":3,"mobile":0,"satellite":0,"tor":0,"tor_exit_nodes":0,"vpn":2,"relay":0,"proxy":0,"hosting":0,"service":0}},"geometry":{"type":"Point","coordinates":[-117.42908,47.65966]}},{"type":"Feature","properties":{"country_code":"USA","city":"Dover","geoname_id":"4142290","h3_hexagon":599729534345936895,"downloaders":{"size":14,"mobile":0,"satellite":0,"tor":0,"tor_exit_nodes":0,"vpn":0,"relay":0,"proxy":0,"hosting":0,"service":0},"uploaders":{"size":9,"mobile":0,"satellite":0,"tor":0,"tor_exit_nodes":0,"vpn":0,"relay":0,"proxy":0,"hosting":0,"service":0}},"geometry":{"type":"Point","coordinates":[-75.52437,39.15817]}},{"type":"Feature","properties":{"country_code":"USA","city":"Fishers","geoname_id":"4257494","h3_hexagon":599727676772581375,"downloaders":{"size":14,"mobile":0,"satellite":0,"tor":0,"tor_exit_nodes":0,"vpn":0,"relay":0,"proxy":0,"hosting":0,"service":0},"uploaders":{"size":11,"mobile":0,"satellite":0,"tor":0,"tor_exit_nodes":0,"vpn":0,"relay":0,"proxy":0,"hosting":0,"service":0}},"geometry":{"type":"Point","coordinates":[-86.01387,39.95559]}},{"type":"Feature","properties":{"country_code":"CAN","city":"Quinte West","geoname_id":"6115355","h3_hexagon":599746030241579007,"downloaders":{"size":14,"mobile":0,"satellite":0,"tor":0,"tor_exit_nodes":0,"vpn":0,"relay":0,"proxy":0,"hosting":0,"service":0},"uploaders":{"size":10,"mobile":0,"satellite":0,"tor":0,"tor_exit_nodes":0,"vpn":0,"relay":0,"proxy":0,"hosting":0,"service":0}},"geometry":{"type":"Point","coordinates":[-77.56618,44.18342]}},{"type":"Feature","properties":{"country_code":"GBR","city":"Bury","geoname_id":"2654187","h3_hexagon":599423110977945599,"downloaders":{"size":14,"mobile":13,"satellite":0,"tor":0,"tor_exit_nodes":0,"vpn":0,"relay":0,"proxy":0,"hosting":0,"service":0},"uploaders":{"size":4,"mobile":4,"satellite":0,"tor":0,"tor_exit_nodes":0,"vpn":0,"relay":0,"proxy":0,"hosting":0,"service":0}},"geometry":{"type":"Point","coordinates":[-2.3,53.6]}},{"type":"Feature","properties":{"country_code":"USA","city":"Douglasville","geoname_id":"4191955","h3_hexagon":600191128439881727,"downloaders":{"size":14,"mobile":9,"satellite":0,"tor":0,"tor_exit_nodes":0,"vpn":0,"relay":0,"proxy":0,"hosting":3,"service":0},"uploaders":{"size":9,"mobile":9,"satellite":0,"tor":0,"tor_exit_nodes":0,"vpn":0,"relay":0,"proxy":0,"hosting":0,"service":0}},"geometry":{"type":"Point","coordinates":[-84.74771,33.7515]}},{"type":"Feature","properties":{"country_code":"USA","city":"Plainville","geoname_id":"4840767","h3_hexagon":599718998791159807,"downloaders":{"size":14,"mobile":0,"satellite":0,"tor":0,"tor_exit_nodes":0,"vpn":0,"relay":0,"proxy":0,"hosting":0,"service":0},"uploaders":{"size":8,"mobile":0,"satellite":0,"tor":0,"tor_exit_nodes":0,"vpn":0,"relay":0,"proxy":0,"hosting":0,"service":0}},"geometry":{"type":"Point","coordinates":[-72.85816,41.67454]}},{"type":"Feature","properties":{"country_code":"USA","city":"Prichard","geoname_id":"4819067","h3_hexagon":599728371483541503,"downloaders":{"size":14,"mobile":0,"satellite":0,"tor":0,"tor_exit_nodes":0,"vpn":0,"relay":0,"proxy":0,"hosting":0,"service":0},"uploaders":{"size":12,"mobile":0,"satellite":0,"tor":0,"tor_exit_nodes":0,"vpn":0,"relay":0,"proxy":0,"hosting":0,"service":0}},"geometry":{"type":"Point","coordinates":[-82.59849,38.24008]}},{"type":"Feature","properties":{"country_code":"USA","city":"Little Rock","geoname_id":"4119403","h3_hexagon":599653528457183231,"downloaders":{"size":13,"mobile":1,"satellite":0,"tor":0,"tor_exit_nodes":0,"vpn":0,"relay":0,"proxy":0,"hosting":0,"service":0},"uploaders":{"size":9,"mobile":0,"satellite":0,"tor":0,"tor_exit_nodes":0,"vpn":0,"relay":0,"proxy":0,"hosting":0,"service":0}},"geometry":{"type":"Point","coordinates":[-92.28959,34.74648]}},{"type":"Feature","properties":{"country_code":"USA","city":"Westfield","geoname_id":"4928118","h3_hexagon":599727675698839551,"downloaders":{"size":13,"mobile":0,"satellite":0,"tor":0,"tor_exit_nodes":0,"vpn":0,"relay":0,"proxy":0,"hosting":0,"service":0},"uploaders":{"size":7,"mobile":0,"satellite":0,"tor":0,"tor_exit_nodes":0,"vpn":0,"relay":0,"proxy":0,"hosting":0,"service":0}},"geometry":{"type":"Point","coordinates":[-86.12749,40.04282]}},{"type":"Feature","properties":{"country_code":"SVK","city":"Malá Maňa","geoname_id":"3058884","h3_hexagon":599506698557718527,"downloaders":{"size":13,"mobile":0,"satellite":0,"tor":0,"tor_exit_nodes":0,"vpn":0,"relay":0,"proxy":0,"hosting":0,"service":0},"uploaders":{"size":10,"mobile":0,"satellite":0,"tor":0,"tor_exit_nodes":0,"vpn":0,"relay":0,"proxy":0,"hosting":0,"service":0}},"geometry":{"type":"Point","coordinates":[18.26453,48.1452]}},{"type":"Feature","properties":{"country_code":"POL","city":"Lubliniec","geoname_id":"3092906","h3_hexagon":599508967374192639,"downloaders":{"size":13,"mobile":0,"satellite":0,"tor":0,"tor_exit_nodes":0,"vpn":12,"relay":0,"proxy":0,"hosting":0,"service":0},"uploaders":{"size":10,"mobile":0,"satellite":0,"tor":0,"tor_exit_nodes":0,"vpn":10,"relay":0,"proxy":0,"hosting":0,"service":0}},"geometry":{"type":"Point","coordinates":[18.6844,50.66897]}},{"type":"Feature","properties":{"country_code":"NOR","city":"Ålesund","geoname_id":"3163392","h3_hexagon":599123222402695167,"downloaders":{"size":13,"mobile":0,"satellite":0,"tor":0,"tor_exit_nodes":0,"vpn":0,"relay":0,"proxy":0,"hosting":0,"service":0},"uploaders":{"size":7,"mobile":0,"satellite":0,"tor":0,"tor_exit_nodes":0,"vpn":0,"relay":0,"proxy":0,"hosting":0,"service":0}},"geometry":{"type":"Point","coordinates":[6.15492,62.47225]}},{"type":"Feature","properties":{"country_code":"CZE","city":"Frenštát pod Radhoštěm","geoname_id":"3076132","h3_hexagon":599506801636933631,"downloaders":{"size":13,"mobile":0,"satellite":0,"tor":0,"tor_exit_nodes":0,"vpn":0,"relay":0,"proxy":0,"hosting":0,"service":0},"uploaders":{"size":9,"mobile":0,"satellite":0,"tor":0,"tor_exit_nodes":0,"vpn":0,"relay":0,"proxy":0,"hosting":0,"service":0}},"geometry":{"type":"Point","coordinates":[18.21078,49.54835]}},{"type":"Feature","properties":{"country_code":"USA","city":"Ann Arbor","geoname_id":"4984247","h3_hexagon":599669903019999231,"downloaders":{"size":13,"mobile":6,"satellite":0,"tor":0,"tor_exit_nodes":0,"vpn":0,"relay":0,"proxy":0,"hosting":0,"service":0},"uploaders":{"size":4,"mobile":2,"satellite":0,"tor":0,"tor_exit_nodes":0,"vpn":0,"relay":0,"proxy":0,"hosting":0,"service":0}},"geometry":{"type":"Point","coordinates":[-83.74088,42.27756]}},{"type":"Feature","properties":{"country_code":"USA","city":"Carpentersville","geoname_id":"4886676","h3_hexagon":599670977835565055,"downloaders":{"size":13,"mobile":0,"satellite":0,"tor":0,"tor_exit_nodes":0,"vpn":0,"relay":0,"proxy":0,"hosting":0,"service":0},"uploaders":{"size":12,"mobile":0,"satellite":0,"tor":0,"tor_exit_nodes":0,"vpn":0,"relay":0,"proxy":0,"hosting":0,"service":0}},"geometry":{"type":"Point","coordinates":[-88.25786,42.12114]}},{"type":"Feature","properties":{"country_code":"USA","city":"Woodstock","geoname_id":"4231874","h3_hexagon":600189092625383423,"downloaders":{"size":13,"mobile":1,"satellite":0,"tor":0,"tor_exit_nodes":0,"vpn":0,"relay":0,"proxy":0,"hosting":0,"service":0},"uploaders":{"size":8,"mobile":0,"satellite":0,"tor":0,"tor_exit_nodes":0,"vpn":0,"relay":0,"proxy":0,"hosting":0,"service":0}},"geometry":{"type":"Point","coordinates":[-84.51938,34.10149]}},{"type":"Feature","properties":{"country_code":"USA","city":"La Crosse","geoname_id":"5258957","h3_hexagon":599671326801657855,"downloaders":{"size":13,"mobile":0,"satellite":0,"tor":0,"tor_exit_nodes":0,"vpn":0,"relay":0,"proxy":0,"hosting":0,"service":0},"uploaders":{"size":6,"mobile":0,"satellite":0,"tor":0,"tor_exit_nodes":0,"vpn":0,"relay":0,"proxy":0,"hosting":0,"service":0}},"geometry":{"type":"Point","coordinates":[-91.23958,43.80136]}},{"type":"Feature","properties":{"country_code":"USA","city":"Washington","geoname_id":"4497666","h3_hexagon":599732227290431487,"downloaders":{"size":13,"mobile":0,"satellite":0,"tor":0,"tor_exit_nodes":0,"vpn":0,"relay":0,"proxy":0,"hosting":0,"service":0},"uploaders":{"size":5,"mobile":0,"satellite":0,"tor":0,"tor_exit_nodes":0,"vpn":0,"relay":0,"proxy":0,"hosting":0,"service":0}},"geometry":{"type":"Point","coordinates":[-77.05217,35.54655]}},{"type":"Feature","properties":{"country_code":"USA","city":"Traverse City","geoname_id":"5012495","h3_hexagon":599669351116701695,"downloaders":{"size":13,"mobile":0,"satellite":0,"tor":0,"tor_exit_nodes":0,"vpn":0,"relay":0,"proxy":0,"hosting":0,"service":0},"uploaders":{"size":11,"mobile":0,"satellite":0,"tor":0,"tor_exit_nodes":0,"vpn":0,"relay":0,"proxy":0,"hosting":0,"service":0}},"geometry":{"type":"Point","coordinates":[-85.62063,44.76306]}},{"type":"Feature","properties":{"country_code":"USA","city":"De Pere","geoname_id":"5250201","h3_hexagon":599669468154560511,"downloaders":{"size":13,"mobile":0,"satellite":0,"tor":0,"tor_exit_nodes":0,"vpn":0,"relay":0,"proxy":0,"hosting":0,"service":0},"uploaders":{"size":12,"mobile":0,"satellite":0,"tor":0,"tor_exit_nodes":0,"vpn":0,"relay":0,"proxy":0,"hosting":0,"service":0}},"geometry":{"type":"Point","coordinates":[-88.06038,44.44888]}},{"type":"Feature","properties":{"country_code":"IND","city":"Chandigarh","geoname_id":"1274746","h3_hexagon":600053277169549311,"downloaders":{"size":13,"mobile":1,"satellite":0,"tor":0,"tor_exit_nodes":0,"vpn":0,"relay":0,"proxy":0,"hosting":0,"service":0},"uploaders":{"size":8,"mobile":0,"satellite":0,"tor":0,"tor_exit_nodes":0,"vpn":0,"relay":0,"proxy":0,"hosting":0,"service":0}},"geometry":{"type":"Point","coordinates":[76.7884,30.73629]}},{"type":"Feature","properties":{"country_code":"FRA","city":"Chamonix-Mont-Blanc","geoname_id":"3027301","h3_hexagon":599534846699634687,"downloaders":{"size":13,"mobile":0,"satellite":0,"tor":0,"tor_exit_nodes":0,"vpn":0,"relay":0,"proxy":0,"hosting":0,"service":0},"uploaders":{"size":10,"mobile":0,"satellite":0,"tor":0,"tor_exit_nodes":0,"vpn":0,"relay":0,"proxy":0,"hosting":0,"service":0}},"geometry":{"type":"Point","coordinates":[6.86933,45.92375]}},{"type":"Feature","properties":{"country_code":"AUT","city":"Hof","geoname_id":"2775868","h3_hexagon":599533535660867583,"downloaders":{"size":12,"mobile":0,"satellite":0,"tor":0,"tor_exit_nodes":0,"vpn":0,"relay":0,"proxy":0,"hosting":0,"service":0},"uploaders":{"size":9,"mobile":0,"satellite":0,"tor":0,"tor_exit_nodes":0,"vpn":0,"relay":0,"proxy":0,"hosting":0,"service":0}},"geometry":{"type":"Point","coordinates":[13.31667,47.35]}},{"type":"Feature","properties":{"country_code":"NLD","city":"Steenwijk","geoname_id":"2746766","h3_hexagon":599426061620477951,"downloaders":{"size":12,"mobile":0,"satellite":0,"tor":0,"tor_exit_nodes":0,"vpn":0,"relay":0,"proxy":0,"hosting":0,"service":0},"uploaders":{"size":10,"mobile":0,"satellite":0,"tor":0,"tor_exit_nodes":0,"vpn":0,"relay":0,"proxy":0,"hosting":0,"service":0}},"geometry":{"type":"Point","coordinates":[6.12083,52.7875]}},{"type":"Feature","properties":{"country_code":"SWE","city":"Enköping","geoname_id":"2716166","h3_hexagon":599128746804379647,"downloaders":{"size":12,"mobile":0,"satellite":0,"tor":0,"tor_exit_nodes":0,"vpn":0,"relay":0,"proxy":0,"hosting":0,"service":0},"uploaders":{"size":5,"mobile":0,"satellite":0,"tor":0,"tor_exit_nodes":0,"vpn":0,"relay":0,"proxy":0,"hosting":0,"service":0}},"geometry":{"type":"Point","coordinates":[17.07768,59.63607]}},{"type":"Feature","properties":{"country_code":"USA","city":"Sealy","geoname_id":"4727629","h3_hexagon":600255517515841535,"downloaders":{"size":12,"mobile":12,"satellite":0,"tor":0,"tor_exit_nodes":0,"vpn":0,"relay":0,"proxy":0,"hosting":0,"service":0},"uploaders":{"size":12,"mobile":12,"satellite":0,"tor":0,"tor_exit_nodes":0,"vpn":0,"relay":0,"proxy":0,"hosting":0,"service":0}},"geometry":{"type":"Point","coordinates":[-96.15718,29.78079]}},{"type":"Feature","properties":{"country_code":"USA","city":"Gilbert","geoname_id":"5295903","h3_hexagon":600261580935921663,"downloaders":{"size":12,"mobile":0,"satellite":0,"tor":0,"tor_exit_nodes":0,"vpn":0,"relay":0,"proxy":0,"hosting":0,"service":0},"uploaders":{"size":11,"mobile":0,"satellite":0,"tor":0,"tor_exit_nodes":0,"vpn":0,"relay":0,"proxy":0,"hosting":0,"service":0}},"geometry":{"type":"Point","coordinates":[-111.78903,33.35283]}},{"type":"Feature","properties":{"country_code":"USA","city":"Charleston","geoname_id":"4612805","h3_hexagon":600188768355352575,"downloaders":{"size":12,"mobile":12,"satellite":0,"tor":0,"tor_exit_nodes":0,"vpn":0,"relay":0,"proxy":0,"hosting":0,"service":0},"uploaders":{"size":10,"mobile":10,"satellite":0,"tor":0,"tor_exit_nodes":0,"vpn":0,"relay":0,"proxy":0,"hosting":0,"service":0}},"geometry":{"type":"Point","coordinates":[-84.75827,35.2873]}},{"type":"Feature","properties":{"country_code":"USA","city":"Weirton Heights","geoname_id":"5280822","h3_hexagon":599726874687438847,"downloaders":{"size":12,"mobile":0,"satellite":0,"tor":0,"tor_exit_nodes":0,"vpn":12,"relay":0,"proxy":0,"hosting":0,"service":0},"uploaders":{"size":5,"mobile":0,"satellite":0,"tor":0,"tor_exit_nodes":0,"vpn":5,"relay":0,"proxy":0,"hosting":0,"service":0}},"geometry":{"type":"Point","coordinates":[-80.53924,40.4084]}},{"type":"Feature","properties":{"country_code":"USA","city":"Novi","geoname_id":"5004062","h3_hexagon":599670147833135103,"downloaders":{"size":12,"mobile":0,"satellite":0,"tor":0,"tor_exit_nodes":0,"vpn":0,"relay":0,"proxy":0,"hosting":0,"service":0},"uploaders":{"size":9,"mobile":0,"satellite":0,"tor":0,"tor_exit_nodes":0,"vpn":0,"relay":0,"proxy":0,"hosting":0,"service":0}},"geometry":{"type":"Point","coordinates":[-83.47549,42.48059]}},{"type":"Feature","properties":{"country_code":"NZL","city":"Paraparaumu","geoname_id":"2184904","h3_hexagon":602271493560205311,"downloaders":{"size":12,"mobile":0,"satellite":0,"tor":0,"tor_exit_nodes":0,"vpn":0,"relay":0,"proxy":0,"hosting":12,"service":0},"uploaders":{"size":10,"mobile":0,"satellite":0,"tor":0,"tor_exit_nodes":0,"vpn":0,"relay":0,"proxy":0,"hosting":10,"service":0}},"geometry":{"type":"Point","coordinates":[175.01667,-40.91667]}},{"type":"Feature","properties":{"country_code":"RWA","city":"Kigali","geoname_id":"202061","h3_hexagon":600858370936668159,"downloaders":{"size":12,"mobile":0,"satellite":1,"tor":0,"tor_exit_nodes":0,"vpn":0,"relay":0,"proxy":0,"hosting":0,"service":0},"uploaders":{"size":5,"mobile":0,"satellite":0,"tor":0,"tor_exit_nodes":0,"vpn":0,"relay":0,"proxy":0,"hosting":0,"service":0}},"geometry":{"type":"Point","coordinates":[30.05885,-1.94995]}},{"type":"Feature","properties":{"country_code":"USA","city":"Bloomington","geoname_id":"4254679","h3_hexagon":599654699909513215,"downloaders":{"size":12,"mobile":1,"satellite":0,"tor":0,"tor_exit_nodes":0,"vpn":0,"relay":0,"proxy":0,"hosting":0,"service":0},"uploaders":{"size":11,"mobile":0,"satellite":0,"tor":0,"tor_exit_nodes":0,"vpn":0,"relay":0,"proxy":0,"hosting":0,"service":0}},"geometry":{"type":"Point","coordinates":[-86.52639,39.16533]}},{"type":"Feature","properties":{"country_code":"USA","city":"Lake Lorraine","geoname_id":"4161296","h3_hexagon":600180713144188927,"downloaders":{"size":12,"mobile":0,"satellite":0,"tor":0,"tor_exit_nodes":0,"vpn":0,"relay":0,"proxy":0,"hosting":0,"service":0},"uploaders":{"size":11,"mobile":0,"satellite":0,"tor":0,"tor_exit_nodes":0,"vpn":0,"relay":0,"proxy":0,"hosting":0,"service":0}},"geometry":{"type":"Point","coordinates":[-86.56523,30.44159]}},{"type":"Feature","properties":{"country_code":"DEU","city":"Ebermannstadt","geoname_id":"2933986","h3_hexagon":599535743274057727,"downloaders":{"size":12,"mobile":0,"satellite":0,"tor":0,"tor_exit_nodes":0,"vpn":0,"relay":0,"proxy":0,"hosting":0,"service":0},"uploaders":{"size":10,"mobile":0,"satellite":0,"tor":0,"tor_exit_nodes":0,"vpn":0,"relay":0,"proxy":0,"hosting":0,"service":0}},"geometry":{"type":"Point","coordinates":[11.18168,49.78154]}},{"type":"Feature","properties":{"country_code":"DEU","city":"Offenburg","geoname_id":"2857798","h3_hexagon":599533277962829823,"downloaders":{"size":12,"mobile":0,"satellite":0,"tor":0,"tor_exit_nodes":0,"vpn":0,"relay":0,"proxy":0,"hosting":0,"service":0},"uploaders":{"size":10,"mobile":0,"satellite":0,"tor":0,"tor_exit_nodes":0,"vpn":0,"relay":0,"proxy":0,"hosting":0,"service":0}},"geometry":{"type":"Point","coordinates":[7.94495,48.47377]}},{"type":"Feature","properties":{"country_code":"USA","city":"Elkton","geoname_id":"4354234","h3_hexagon":599729458110267391,"downloaders":{"size":11,"mobile":0,"satellite":0,"tor":0,"tor_exit_nodes":0,"vpn":0,"relay":0,"proxy":0,"hosting":0,"service":0},"uploaders":{"size":5,"mobile":0,"satellite":0,"tor":0,"tor_exit_nodes":0,"vpn":0,"relay":0,"proxy":0,"hosting":0,"service":0}},"geometry":{"type":"Point","coordinates":[-75.83327,39.60678]}},{"type":"Feature","properties":{"country_code":"DEU","city":"Grimma","geoname_id":"2917325","h3_hexagon":599525941084946431,"downloaders":{"size":11,"mobile":0,"satellite":0,"tor":0,"tor_exit_nodes":0,"vpn":0,"relay":0,"proxy":0,"hosting":0,"service":0},"uploaders":{"size":5,"mobile":0,"satellite":0,"tor":0,"tor_exit_nodes":0,"vpn":0,"relay":0,"proxy":0,"hosting":0,"service":0}},"geometry":{"type":"Point","coordinates":[12.71959,51.23367]}},{"type":"Feature","properties":{"country_code":"USA","city":"Murrysville","geoname_id":"5202765","h3_hexagon":599726697520037887,"downloaders":{"size":11,"mobile":0,"satellite":0,"tor":0,"tor_exit_nodes":0,"vpn":0,"relay":0,"proxy":0,"hosting":0,"service":0},"uploaders":{"size":8,"mobile":0,"satellite":0,"tor":0,"tor_exit_nodes":0,"vpn":0,"relay":0,"proxy":0,"hosting":0,"service":0}},"geometry":{"type":"Point","coordinates":[-79.69755,40.4284]}},{"type":"Feature","properties":{"country_code":"IND","city":"Varanasi","geoname_id":"1253405","h3_hexagon":600035812758781951,"downloaders":{"size":11,"mobile":10,"satellite":0,"tor":0,"tor_exit_nodes":0,"vpn":0,"relay":0,"proxy":0,"hosting":0,"service":0},"uploaders":{"size":4,"mobile":4,"satellite":0,"tor":0,"tor_exit_nodes":0,"vpn":0,"relay":0,"proxy":0,"hosting":0,"service":0}},"geometry":{"type":"Point","coordinates":[83.01041,25.31668]}},{"type":"Feature","properties":{"country_code":"ITA","city":"Cuneo","geoname_id":"3177700","h3_hexagon":599534693154553855,"downloaders":{"size":11,"mobile":0,"satellite":0,"tor":0,"tor_exit_nodes":0,"vpn":0,"relay":0,"proxy":0,"hosting":0,"service":0},"uploaders":{"size":8,"mobile":0,"satellite":0,"tor":0,"tor_exit_nodes":0,"vpn":0,"relay":0,"proxy":0,"hosting":0,"service":0}},"geometry":{"type":"Point","coordinates":[7.54828,44.39071]}},{"type":"Feature","properties":{"country_code":"USA","city":"Roxana","geoname_id":"4248546","h3_hexagon":599651710612275199,"downloaders":{"size":11,"mobile":9,"satellite":0,"tor":0,"tor_exit_nodes":0,"vpn":0,"relay":0,"proxy":0,"hosting":0,"service":0},"uploaders":{"size":8,"mobile":8,"satellite":0,"tor":0,"tor_exit_nodes":0,"vpn":0,"relay":0,"proxy":0,"hosting":0,"service":0}},"geometry":{"type":"Point","coordinates":[-90.07622,38.84838]}},{"type":"Feature","properties":{"country_code":"VNM","city":"Rạch Giá","geoname_id":"1568510","h3_hexagon":600766818340044799,"downloaders":{"size":11,"mobile":10,"satellite":0,"tor":0,"tor_exit_nodes":0,"vpn":0,"relay":0,"proxy":0,"hosting":0,"service":0},"uploaders":{"size":8,"mobile":8,"satellite":0,"tor":0,"tor_exit_nodes":0,"vpn":0,"relay":0,"proxy":0,"hosting":0,"service":0}},"geometry":{"type":"Point","coordinates":[105.08091,10.01245]}},{"type":"Feature","properties":{"country_code":"USA","city":"Brockton","geoname_id":"4931429","h3_hexagon":599721167749644287,"downloaders":{"size":11,"mobile":0,"satellite":0,"tor":0,"tor_exit_nodes":0,"vpn":0,"relay":0,"proxy":0,"hosting":0,"service":0},"uploaders":{"size":3,"mobile":0,"satellite":0,"tor":0,"tor_exit_nodes":0,"vpn":0,"relay":0,"proxy":0,"hosting":0,"service":0}},"geometry":{"type":"Point","coordinates":[-71.01838,42.08343]}},{"type":"Feature","properties":{"country_code":"PRI","city":"Mayagüez","geoname_id":"4566385","h3_hexagon":600329314717663231,"downloaders":{"size":11,"mobile":0,"satellite":0,"tor":0,"tor_exit_nodes":0,"vpn":0,"relay":0,"proxy":0,"hosting":0,"service":0},"uploaders":{"size":4,"mobile":0,"satellite":0,"tor":0,"tor_exit_nodes":0,"vpn":0,"relay":0,"proxy":0,"hosting":0,"service":0}},"geometry":{"type":"Point","coordinates":[-67.13962,18.20107]}},{"type":"Feature","properties":{"country_code":"NLD","city":"Wemeldinge","geoname_id":"2744839","h3_hexagon":599425917739073535,"downloaders":{"size":11,"mobile":0,"satellite":0,"tor":0,"tor_exit_nodes":0,"vpn":0,"relay":0,"proxy":0,"hosting":0,"service":0},"uploaders":{"size":10,"mobile":0,"satellite":0,"tor":0,"tor_exit_nodes":0,"vpn":0,"relay":0,"proxy":0,"hosting":0,"service":0}},"geometry":{"type":"Point","coordinates":[3.99722,51.51833]}},{"type":"Feature","properties":{"country_code":"MRT","city":"Nouakchott","geoname_id":"2377450","h3_hexagon":600457903891021823,"downloaders":{"size":11,"mobile":0,"satellite":0,"tor":0,"tor_exit_nodes":0,"vpn":0,"relay":0,"proxy":0,"hosting":0,"service":0},"uploaders":{"size":4,"mobile":0,"satellite":0,"tor":0,"tor_exit_nodes":0,"vpn":0,"relay":0,"proxy":0,"hosting":0,"service":0}},"geometry":{"type":"Point","coordinates":[-15.9785,18.08581]}},{"type":"Feature","properties":{"country_code":"USA","city":"Covington","geoname_id":"5791159","h3_hexagon":599697021443506175,"downloaders":{"size":11,"mobile":0,"satellite":0,"tor":0,"tor_exit_nodes":0,"vpn":0,"relay":0,"proxy":0,"hosting":0,"service":0},"uploaders":{"size":6,"mobile":0,"satellite":0,"tor":0,"tor_exit_nodes":0,"vpn":0,"relay":0,"proxy":0,"hosting":0,"service":0}},"geometry":{"type":"Point","coordinates":[-122.12216,47.35818]}},{"type":"Feature","properties":{"country_code":"USA","city":"Tullytown","geoname_id":"5216241","h3_hexagon":599718950472777727,"downloaders":{"size":11,"mobile":0,"satellite":0,"tor":0,"tor_exit_nodes":0,"vpn":1,"relay":0,"proxy":0,"hosting":0,"service":0},"uploaders":{"size":3,"mobile":0,"satellite":0,"tor":0,"tor_exit_nodes":0,"vpn":0,"relay":0,"proxy":0,"hosting":0,"service":0}},"geometry":{"type":"Point","coordinates":[-74.81461,40.13928]}},{"type":"Feature","properties":{"country_code":"USA","city":"Pueblo West","geoname_id":"5435477","h3_hexagon":599656604727508991,"downloaders":{"size":11,"mobile":0,"satellite":0,"tor":0,"tor_exit_nodes":0,"vpn":0,"relay":0,"proxy":0,"hosting":0,"service":0},"uploaders":{"size":11,"mobile":0,"satellite":0,"tor":0,"tor_exit_nodes":0,"vpn":0,"relay":0,"proxy":0,"hosting":0,"service":0}},"geometry":{"type":"Point","coordinates":[-104.72275,38.35]}},{"type":"Feature","properties":{"country_code":"IND","city":"Gurugram","geoname_id":"1270642","h3_hexagon":600062945140932607,"downloaders":{"size":11,"mobile":0,"satellite":0,"tor":0,"tor_exit_nodes":0,"vpn":0,"relay":0,"proxy":0,"hosting":0,"service":0},"uploaders":{"size":10,"mobile":0,"satellite":0,"tor":0,"tor_exit_nodes":0,"vpn":0,"relay":0,"proxy":0,"hosting":0,"service":0}},"geometry":{"type":"Point","coordinates":[77.02635,28.4601]}},{"type":"Feature","properties":{"country_code":"USA","city":"North Bend","geoname_id":"5804915","h3_hexagon":599697019296022527,"downloaders":{"size":11,"mobile":0,"satellite":0,"tor":0,"tor_exit_nodes":0,"vpn":0,"relay":0,"proxy":0,"hosting":0,"service":0},"uploaders":{"size":10,"mobile":0,"satellite":0,"tor":0,"tor_exit_nodes":0,"vpn":0,"relay":0,"proxy":0,"hosting":0,"service":0}},"geometry":{"type":"Point","coordinates":[-121.78678,47.49566]}},{"type":"Feature","properties":{"country_code":"USA","city":"Winchester","geoname_id":"4928318","h3_hexagon":599727691804966911,"downloaders":{"size":11,"mobile":0,"satellite":0,"tor":0,"tor_exit_nodes":0,"vpn":0,"relay":0,"proxy":0,"hosting":0,"service":0},"uploaders":{"size":11,"mobile":0,"satellite":0,"tor":0,"tor_exit_nodes":0,"vpn":0,"relay":0,"proxy":0,"hosting":0,"service":0}},"geometry":{"type":"Point","coordinates":[-84.98135,40.17199]}},{"type":"Feature","properties":{"country_code":"USA","city":"Newton","geoname_id":"4868907","h3_hexagon":599655386030538751,"downloaders":{"size":11,"mobile":0,"satellite":0,"tor":0,"tor_exit_nodes":0,"vpn":0,"relay":0,"proxy":0,"hosting":0,"service":0},"uploaders":{"size":10,"mobile":0,"satellite":0,"tor":0,"tor_exit_nodes":0,"vpn":0,"relay":0,"proxy":0,"hosting":0,"service":0}},"geometry":{"type":"Point","coordinates":[-93.04798,41.69971]}},{"type":"Feature","properties":{"country_code":"GRC","city":"Pátra","geoname_id":"255683","h3_hexagon":600090174159847423,"downloaders":{"size":10,"mobile":4,"satellite":0,"tor":0,"tor_exit_nodes":0,"vpn":0,"relay":0,"proxy":0,"hosting":0,"service":0},"uploaders":{"size":3,"mobile":3,"satellite":0,"tor":0,"tor_exit_nodes":0,"vpn":0,"relay":0,"proxy":0,"hosting":0,"service":0}},"geometry":{"type":"Point","coordinates":[21.73508,38.2462]}},{"type":"Feature","properties":{"country_code":"USA","city":"Blaine","geoname_id":"5018651","h3_hexagon":599670513979097087,"downloaders":{"size":10,"mobile":0,"satellite":0,"tor":0,"tor_exit_nodes":0,"vpn":0,"relay":0,"proxy":0,"hosting":0,"service":0},"uploaders":{"size":3,"mobile":0,"satellite":0,"tor":0,"tor_exit_nodes":0,"vpn":0,"relay":0,"proxy":0,"hosting":0,"service":0}},"geometry":{"type":"Point","coordinates":[-93.23495,45.1608]}},{"type":"Feature","properties":{"country_code":"USA","city":"Grand Rapids","geoname_id":"4994358","h3_hexagon":599669849332908031,"downloaders":{"size":10,"mobile":2,"satellite":0,"tor":0,"tor_exit_nodes":0,"vpn":0,"relay":0,"proxy":0,"hosting":1,"service":0},"uploaders":{"size":3,"mobile":1,"satellite":0,"tor":0,"tor_exit_nodes":0,"vpn":0,"relay":0,"proxy":0,"hosting":1,"service":0}},"geometry":{"type":"Point","coordinates":[-85.66809,42.96336]}},{"type":"Feature","properties":{"country_code":"USA","city":"Concrete","geoname_id":"5790718","h3_hexagon":599696977420091391,"downloaders":{"size":10,"mobile":0,"satellite":0,"tor":0,"tor_exit_nodes":0,"vpn":0,"relay":0,"proxy":0,"hosting":0,"service":0},"uploaders":{"size":9,"mobile":0,"satellite":0,"tor":0,"tor_exit_nodes":0,"vpn":0,"relay":0,"proxy":0,"hosting":0,"service":0}},"geometry":{"type":"Point","coordinates":[-121.74625,48.53928]}},{"type":"Feature","properties":{"country_code":"USA","city":"Northport","geoname_id":"4080555","h3_hexagon":600191317418442751,"downloaders":{"size":10,"mobile":10,"satellite":0,"tor":0,"tor_exit_nodes":0,"vpn":0,"relay":0,"proxy":0,"hosting":0,"service":0},"uploaders":{"size":10,"mobile":10,"satellite":0,"tor":0,"tor_exit_nodes":0,"vpn":0,"relay":0,"proxy":0,"hosting":0,"service":0}},"geometry":{"type":"Point","coordinates":[-87.57723,33.22901]}},{"type":"Feature","properties":{"country_code":"USA","city":"Saint Paul","geoname_id":"5045360","h3_hexagon":599670510757871615,"downloaders":{"size":10,"mobile":0,"satellite":0,"tor":0,"tor_exit_nodes":0,"vpn":0,"relay":0,"proxy":0,"hosting":0,"service":0},"uploaders":{"size":3,"mobile":0,"satellite":0,"tor":0,"tor_exit_nodes":0,"vpn":0,"relay":0,"proxy":0,"hosting":0,"service":0}},"geometry":{"type":"Point","coordinates":[-93.09327,44.94441]}},{"type":"Feature","properties":{"country_code":"POL","city":"Jarosław","geoname_id":"770380","h3_hexagon":599509507466330111,"downloaders":{"size":10,"mobile":9,"satellite":0,"tor":0,"tor_exit_nodes":0,"vpn":0,"relay":0,"proxy":0,"hosting":0,"service":0},"uploaders":{"size":6,"mobile":6,"satellite":0,"tor":0,"tor_exit_nodes":0,"vpn":0,"relay":0,"proxy":0,"hosting":0,"service":0}},"geometry":{"type":"Point","coordinates":[22.67776,50.01623]}},{"type":"Feature","properties":{"country_code":"POL","city":"Hrubieszów","geoname_id":"770966","h3_hexagon":599509377543569407,"downloaders":{"size":10,"mobile":0,"satellite":0,"tor":0,"tor_exit_nodes":0,"vpn":0,"relay":0,"proxy":0,"hosting":0,"service":0},"uploaders":{"size":9,"mobile":0,"satellite":0,"tor":0,"tor_exit_nodes":0,"vpn":0,"relay":0,"proxy":0,"hosting":0,"service":0}},"geometry":{"type":"Point","coordinates":[23.89251,50.80502]}},{"type":"Feature","properties":{"country_code":"SRB","city":"Vršac","geoname_id":"784136","h3_hexagon":599522329017450495,"downloaders":{"size":10,"mobile":0,"satellite":0,"tor":0,"tor_exit_nodes":0,"vpn":0,"relay":0,"proxy":0,"hosting":0,"service":0},"uploaders":{"size":8,"mobile":0,"satellite":0,"tor":0,"tor_exit_nodes":0,"vpn":0,"relay":0,"proxy":0,"hosting":0,"service":0}},"geometry":{"type":"Point","coordinates":[21.30361,45.11667]}},{"type":"Feature","properties":{"country_code":"USA","city":"Mission Hills","geoname_id":"5373650","h3_hexagon":599701369024151551,"downloaders":{"size":10,"mobile":0,"satellite":0,"tor":0,"tor_exit_nodes":0,"vpn":9,"relay":0,"proxy":0,"hosting":0,"service":0},"uploaders":{"size":9,"mobile":0,"satellite":0,"tor":0,"tor_exit_nodes":0,"vpn":9,"relay":0,"proxy":0,"hosting":0,"service":0}},"geometry":{"type":"Point","coordinates":[-120.43683,34.68609]}},{"type":"Feature","properties":{"country_code":"ISL","city":"Reykjanesbær","geoname_id":"8644037","h3_hexagon":599108287727665151,"downloaders":{"size":10,"mobile":0,"satellite":0,"tor":0,"tor_exit_nodes":0,"vpn":10,"relay":0,"proxy":0,"hosting":10,"service":10},"uploaders":{"size":5,"mobile":0,"satellite":0,"tor":0,"tor_exit_nodes":0,"vpn":5,"relay":0,"proxy":0,"hosting":5,"service":5}},"geometry":{"type":"Point","coordinates":[-22.56111,63.99813]}},{"type":"Feature","properties":{"country_code":"NOR","city":"Lakselv","geoname_id":"779082","h3_hexagon":598999003358560255,"downloaders":{"size":9,"mobile":0,"satellite":0,"tor":0,"tor_exit_nodes":0,"vpn":0,"relay":0,"proxy":0,"hosting":0,"service":0},"uploaders":{"size":8,"mobile":0,"satellite":0,"tor":0,"tor_exit_nodes":0,"vpn":0,"relay":0,"proxy":0,"hosting":0,"service":0}},"geometry":{"type":"Point","coordinates":[24.97182,70.05133]}},{"type":"Feature","properties":{"country_code":"IND","city":"Erode","geoname_id":"1272013","h3_hexagon":600671085666500607,"downloaders":{"size":9,"mobile":0,"satellite":0,"tor":0,"tor_exit_nodes":0,"vpn":0,"relay":0,"proxy":0,"hosting":0,"service":0},"uploaders":{"size":8,"mobile":0,"satellite":0,"tor":0,"tor_exit_nodes":0,"vpn":0,"relay":0,"proxy":0,"hosting":0,"service":0}},"geometry":{"type":"Point","coordinates":[77.72741,11.3428]}},{"type":"Feature","properties":{"country_code":"ZAF","city":"Cape Town","geoname_id":"3369157","h3_hexagon":602025916993896447,"downloaders":{"size":9,"mobile":0,"satellite":0,"tor":0,"tor_exit_nodes":0,"vpn":0,"relay":0,"proxy":0,"hosting":0,"service":0},"uploaders":{"size":9,"mobile":0,"satellite":0,"tor":0,"tor_exit_nodes":0,"vpn":0,"relay":0,"proxy":0,"hosting":0,"service":0}},"geometry":{"type":"Point","coordinates":[18.6833,-33.8667]}},{"type":"Feature","properties":{"country_code":"PHL","city":"Zamboanga","geoname_id":"1679432","h3_hexagon":600814294908534783,"downloaders":{"size":9,"mobile":0,"satellite":0,"tor":0,"tor_exit_nodes":0,"vpn":0,"relay":0,"proxy":0,"hosting":0,"service":0},"uploaders":{"size":5,"mobile":0,"satellite":0,"tor":0,"tor_exit_nodes":0,"vpn":0,"relay":0,"proxy":0,"hosting":0,"service":0}},"geometry":{"type":"Point","coordinates":[122.07389,6.91028]}},{"type":"Feature","properties":{"country_code":"USA","city":"Thorndike","geoname_id":"4980683","h3_hexagon":599737004367806463,"downloaders":{"size":9,"mobile":0,"satellite":0,"tor":0,"tor_exit_nodes":0,"vpn":0,"relay":0,"proxy":0,"hosting":0,"service":0},"uploaders":{"size":9,"mobile":0,"satellite":0,"tor":0,"tor_exit_nodes":0,"vpn":0,"relay":0,"proxy":0,"hosting":0,"service":0}},"geometry":{"type":"Point","coordinates":[-69.27588,44.57813]}},{"type":"Feature","properties":{"country_code":"USA","city":"Prescott","geoname_id":"5268045","h3_hexagon":599650312600420351,"downloaders":{"size":9,"mobile":0,"satellite":0,"tor":0,"tor_exit_nodes":0,"vpn":0,"relay":0,"proxy":0,"hosting":0,"service":0},"uploaders":{"size":9,"mobile":0,"satellite":0,"tor":0,"tor_exit_nodes":0,"vpn":0,"relay":0,"proxy":0,"hosting":0,"service":0}},"geometry":{"type":"Point","coordinates":[-92.80215,44.74886]}},{"type":"Feature","properties":{"country_code":"USA","city":"Royersford","geoname_id":"5209240","h3_hexagon":599729477437620223,"downloaders":{"size":9,"mobile":0,"satellite":0,"tor":1,"tor_exit_nodes":0,"vpn":0,"relay":0,"proxy":0,"hosting":4,"service":0},"uploaders":{"size":3,"mobile":0,"satellite":0,"tor":0,"tor_exit_nodes":0,"vpn":0,"relay":0,"proxy":0,"hosting":3,"service":0}},"geometry":{"type":"Point","coordinates":[-75.53796,40.18427]}},{"type":"Feature","properties":{"country_code":"IND","city":"Gobichettipalayam","geoname_id":"1270947","h3_hexagon":600671161902170111,"downloaders":{"size":9,"mobile":0,"satellite":0,"tor":0,"tor_exit_nodes":0,"vpn":0,"relay":0,"proxy":0,"hosting":0,"service":0},"uploaders":{"size":8,"mobile":0,"satellite":0,"tor":0,"tor_exit_nodes":0,"vpn":0,"relay":0,"proxy":0,"hosting":0,"service":0}},"geometry":{"type":"Point","coordinates":[77.4422,11.45496]}},{"type":"Feature","properties":{"country_code":"USA","city":"Mount Pleasant","geoname_id":"5202286","h3_hexagon":599726702888747007,"downloaders":{"size":9,"mobile":0,"satellite":0,"tor":0,"tor_exit_nodes":0,"vpn":0,"relay":0,"proxy":0,"hosting":0,"service":0},"uploaders":{"size":6,"mobile":0,"satellite":0,"tor":0,"tor_exit_nodes":0,"vpn":0,"relay":0,"proxy":0,"hosting":0,"service":0}},"geometry":{"type":"Point","coordinates":[-79.54115,40.14896]}},{"type":"Feature","properties":{"country_code":"USA","city":"Highland","geoname_id":"4357998","h3_hexagon":599729189674811391,"downloaders":{"size":9,"mobile":0,"satellite":0,"tor":0,"tor_exit_nodes":0,"vpn":0,"relay":0,"proxy":0,"hosting":0,"service":0},"uploaders":{"size":8,"mobile":0,"satellite":0,"tor":0,"tor_exit_nodes":0,"vpn":0,"relay":0,"proxy":0,"hosting":0,"service":0}},"geometry":{"type":"Point","coordinates":[-76.95748,39.179]}},{"type":"Feature","properties":{"country_code":"USA","city":"Visalia","geoname_id":"5406567","h3_hexagon":599711594267541503,"downloaders":{"size":9,"mobile":0,"satellite":0,"tor":0,"tor_exit_nodes":0,"vpn":0,"relay":0,"proxy":0,"hosting":0,"service":0},"uploaders":{"size":8,"mobile":0,"satellite":0,"tor":0,"tor_exit_nodes":0,"vpn":0,"relay":0,"proxy":0,"hosting":0,"service":0}},"geometry":{"type":"Point","coordinates":[-119.29206,36.33023]}},{"type":"Feature","properties":{"country_code":"FRA","city":"Coutras","geoname_id":"3022799","h3_hexagon":599408331995480063,"downloaders":{"size":9,"mobile":0,"satellite":0,"tor":0,"tor_exit_nodes":0,"vpn":0,"relay":0,"proxy":0,"hosting":0,"service":0},"uploaders":{"size":8,"mobile":0,"satellite":0,"tor":0,"tor_exit_nodes":0,"vpn":0,"relay":0,"proxy":0,"hosting":0,"service":0}},"geometry":{"type":"Point","coordinates":[-0.12886,45.04067]}},{"type":"Feature","properties":{"country_code":"AUT","city":"Villach","geoname_id":"2762372","h3_hexagon":599508043956223999,"downloaders":{"size":9,"mobile":0,"satellite":0,"tor":0,"tor_exit_nodes":0,"vpn":0,"relay":0,"proxy":0,"hosting":0,"service":0},"uploaders":{"size":8,"mobile":0,"satellite":0,"tor":0,"tor_exit_nodes":0,"vpn":0,"relay":0,"proxy":0,"hosting":0,"service":0}},"geometry":{"type":"Point","coordinates":[13.85583,46.61028]}},{"type":"Feature","properties":{"country_code":"CAN","city":"North Cowichan","geoname_id":"6089661","h3_hexagon":599697578715512831,"downloaders":{"size":8,"mobile":0,"satellite":0,"tor":0,"tor_exit_nodes":0,"vpn":0,"relay":0,"proxy":0,"hosting":0,"service":0},"uploaders":{"size":3,"mobile":0,"satellite":0,"tor":0,"tor_exit_nodes":0,"vpn":0,"relay":0,"proxy":0,"hosting":0,"service":0}},"geometry":{"type":"Point","coordinates":[-123.68596,48.84133]}},{"type":"Feature","properties":{"country_code":"USA","city":"Holly Springs","geoname_id":"4471641","h3_hexagon":599732386204221439,"downloaders":{"size":8,"mobile":1,"satellite":0,"tor":0,"tor_exit_nodes":0,"vpn":0,"relay":0,"proxy":0,"hosting":0,"service":0},"uploaders":{"size":3,"mobile":0,"satellite":0,"tor":0,"tor_exit_nodes":0,"vpn":0,"relay":0,"proxy":0,"hosting":0,"service":0}},"geometry":{"type":"Point","coordinates":[-78.83362,35.65127]}},{"type":"Feature","properties":{"country_code":"USA","city":"Winter Park","geoname_id":"4178560","h3_hexagon":600186636977831935,"downloaders":{"size":8,"mobile":0,"satellite":0,"tor":0,"tor_exit_nodes":0,"vpn":0,"relay":0,"proxy":0,"hosting":0,"service":0},"uploaders":{"size":3,"mobile":0,"satellite":0,"tor":0,"tor_exit_nodes":0,"vpn":0,"relay":0,"proxy":0,"hosting":0,"service":0}},"geometry":{"type":"Point","coordinates":[-81.3036,28.5974]}},{"type":"Feature","properties":{"country_code":"USA","city":"Bay City","geoname_id":"4985180","h3_hexagon":599672227671048191,"downloaders":{"size":8,"mobile":0,"satellite":0,"tor":0,"tor_exit_nodes":0,"vpn":0,"relay":0,"proxy":0,"hosting":0,"service":0},"uploaders":{"size":5,"mobile":0,"satellite":0,"tor":0,"tor_exit_nodes":0,"vpn":0,"relay":0,"proxy":0,"hosting":0,"service":0}},"geometry":{"type":"Point","coordinates":[-83.88886,43.59447]}},{"type":"Feature","properties":{"country_code":"USA","city":"Nashua","geoname_id":"5090046","h3_hexagon":599720942263861247,"downloaders":{"size":8,"mobile":0,"satellite":0,"tor":0,"tor_exit_nodes":0,"vpn":3,"relay":0,"proxy":0,"hosting":0,"service":0},"uploaders":{"size":3,"mobile":0,"satellite":0,"tor":0,"tor_exit_nodes":0,"vpn":3,"relay":0,"proxy":0,"hosting":0,"service":0}},"geometry":{"type":"Point","coordinates":[-71.46757,42.76537]}},{"type":"Feature","properties":{"country_code":"USA","city":"Eustis","geoname_id":"4154606","h3_hexagon":600186647715250175,"downloaders":{"size":7,"mobile":0,"satellite":0,"tor":0,"tor_exit_nodes":0,"vpn":0,"relay":0,"proxy":0,"hosting":0,"service":0},"uploaders":{"size":3,"mobile":0,"satellite":0,"tor":0,"tor_exit_nodes":0,"vpn":0,"relay":0,"proxy":0,"hosting":0,"service":0}},"geometry":{"type":"Point","coordinates":[-81.68535,28.85277]}},{"type":"Feature","properties":{"country_code":"USA","city":"Sandston","geoname_id":"4784352","h3_hexagon":599727351428808703,"downloaders":{"size":7,"mobile":0,"satellite":0,"tor":0,"tor_exit_nodes":0,"vpn":0,"relay":0,"proxy":0,"hosting":0,"service":0},"uploaders":{"size":3,"mobile":0,"satellite":0,"tor":0,"tor_exit_nodes":0,"vpn":0,"relay":0,"proxy":0,"hosting":0,"service":0}},"geometry":{"type":"Point","coordinates":[-77.31581,37.52348]}},{"type":"Feature","properties":{"country_code":"AUS","city":"Sunshine Coast","geoname_id":"10630449","h3_hexagon":602330659955933183,"downloaders":{"size":7,"mobile":0,"satellite":0,"tor":0,"tor_exit_nodes":0,"vpn":0,"relay":0,"proxy":0,"hosting":0,"service":0},"uploaders":{"size":3,"mobile":0,"satellite":0,"tor":0,"tor_exit_nodes":0,"vpn":0,"relay":0,"proxy":0,"hosting":0,"service":0}},"geometry":{"type":"Point","coordinates":[153.07955,-26.65682]}},{"type":"Feature","properties":{"country_code":"USA","city":"Shawnee","geoname_id":"4551177","h3_hexagon":599660565761097727,"downloaders":{"size":6,"mobile":0,"satellite":0,"tor":0,"tor_exit_nodes":0,"vpn":0,"relay":0,"proxy":0,"hosting":0,"service":0},"uploaders":{"size":5,"mobile":0,"satellite":0,"tor":0,"tor_exit_nodes":0,"vpn":0,"relay":0,"proxy":0,"hosting":0,"service":0}},"geometry":{"type":"Point","coordinates":[-96.9253,35.32729]}},{"type":"Feature","properties":{"country_code":"USA","city":"Prattsburgh","geoname_id":"5132205","h3_hexagon":599728911575678975,"downloaders":{"size":6,"mobile":0,"satellite":0,"tor":0,"tor_exit_nodes":0,"vpn":0,"relay":0,"proxy":0,"hosting":0,"service":0},"uploaders":{"size":6,"mobile":0,"satellite":0,"tor":0,"tor_exit_nodes":0,"vpn":0,"relay":0,"proxy":0,"hosting":0,"service":0}},"geometry":{"type":"Point","coordinates":[-77.28887,42.52396]}},{"type":"Feature","properties":{"country_code":"USA","city":"Chesterfield","geoname_id":"4752250","h3_hexagon":599727349281325055,"downloaders":{"size":6,"mobile":0,"satellite":0,"tor":0,"tor_exit_nodes":0,"vpn":0,"relay":0,"proxy":0,"hosting":0,"service":0},"uploaders":{"size":3,"mobile":0,"satellite":0,"tor":0,"tor_exit_nodes":0,"vpn":0,"relay":0,"proxy":0,"hosting":0,"service":0}},"geometry":{"type":"Point","coordinates":[-77.6343,37.3333]}},{"type":"Feature","properties":{"country_code":"USA","city":"Bath","geoname_id":"4957570","h3_hexagon":599721233247895551,"downloaders":{"size":6,"mobile":0,"satellite":0,"tor":0,"tor_exit_nodes":0,"vpn":0,"relay":0,"proxy":0,"hosting":0,"service":0},"uploaders":{"size":6,"mobile":0,"satellite":0,"tor":0,"tor_exit_nodes":0,"vpn":0,"relay":0,"proxy":0,"hosting":0,"service":0}},"geometry":{"type":"Point","coordinates":[-69.8206,43.91064]}},{"type":"Feature","properties":{"country_code":"USA","city":"Muncie","geoname_id":"4924006","h3_hexagon":599727708984836095,"downloaders":{"size":6,"mobile":6,"satellite":0,"tor":0,"tor_exit_nodes":0,"vpn":0,"relay":0,"proxy":0,"hosting":0,"service":0},"uploaders":{"size":6,"mobile":6,"satellite":0,"tor":0,"tor_exit_nodes":0,"vpn":0,"relay":0,"proxy":0,"hosting":0,"service":0}},"geometry":{"type":"Point","coordinates":[-85.38636,40.19338]}},{"type":"Feature","properties":{"country_code":"FRA","city":"Fontainebleau","geoname_id":"3018074","h3_hexagon":599536208204267519,"downloaders":{"size":6,"mobile":0,"satellite":0,"tor":0,"tor_exit_nodes":0,"vpn":0,"relay":0,"proxy":0,"hosting":0,"service":0},"uploaders":{"size":3,"mobile":0,"satellite":0,"tor":0,"tor_exit_nodes":0,"vpn":0,"relay":0,"proxy":0,"hosting":0,"service":0}},"geometry":{"type":"Point","coordinates":[2.70177,48.40908]}},{"type":"Feature","properties":{"country_code":"DEU","city":"Ramstein-Miesenbach","geoname_id":"2850536","h3_hexagon":599533288700248063,"downloaders":{"size":6,"mobile":0,"satellite":0,"tor":3,"tor_exit_nodes":0,"vpn":0,"relay":0,"proxy":0,"hosting":0,"service":0},"uploaders":{"size":3,"mobile":0,"satellite":0,"tor":3,"tor_exit_nodes":0,"vpn":0,"relay":0,"proxy":0,"hosting":0,"service":0}},"geometry":{"type":"Point","coordinates":[7.55533,49.44452]}},{"type":"Feature","properties":{"country_code":"CHE","city":"Arbon","geoname_id":"2661731","h3_hexagon":599533872815800319,"downloaders":{"size":6,"mobile":0,"satellite":0,"tor":0,"tor_exit_nodes":0,"vpn":1,"relay":0,"proxy":0,"hosting":0,"service":0},"uploaders":{"size":3,"mobile":0,"satellite":0,"tor":0,"tor_exit_nodes":0,"vpn":0,"relay":0,"proxy":0,"hosting":0,"service":0}},"geometry":{"type":"Point","coordinates":[9.43333,47.51667]}},{"type":"Feature","properties":{"country_code":"DEU","city":"Lebach","geoname_id":"2879832","h3_hexagon":599535336325906431,"downloaders":{"size":5,"mobile":0,"satellite":0,"tor":0,"tor_exit_nodes":0,"vpn":0,"relay":0,"proxy":0,"hosting":0,"service":0},"uploaders":{"size":3,"mobile":0,"satellite":0,"tor":0,"tor_exit_nodes":0,"vpn":0,"relay":0,"proxy":0,"hosting":0,"service":0}},"geometry":{"type":"Point","coordinates":[6.90988,49.41122]}},{"type":"Feature","properties":{"country_code":"USA","city":"Shelburne","geoname_id":"5241006","h3_hexagon":599744880264085503,"downloaders":{"size":5,"mobile":0,"satellite":0,"tor":0,"tor_exit_nodes":0,"vpn":0,"relay":0,"proxy":0,"hosting":0,"service":0},"uploaders":{"size":4,"mobile":0,"satellite":0,"tor":0,"tor_exit_nodes":0,"vpn":0,"relay":0,"proxy":0,"hosting":0,"service":0}},"geometry":{"type":"Point","coordinates":[-73.22763,44.38061]}},{"type":"Feature","properties":{"country_code":"USA","city":"Cedarburg","geoname_id":"5248171","h3_hexagon":599671237681086463,"downloaders":{"size":5,"mobile":0,"satellite":0,"tor":0,"tor_exit_nodes":0,"vpn":0,"relay":0,"proxy":0,"hosting":0,"service":0},"uploaders":{"size":4,"mobile":0,"satellite":0,"tor":0,"tor_exit_nodes":0,"vpn":0,"relay":0,"proxy":0,"hosting":0,"service":0}},"geometry":{"type":"Point","coordinates":[-87.98759,43.29667]}},{"type":"Feature","properties":{"country_code":"USA","city":"Lindon","geoname_id":"5777332","h3_hexagon":599657572168892415,"downloaders":{"size":5,"mobile":0,"satellite":0,"tor":0,"tor_exit_nodes":0,"vpn":0,"relay":0,"proxy":0,"hosting":0,"service":0},"uploaders":{"size":3,"mobile":0,"satellite":0,"tor":0,"tor_exit_nodes":0,"vpn":0,"relay":0,"proxy":0,"hosting":0,"service":0}},"geometry":{"type":"Point","coordinates":[-111.72076,40.34329]}},{"type":"Feature","properties":{"country_code":"CHN","city":"Zhaotong","geoname_id":"1784841","h3_hexagon":600110444258000895,"downloaders":{"size":5,"mobile":0,"satellite":0,"tor":0,"tor_exit_nodes":0,"vpn":0,"relay":0,"proxy":0,"hosting":0,"service":0},"uploaders":{"size":3,"mobile":0,"satellite":0,"tor":0,"tor_exit_nodes":0,"vpn":0,"relay":0,"proxy":0,"hosting":0,"service":0}},"geometry":{"type":"Point","coordinates":[103.71667,27.31667]}},{"type":"Feature","properties":{"country_code":"SOM","city":"Hargeysa","geoname_id":"57289","h3_hexagon":600435821316669439,"downloaders":{"size":5,"mobile":2,"satellite":0,"tor":0,"tor_exit_nodes":0,"vpn":0,"relay":0,"proxy":0,"hosting":0,"service":0},"uploaders":{"size":4,"mobile":2,"satellite":0,"tor":0,"tor_exit_nodes":0,"vpn":0,"relay":0,"proxy":0,"hosting":0,"service":0}},"geometry":{"type":"Point","coordinates":[44.065,9.56]}},{"type":"Feature","properties":{"country_code":"ESP","city":"Ponteareas","geoname_id":"3112761","h3_hexagon":599983727690383359,"downloaders":{"size":5,"mobile":0,"satellite":0,"tor":0,"tor_exit_nodes":0,"vpn":0,"relay":0,"proxy":0,"hosting":0,"service":0},"uploaders":{"size":5,"mobile":0,"satellite":0,"tor":0,"tor_exit_nodes":0,"vpn":0,"relay":0,"proxy":0,"hosting":0,"service":0}},"geometry":{"type":"Point","coordinates":[-8.50398,42.17476]}},{"type":"Feature","properties":{"country_code":"AUS","city":"Central Coast","geoname_id":"8310663","h3_hexagon":602322255778676735,"downloaders":{"size":5,"mobile":0,"satellite":0,"tor":0,"tor_exit_nodes":0,"vpn":0,"relay":0,"proxy":0,"hosting":0,"service":0},"uploaders":{"size":3,"mobile":0,"satellite":0,"tor":0,"tor_exit_nodes":0,"vpn":0,"relay":0,"proxy":0,"hosting":0,"service":0}},"geometry":{"type":"Point","coordinates":[151.37144,-33.42979]}},{"type":"Feature","properties":{"country_code":"USA","city":"The Colony","geoname_id":"4736388","h3_hexagon":599661029617565695,"downloaders":{"size":5,"mobile":5,"satellite":0,"tor":0,"tor_exit_nodes":0,"vpn":0,"relay":0,"proxy":0,"hosting":0,"service":0},"uploaders":{"size":4,"mobile":4,"satellite":0,"tor":0,"tor_exit_nodes":0,"vpn":0,"relay":0,"proxy":0,"hosting":0,"service":0}},"geometry":{"type":"Point","coordinates":[-96.88639,33.08901]}},{"type":"Feature","properties":{"country_code":"USA","city":"Dripping Springs","geoname_id":"4686903","h3_hexagon":600255890104254463,"downloaders":{"size":4,"mobile":0,"satellite":0,"tor":0,"tor_exit_nodes":0,"vpn":0,"relay":0,"proxy":0,"hosting":0,"service":0},"uploaders":{"size":4,"mobile":0,"satellite":0,"tor":0,"tor_exit_nodes":0,"vpn":0,"relay":0,"proxy":0,"hosting":0,"service":0}},"geometry":{"type":"Point","coordinates":[-98.08668,30.19021]}},{"type":"Feature","properties":{"country_code":"FRA","city":"Saint-Nicolas-de-Port","geoname_id":"2977880","h3_hexagon":599533195284709375,"downloaders":{"size":4,"mobile":3,"satellite":0,"tor":0,"tor_exit_nodes":0,"vpn":0,"relay":0,"proxy":0,"hosting":0,"service":0},"uploaders":{"size":3,"mobile":3,"satellite":0,"tor":0,"tor_exit_nodes":0,"vpn":0,"relay":0,"proxy":0,"hosting":0,"service":0}},"geometry":{"type":"Point","coordinates":[6.29668,48.62857]}},{"type":"Feature","properties":{"country_code":"FRA","city":"Lecci","geoname_id":"6619555","h3_hexagon":599518758825885695,"downloaders":{"size":4,"mobile":0,"satellite":0,"tor":0,"tor_exit_nodes":0,"vpn":0,"relay":0,"proxy":0,"hosting":0,"service":0},"uploaders":{"size":3,"mobile":0,"satellite":0,"tor":0,"tor_exit_nodes":0,"vpn":0,"relay":0,"proxy":0,"hosting":0,"service":0}},"geometry":{"type":"Point","coordinates":[9.31572,41.68009]}},{"type":"Feature","properties":{"country_code":"USA","city":"Edmonds","geoname_id":"5793427","h3_hexagon":599697108416593919,"downloaders":{"size":4,"mobile":0,"satellite":0,"tor":0,"tor_exit_nodes":0,"vpn":0,"relay":0,"proxy":0,"hosting":0,"service":0},"uploaders":{"size":3,"mobile":0,"satellite":0,"tor":0,"tor_exit_nodes":0,"vpn":0,"relay":0,"proxy":0,"hosting":0,"service":0}},"geometry":{"type":"Point","coordinates":[-122.37736,47.81065]}},{"type":"Feature","properties":{"country_code":"USA","city":"Hays","geoname_id":"4272782","h3_hexagon":599664096224215039,"downloaders":{"size":4,"mobile":0,"satellite":0,"tor":0,"tor_exit_nodes":0,"vpn":0,"relay":0,"proxy":0,"hosting":0,"service":0},"uploaders":{"size":4,"mobile":0,"satellite":0,"tor":0,"tor_exit_nodes":0,"vpn":0,"relay":0,"proxy":0,"hosting":0,"service":0}},"geometry":{"type":"Point","coordinates":[-99.32677,38.87918]}},{"type":"Feature","properties":{"country_code":"CAN","city":"Midland","geoname_id":"6073363","h3_hexagon":599746100034797567,"downloaders":{"size":4,"mobile":0,"satellite":0,"tor":0,"tor_exit_nodes":0,"vpn":0,"relay":0,"proxy":0,"hosting":0,"service":0},"uploaders":{"size":3,"mobile":0,"satellite":0,"tor":0,"tor_exit_nodes":0,"vpn":0,"relay":0,"proxy":0,"hosting":0,"service":0}},"geometry":{"type":"Point","coordinates":[-79.88296,44.7501]}},{"type":"Feature","properties":{"country_code":"ITA","city":"Venarotta","geoname_id":"3164616","h3_hexagon":599515658933239807,"downloaders":{"size":3,"mobile":0,"satellite":0,"tor":0,"tor_exit_nodes":0,"vpn":3,"relay":0,"proxy":0,"hosting":0,"service":0},"uploaders":{"size":3,"mobile":0,"satellite":0,"tor":0,"tor_exit_nodes":0,"vpn":3,"relay":0,"proxy":0,"hosting":0,"service":0}},"geometry":{"type":"Point","coordinates":[13.49157,42.88266]}},{"type":"Feature","properties":{"country_code":"CHE","city":"Sirnach","geoname_id":"2658575","h3_hexagon":599533920060440575,"downloaders":{"size":3,"mobile":0,"satellite":0,"tor":0,"tor_exit_nodes":0,"vpn":0,"relay":0,"proxy":0,"hosting":0,"service":0},"uploaders":{"size":3,"mobile":0,"satellite":0,"tor":0,"tor_exit_nodes":0,"vpn":0,"relay":0,"proxy":0,"hosting":0,"service":0}},"geometry":{"type":"Point","coordinates":[8.99763,47.46222]}},{"type":"Feature","properties":{"country_code":"SWE","city":"Ulricehamn","geoname_id":"2666493","h3_hexagon":599131995947139071,"downloaders":{"size":3,"mobile":0,"satellite":0,"tor":0,"tor_exit_nodes":0,"vpn":0,"relay":0,"proxy":0,"hosting":0,"service":0},"uploaders":{"size":3,"mobile":0,"satellite":0,"tor":0,"tor_exit_nodes":0,"vpn":0,"relay":0,"proxy":0,"hosting":0,"service":0}},"geometry":{"type":"Point","coordinates":[13.41422,57.79159]}},{"type":"Feature","properties":{"country_code":"USA","city":"Broadway","geoname_id":"4749117","h3_hexagon":599726532163796991,"downloaders":{"size":3,"mobile":0,"satellite":0,"tor":0,"tor_exit_nodes":0,"vpn":3,"relay":0,"proxy":0,"hosting":0,"service":0},"uploaders":{"size":3,"mobile":0,"satellite":0,"tor":0,"tor_exit_nodes":0,"vpn":3,"relay":0,"proxy":0,"hosting":0,"service":0}},"geometry":{"type":"Point","coordinates":[-78.79891,38.61317]}}]}