{"type":"FeatureCollection","id":"Distributed Denial of Secrets: USA","swarm_geo_partition_by":"hexagon","swarm_hexagon_resolution":5,"swarm_size_min":3,"swarm_features_size":47630,"datestamp":"2026-03-05-to-2026-03-11","data_version":"20260521","btiha_size":25,"features":[{"type":"Feature","properties":{"country_code":"KOR","city":"Seoul","geoname_id":"1835848","h3_hexagon":599838696308473855,"downloaders":{"size":14210,"mobile":345,"satellite":0,"tor":6,"tor_exit_nodes":0,"vpn":339,"relay":0,"proxy":7,"hosting":592,"service":99},"uploaders":{"size":4,"mobile":1,"satellite":0,"tor":0,"tor_exit_nodes":0,"vpn":0,"relay":0,"proxy":0,"hosting":1,"service":0}},"geometry":{"type":"Point","coordinates":[126.9784,37.566]}},{"type":"Feature","properties":{"country_code":"CHN","city":"Nanjing","geoname_id":"1799962","h3_hexagon":599833147210727423,"downloaders":{"size":10306,"mobile":28,"satellite":0,"tor":0,"tor_exit_nodes":0,"vpn":124,"relay":0,"proxy":2,"hosting":7,"service":0},"uploaders":{"size":1476,"mobile":0,"satellite":0,"tor":0,"tor_exit_nodes":0,"vpn":16,"relay":0,"proxy":0,"hosting":0,"service":0}},"geometry":{"type":"Point","coordinates":[118.77778,32.06167]}},{"type":"Feature","properties":{"country_code":"RUS","city":"Moscow","geoname_id":"524901","h3_hexagon":599289533200072703,"downloaders":{"size":8206,"mobile":79,"satellite":0,"tor":0,"tor_exit_nodes":0,"vpn":464,"relay":3,"proxy":11,"hosting":1270,"service":80},"uploaders":{"size":123,"mobile":3,"satellite":0,"tor":0,"tor_exit_nodes":0,"vpn":7,"relay":0,"proxy":0,"hosting":51,"service":0}},"geometry":{"type":"Point","coordinates":[37.61781,55.75204]}},{"type":"Feature","properties":{"country_code":"NLD","city":"Lelystad","geoname_id":"2751738","h3_hexagon":599425828618502143,"downloaders":{"size":7469,"mobile":0,"satellite":0,"tor":24,"tor_exit_nodes":2,"vpn":1167,"relay":0,"proxy":123,"hosting":7461,"service":864},"uploaders":{"size":695,"mobile":0,"satellite":0,"tor":13,"tor_exit_nodes":0,"vpn":396,"relay":0,"proxy":45,"hosting":695,"service":366}},"geometry":{"type":"Point","coordinates":[5.475,52.50833]}},{"type":"Feature","properties":{"country_code":"NLD","city":"Amsterdam","geoname_id":"2759794","h3_hexagon":599425793185021951,"downloaders":{"size":5501,"mobile":13,"satellite":0,"tor":7,"tor_exit_nodes":4,"vpn":2505,"relay":2,"proxy":18,"hosting":4940,"service":1674},"uploaders":{"size":806,"mobile":0,"satellite":0,"tor":0,"tor_exit_nodes":0,"vpn":685,"relay":0,"proxy":3,"hosting":683,"service":634}},"geometry":{"type":"Point","coordinates":[4.88969,52.37403]}},{"type":"Feature","properties":{"country_code":"RUS","city":"Saint Petersburg","geoname_id":"498817","h3_hexagon":599278232067375103,"downloaders":{"size":4785,"mobile":16,"satellite":0,"tor":0,"tor_exit_nodes":0,"vpn":118,"relay":2,"proxy":0,"hosting":289,"service":6},"uploaders":{"size":4,"mobile":0,"satellite":0,"tor":0,"tor_exit_nodes":0,"vpn":0,"relay":0,"proxy":0,"hosting":0,"service":0}},"geometry":{"type":"Point","coordinates":[30.31413,59.93863]}},{"type":"Feature","properties":{"country_code":"CHN","city":"Shanghai","geoname_id":"1796236","h3_hexagon":599833714146410495,"downloaders":{"size":3713,"mobile":115,"satellite":0,"tor":0,"tor_exit_nodes":0,"vpn":118,"relay":0,"proxy":4,"hosting":863,"service":0},"uploaders":{"size":31,"mobile":0,"satellite":0,"tor":0,"tor_exit_nodes":0,"vpn":0,"relay":0,"proxy":0,"hosting":4,"service":0}},"geometry":{"type":"Point","coordinates":[121.45806,31.22222]}},{"type":"Feature","properties":{"country_code":"CHN","city":"Hangzhou","geoname_id":"1808926","h3_hexagon":599833781792145407,"downloaders":{"size":3357,"mobile":6,"satellite":0,"tor":0,"tor_exit_nodes":0,"vpn":61,"relay":0,"proxy":2,"hosting":89,"service":0},"uploaders":{"size":26,"mobile":0,"satellite":0,"tor":0,"tor_exit_nodes":0,"vpn":1,"relay":0,"proxy":0,"hosting":0,"service":0}},"geometry":{"type":"Point","coordinates":[120.16142,30.29365]}},{"type":"Feature","properties":{"country_code":"GBR","city":"London","geoname_id":"2643743","h3_hexagon":599423697240981503,"downloaders":{"size":3192,"mobile":157,"satellite":4,"tor":7,"tor_exit_nodes":0,"vpn":639,"relay":0,"proxy":27,"hosting":703,"service":609},"uploaders":{"size":253,"mobile":7,"satellite":0,"tor":0,"tor_exit_nodes":0,"vpn":149,"relay":0,"proxy":18,"hosting":159,"service":149}},"geometry":{"type":"Point","coordinates":[-0.12574,51.50853]}},{"type":"Feature","properties":{"country_code":"CAN","city":"Toronto","geoname_id":"6167865","h3_hexagon":599745919646171135,"downloaders":{"size":3160,"mobile":36,"satellite":1,"tor":0,"tor_exit_nodes":30,"vpn":2545,"relay":0,"proxy":1,"hosting":2616,"service":2414},"uploaders":{"size":1060,"mobile":0,"satellite":0,"tor":0,"tor_exit_nodes":17,"vpn":981,"relay":0,"proxy":0,"hosting":954,"service":923}},"geometry":{"type":"Point","coordinates":[-79.39864,43.70643]}},{"type":"Feature","properties":{"country_code":"TUR","city":"Istanbul","geoname_id":"745044","h3_hexagon":599520334005141503,"downloaders":{"size":3136,"mobile":55,"satellite":0,"tor":0,"tor_exit_nodes":0,"vpn":7,"relay":0,"proxy":1,"hosting":22,"service":4},"uploaders":{"size":49,"mobile":0,"satellite":0,"tor":0,"tor_exit_nodes":0,"vpn":0,"relay":0,"proxy":0,"hosting":11,"service":0}},"geometry":{"type":"Point","coordinates":[28.94966,41.01384]}},{"type":"Feature","properties":{"country_code":"HUN","city":"Budapest","geoname_id":"3054643","h3_hexagon":599506755466035199,"downloaders":{"size":2459,"mobile":100,"satellite":1,"tor":0,"tor_exit_nodes":0,"vpn":117,"relay":0,"proxy":0,"hosting":128,"service":35},"uploaders":{"size":43,"mobile":1,"satellite":0,"tor":0,"tor_exit_nodes":0,"vpn":11,"relay":0,"proxy":0,"hosting":5,"service":5}},"geometry":{"type":"Point","coordinates":[19.04045,47.49835]}},{"type":"Feature","properties":{"country_code":"CHN","city":"Shenzhen","geoname_id":"1795565","h3_hexagon":600124212849410047,"downloaders":{"size":2329,"mobile":6,"satellite":0,"tor":0,"tor_exit_nodes":0,"vpn":91,"relay":0,"proxy":0,"hosting":27,"service":0},"uploaders":{"size":12,"mobile":0,"satellite":0,"tor":0,"tor_exit_nodes":0,"vpn":0,"relay":0,"proxy":0,"hosting":0,"service":0}},"geometry":{"type":"Point","coordinates":[114.0683,22.54554]}},{"type":"Feature","properties":{"country_code":"USA","city":"New York City","geoname_id":"5128581","h3_hexagon":599718752904282111,"downloaders":{"size":2324,"mobile":4,"satellite":0,"tor":14,"tor_exit_nodes":0,"vpn":1763,"relay":0,"proxy":0,"hosting":1774,"service":1731},"uploaders":{"size":661,"mobile":0,"satellite":0,"tor":12,"tor_exit_nodes":0,"vpn":585,"relay":0,"proxy":0,"hosting":623,"service":574}},"geometry":{"type":"Point","coordinates":[-74.00597,40.71427]}},{"type":"Feature","properties":{"country_code":"FRA","city":"Paris","geoname_id":"2988507","h3_hexagon":599536505630752767,"downloaders":{"size":2233,"mobile":277,"satellite":2,"tor":0,"tor_exit_nodes":1,"vpn":612,"relay":0,"proxy":3,"hosting":1179,"service":542},"uploaders":{"size":175,"mobile":14,"satellite":0,"tor":0,"tor_exit_nodes":0,"vpn":111,"relay":0,"proxy":0,"hosting":101,"service":99}},"geometry":{"type":"Point","coordinates":[2.3488,48.85341]}},{"type":"Feature","properties":{"country_code":"CAN","city":"Montréal","geoname_id":"6077243","h3_hexagon":599746916078583807,"downloaders":{"size":1881,"mobile":39,"satellite":0,"tor":1,"tor_exit_nodes":0,"vpn":1073,"relay":0,"proxy":113,"hosting":989,"service":1059},"uploaders":{"size":408,"mobile":1,"satellite":0,"tor":0,"tor_exit_nodes":0,"vpn":370,"relay":0,"proxy":69,"hosting":289,"service":370}},"geometry":{"type":"Point","coordinates":[-73.58781,45.50884]}},{"type":"Feature","properties":{"country_code":"RUS","city":"Novosibirsk","geoname_id":"1496747","h3_hexagon":599184374147055615,"downloaders":{"size":1653,"mobile":6,"satellite":0,"tor":0,"tor_exit_nodes":0,"vpn":39,"relay":0,"proxy":2,"hosting":54,"service":8},"uploaders":{"size":10,"mobile":0,"satellite":0,"tor":0,"tor_exit_nodes":0,"vpn":0,"relay":0,"proxy":0,"hosting":0,"service":0}},"geometry":{"type":"Point","coordinates":[82.93175,55.02259]}},{"type":"Feature","properties":{"country_code":"CAN","city":"Vancouver","geoname_id":"6173331","h3_hexagon":599697732260593663,"downloaders":{"size":1518,"mobile":239,"satellite":0,"tor":2,"tor_exit_nodes":0,"vpn":1104,"relay":1,"proxy":0,"hosting":527,"service":1052},"uploaders":{"size":429,"mobile":24,"satellite":0,"tor":0,"tor_exit_nodes":0,"vpn":398,"relay":0,"proxy":0,"hosting":237,"service":383}},"geometry":{"type":"Point","coordinates":[-123.11934,49.24966]}},{"type":"Feature","properties":{"country_code":"CHE","city":"Zürich","geoname_id":"2657896","h3_hexagon":599533925429149695,"downloaders":{"size":1499,"mobile":96,"satellite":0,"tor":8,"tor_exit_nodes":7,"vpn":1223,"relay":0,"proxy":3,"hosting":1224,"service":1199},"uploaders":{"size":490,"mobile":1,"satellite":0,"tor":1,"tor_exit_nodes":1,"vpn":472,"relay":0,"proxy":0,"hosting":451,"service":462}},"geometry":{"type":"Point","coordinates":[8.5417,47.3721]}},{"type":"Feature","properties":{"country_code":"DEU","city":"Frankfurt am Main","geoname_id":"2925533","h3_hexagon":599536111567503359,"downloaders":{"size":1381,"mobile":5,"satellite":0,"tor":19,"tor_exit_nodes":8,"vpn":641,"relay":2,"proxy":1,"hosting":1309,"service":631},"uploaders":{"size":325,"mobile":0,"satellite":0,"tor":11,"tor_exit_nodes":0,"vpn":210,"relay":0,"proxy":0,"hosting":325,"service":210}},"geometry":{"type":"Point","coordinates":[8.68417,50.11552]}},{"type":"Feature","properties":{"country_code":"USA","city":"Los Angeles","geoname_id":"5368361","h3_hexagon":599711151885910015,"downloaders":{"size":1361,"mobile":11,"satellite":0,"tor":14,"tor_exit_nodes":0,"vpn":953,"relay":0,"proxy":0,"hosting":1190,"service":945},"uploaders":{"size":514,"mobile":2,"satellite":0,"tor":12,"tor_exit_nodes":0,"vpn":452,"relay":0,"proxy":0,"hosting":484,"service":452}},"geometry":{"type":"Point","coordinates":[-118.24368,34.05223]}},{"type":"Feature","properties":{"country_code":"ESP","city":"Madrid","geoname_id":"3117735","h3_hexagon":599982373701943295,"downloaders":{"size":1191,"mobile":9,"satellite":1,"tor":11,"tor_exit_nodes":0,"vpn":171,"relay":0,"proxy":0,"hosting":197,"service":155},"uploaders":{"size":93,"mobile":0,"satellite":0,"tor":3,"tor_exit_nodes":0,"vpn":50,"relay":0,"proxy":0,"hosting":61,"service":50}},"geometry":{"type":"Point","coordinates":[-3.7026,40.4165]}},{"type":"Feature","properties":{"country_code":"POL","city":"Warsaw","geoname_id":"756135","h3_hexagon":599529866685054975,"downloaders":{"size":1190,"mobile":25,"satellite":1,"tor":5,"tor_exit_nodes":1,"vpn":151,"relay":0,"proxy":2,"hosting":207,"service":137},"uploaders":{"size":72,"mobile":3,"satellite":0,"tor":0,"tor_exit_nodes":0,"vpn":56,"relay":0,"proxy":0,"hosting":62,"service":56}},"geometry":{"type":"Point","coordinates":[21.01178,52.22977]}},{"type":"Feature","properties":{"country_code":"USA","city":"Seattle","geoname_id":"5809844","h3_hexagon":599697093384208383,"downloaders":{"size":1190,"mobile":2,"satellite":32,"tor":0,"tor_exit_nodes":0,"vpn":1004,"relay":1,"proxy":0,"hosting":1018,"service":996},"uploaders":{"size":353,"mobile":0,"satellite":11,"tor":0,"tor_exit_nodes":0,"vpn":289,"relay":0,"proxy":0,"hosting":293,"service":287}},"geometry":{"type":"Point","coordinates":[-122.33207,47.60621]}},{"type":"Feature","properties":{"country_code":"USA","city":"Chicago","geoname_id":"4887398","h3_hexagon":599654181292212223,"downloaders":{"size":1168,"mobile":36,"satellite":0,"tor":11,"tor_exit_nodes":0,"vpn":963,"relay":0,"proxy":0,"hosting":944,"service":897},"uploaders":{"size":372,"mobile":11,"satellite":0,"tor":4,"tor_exit_nodes":0,"vpn":335,"relay":0,"proxy":0,"hosting":318,"service":331}},"geometry":{"type":"Point","coordinates":[-87.65005,41.85003]}},{"type":"Feature","properties":{"country_code":"JPN","city":"Tokyo","geoname_id":"1850147","h3_hexagon":599811782969655295,"downloaders":{"size":1121,"mobile":274,"satellite":0,"tor":0,"tor_exit_nodes":0,"vpn":249,"relay":1,"proxy":0,"hosting":355,"service":230},"uploaders":{"size":51,"mobile":0,"satellite":0,"tor":0,"tor_exit_nodes":0,"vpn":46,"relay":0,"proxy":0,"hosting":47,"service":46}},"geometry":{"type":"Point","coordinates":[139.69171,35.6895]}},{"type":"Feature","properties":{"country_code":"SWE","city":"Stockholm","geoname_id":"2673730","h3_hexagon":599128723182059519,"downloaders":{"size":1087,"mobile":5,"satellite":10,"tor":32,"tor_exit_nodes":7,"vpn":716,"relay":0,"proxy":0,"hosting":742,"service":699},"uploaders":{"size":237,"mobile":0,"satellite":9,"tor":2,"tor_exit_nodes":1,"vpn":223,"relay":0,"proxy":0,"hosting":227,"service":221}},"geometry":{"type":"Point","coordinates":[18.06871,59.32938]}},{"type":"Feature","properties":{"country_code":"RUS","city":"Samara","geoname_id":"499099","h3_hexagon":599269108483096575,"downloaders":{"size":1078,"mobile":1,"satellite":0,"tor":0,"tor_exit_nodes":0,"vpn":41,"relay":3,"proxy":0,"hosting":6,"service":29},"uploaders":{"size":4,"mobile":0,"satellite":0,"tor":0,"tor_exit_nodes":0,"vpn":0,"relay":0,"proxy":0,"hosting":0,"service":0}},"geometry":{"type":"Point","coordinates":[50.13553,53.20767]}},{"type":"Feature","properties":{"country_code":"HKG","city":"Hong Kong","geoname_id":"1819729","h3_hexagon":600122469092687871,"downloaders":{"size":1028,"mobile":3,"satellite":0,"tor":0,"tor_exit_nodes":0,"vpn":148,"relay":36,"proxy":1,"hosting":276,"service":127},"uploaders":{"size":57,"mobile":0,"satellite":0,"tor":0,"tor_exit_nodes":0,"vpn":47,"relay":1,"proxy":0,"hosting":56,"service":48}},"geometry":{"type":"Point","coordinates":[114.17469,22.27832]}},{"type":"Feature","properties":{"country_code":"USA","city":"Ashburn","geoname_id":"4744870","h3_hexagon":599729341072408575,"downloaders":{"size":1024,"mobile":0,"satellite":1,"tor":0,"tor_exit_nodes":0,"vpn":197,"relay":0,"proxy":0,"hosting":1008,"service":197},"uploaders":{"size":118,"mobile":0,"satellite":1,"tor":0,"tor_exit_nodes":0,"vpn":71,"relay":0,"proxy":0,"hosting":107,"service":71}},"geometry":{"type":"Point","coordinates":[-77.48749,39.04372]}},{"type":"Feature","properties":{"country_code":"USA","city":"Miami","geoname_id":"4164138","h3_hexagon":600186088295759871,"downloaders":{"size":1019,"mobile":16,"satellite":0,"tor":0,"tor_exit_nodes":0,"vpn":584,"relay":32,"proxy":1,"hosting":963,"service":615},"uploaders":{"size":155,"mobile":4,"satellite":0,"tor":0,"tor_exit_nodes":0,"vpn":134,"relay":7,"proxy":0,"hosting":141,"service":141}},"geometry":{"type":"Point","coordinates":[-80.19366,25.77427]}},{"type":"Feature","properties":{"country_code":"BGR","city":"Sofia","geoname_id":"727011","h3_hexagon":599520012956336127,"downloaders":{"size":899,"mobile":9,"satellite":2,"tor":1,"tor_exit_nodes":0,"vpn":97,"relay":7,"proxy":0,"hosting":156,"service":83},"uploaders":{"size":34,"mobile":1,"satellite":0,"tor":0,"tor_exit_nodes":0,"vpn":11,"relay":2,"proxy":0,"hosting":13,"service":13}},"geometry":{"type":"Point","coordinates":[23.32415,42.69751]}},{"type":"Feature","properties":{"country_code":"SGP","city":"Singapore","geoname_id":"1880252","h3_hexagon":600757819309817855,"downloaders":{"size":882,"mobile":11,"satellite":0,"tor":0,"tor_exit_nodes":0,"vpn":535,"relay":62,"proxy":0,"hosting":750,"service":594},"uploaders":{"size":209,"mobile":0,"satellite":0,"tor":0,"tor_exit_nodes":0,"vpn":152,"relay":35,"proxy":0,"hosting":205,"service":187}},"geometry":{"type":"Point","coordinates":[103.85007,1.28967]}},{"type":"Feature","properties":{"country_code":"FIN","city":"Helsinki","geoname_id":"658225","h3_hexagon":599280485851463679,"downloaders":{"size":868,"mobile":10,"satellite":0,"tor":1,"tor_exit_nodes":0,"vpn":175,"relay":0,"proxy":0,"hosting":765,"service":119},"uploaders":{"size":61,"mobile":0,"satellite":0,"tor":0,"tor_exit_nodes":0,"vpn":37,"relay":0,"proxy":0,"hosting":60,"service":25}},"geometry":{"type":"Point","coordinates":[24.93545,60.16952]}},{"type":"Feature","properties":{"country_code":"USA","city":"San Jose","geoname_id":"5392171","h3_hexagon":599686042433355775,"downloaders":{"size":866,"mobile":6,"satellite":23,"tor":4,"tor_exit_nodes":3,"vpn":561,"relay":1,"proxy":0,"hosting":682,"service":545},"uploaders":{"size":146,"mobile":0,"satellite":7,"tor":0,"tor_exit_nodes":0,"vpn":109,"relay":0,"proxy":0,"hosting":115,"service":109}},"geometry":{"type":"Point","coordinates":[-121.89496,37.33939]}},{"type":"Feature","properties":{"country_code":"BRA","city":"São Paulo","geoname_id":"3448439","h3_hexagon":601935341502332927,"downloaders":{"size":850,"mobile":9,"satellite":5,"tor":0,"tor_exit_nodes":0,"vpn":119,"relay":13,"proxy":0,"hosting":201,"service":127},"uploaders":{"size":70,"mobile":0,"satellite":0,"tor":0,"tor_exit_nodes":0,"vpn":41,"relay":1,"proxy":0,"hosting":42,"service":42}},"geometry":{"type":"Point","coordinates":[-46.63611,-23.5475]}},{"type":"Feature","properties":{"country_code":"AUS","city":"Sydney","geoname_id":"2147714","h3_hexagon":602322242893774847,"downloaders":{"size":827,"mobile":14,"satellite":4,"tor":0,"tor_exit_nodes":0,"vpn":189,"relay":0,"proxy":0,"hosting":336,"service":172},"uploaders":{"size":102,"mobile":2,"satellite":0,"tor":0,"tor_exit_nodes":0,"vpn":33,"relay":0,"proxy":0,"hosting":53,"service":33}},"geometry":{"type":"Point","coordinates":[151.20732,-33.86785]}},{"type":"Feature","properties":{"country_code":"FRA","city":"Lille","geoname_id":"2998324","h3_hexagon":599423858302255103,"downloaders":{"size":806,"mobile":53,"satellite":0,"tor":1,"tor_exit_nodes":0,"vpn":33,"relay":0,"proxy":2,"hosting":629,"service":24},"uploaders":{"size":11,"mobile":0,"satellite":0,"tor":0,"tor_exit_nodes":0,"vpn":2,"relay":0,"proxy":0,"hosting":11,"service":2}},"geometry":{"type":"Point","coordinates":[3.05512,50.63391]}},{"type":"Feature","properties":{"country_code":"RUS","city":"Ufa","geoname_id":"479561","h3_hexagon":599274971113455615,"downloaders":{"size":805,"mobile":6,"satellite":0,"tor":0,"tor_exit_nodes":0,"vpn":18,"relay":0,"proxy":0,"hosting":0,"service":6},"uploaders":{"size":3,"mobile":0,"satellite":0,"tor":0,"tor_exit_nodes":0,"vpn":0,"relay":0,"proxy":0,"hosting":0,"service":0}},"geometry":{"type":"Point","coordinates":[55.96779,54.74306]}},{"type":"Feature","properties":{"country_code":"USA","city":"Denver","geoname_id":"5419384","h3_hexagon":599656933292507135,"downloaders":{"size":786,"mobile":0,"satellite":0,"tor":0,"tor_exit_nodes":0,"vpn":599,"relay":0,"proxy":0,"hosting":713,"service":597},"uploaders":{"size":232,"mobile":0,"satellite":0,"tor":0,"tor_exit_nodes":0,"vpn":229,"relay":0,"proxy":0,"hosting":228,"service":229}},"geometry":{"type":"Point","coordinates":[-104.9847,39.73915]}},{"type":"Feature","properties":{"country_code":"CHN","city":"Beijing","geoname_id":"1816670","h3_hexagon":599852468121108479,"downloaders":{"size":732,"mobile":0,"satellite":0,"tor":0,"tor_exit_nodes":0,"vpn":9,"relay":0,"proxy":0,"hosting":69,"service":0},"uploaders":{"size":97,"mobile":0,"satellite":0,"tor":0,"tor_exit_nodes":0,"vpn":0,"relay":0,"proxy":0,"hosting":0,"service":0}},"geometry":{"type":"Point","coordinates":[116.39723,39.9075]}},{"type":"Feature","properties":{"country_code":"DEU","city":"Berlin","geoname_id":"2950159","h3_hexagon":599526122547314687,"downloaders":{"size":701,"mobile":13,"satellite":4,"tor":28,"tor_exit_nodes":29,"vpn":342,"relay":0,"proxy":0,"hosting":190,"service":115},"uploaders":{"size":288,"mobile":0,"satellite":1,"tor":6,"tor_exit_nodes":6,"vpn":185,"relay":0,"proxy":0,"hosting":90,"service":50}},"geometry":{"type":"Point","coordinates":[13.41053,52.52437]}},{"type":"Feature","properties":{"country_code":"ITA","city":"Milan","geoname_id":"3173435","h3_hexagon":599534678122168319,"downloaders":{"size":676,"mobile":10,"satellite":10,"tor":0,"tor_exit_nodes":0,"vpn":149,"relay":0,"proxy":0,"hosting":266,"service":139},"uploaders":{"size":72,"mobile":0,"satellite":5,"tor":0,"tor_exit_nodes":0,"vpn":32,"relay":0,"proxy":0,"hosting":44,"service":32}},"geometry":{"type":"Point","coordinates":[9.18951,45.46427]}},{"type":"Feature","properties":{"country_code":"RUS","city":"Balashikha","geoname_id":"579464","h3_hexagon":599289529978847231,"downloaders":{"size":661,"mobile":0,"satellite":0,"tor":0,"tor_exit_nodes":0,"vpn":20,"relay":0,"proxy":0,"hosting":34,"service":1},"uploaders":{"size":6,"mobile":0,"satellite":0,"tor":0,"tor_exit_nodes":0,"vpn":0,"relay":0,"proxy":0,"hosting":0,"service":0}},"geometry":{"type":"Point","coordinates":[37.94794,55.79479]}},{"type":"Feature","properties":{"country_code":"USA","city":"Atlanta","geoname_id":"4180439","h3_hexagon":600188328121204735,"downloaders":{"size":656,"mobile":7,"satellite":0,"tor":0,"tor_exit_nodes":0,"vpn":471,"relay":0,"proxy":0,"hosting":525,"service":468},"uploaders":{"size":181,"mobile":0,"satellite":0,"tor":0,"tor_exit_nodes":0,"vpn":165,"relay":0,"proxy":0,"hosting":170,"service":165}},"geometry":{"type":"Point","coordinates":[-84.38798,33.749]}},{"type":"Feature","properties":{"country_code":"USA","city":"Dallas","geoname_id":"4684888","h3_hexagon":599661245439672319,"downloaders":{"size":650,"mobile":22,"satellite":3,"tor":0,"tor_exit_nodes":0,"vpn":569,"relay":0,"proxy":0,"hosting":583,"service":559},"uploaders":{"size":213,"mobile":10,"satellite":1,"tor":0,"tor_exit_nodes":0,"vpn":188,"relay":0,"proxy":0,"hosting":195,"service":187}},"geometry":{"type":"Point","coordinates":[-96.80667,32.78306]}},{"type":"Feature","properties":{"country_code":"TUR","city":"İzmir","geoname_id":"311046","h3_hexagon":600094112644857855,"downloaders":{"size":636,"mobile":18,"satellite":0,"tor":0,"tor_exit_nodes":0,"vpn":0,"relay":0,"proxy":0,"hosting":7,"service":0},"uploaders":{"size":10,"mobile":0,"satellite":0,"tor":0,"tor_exit_nodes":0,"vpn":0,"relay":0,"proxy":0,"hosting":0,"service":0}},"geometry":{"type":"Point","coordinates":[27.13838,38.41273]}},{"type":"Feature","properties":{"country_code":"UKR","city":"Kyiv","geoname_id":"703448","h3_hexagon":599513355757027327,"downloaders":{"size":623,"mobile":4,"satellite":3,"tor":0,"tor_exit_nodes":0,"vpn":47,"relay":0,"proxy":0,"hosting":136,"service":25},"uploaders":{"size":8,"mobile":0,"satellite":0,"tor":0,"tor_exit_nodes":0,"vpn":3,"relay":0,"proxy":0,"hosting":7,"service":3}},"geometry":{"type":"Point","coordinates":[30.5238,50.45466]}},{"type":"Feature","properties":{"country_code":"CZE","city":"Prague","geoname_id":"3067696","h3_hexagon":599510176407486463,"downloaders":{"size":594,"mobile":10,"satellite":2,"tor":1,"tor_exit_nodes":1,"vpn":277,"relay":0,"proxy":0,"hosting":287,"service":266},"uploaders":{"size":145,"mobile":0,"satellite":0,"tor":0,"tor_exit_nodes":0,"vpn":132,"relay":0,"proxy":0,"hosting":131,"service":132}},"geometry":{"type":"Point","coordinates":[14.42076,50.08804]}},{"type":"Feature","properties":{"country_code":"ROU","city":"Bucharest","geoname_id":"683506","h3_hexagon":599522920649195519,"downloaders":{"size":594,"mobile":0,"satellite":0,"tor":0,"tor_exit_nodes":0,"vpn":252,"relay":0,"proxy":0,"hosting":264,"service":243},"uploaders":{"size":132,"mobile":0,"satellite":0,"tor":0,"tor_exit_nodes":0,"vpn":118,"relay":0,"proxy":0,"hosting":122,"service":118}},"geometry":{"type":"Point","coordinates":[26.10626,44.43225]}},{"type":"Feature","properties":{"country_code":"USA","city":"Leesburg","geoname_id":"4769125","h3_hexagon":599729339998666751,"downloaders":{"size":592,"mobile":0,"satellite":0,"tor":0,"tor_exit_nodes":0,"vpn":82,"relay":0,"proxy":0,"hosting":588,"service":81},"uploaders":{"size":102,"mobile":0,"satellite":0,"tor":0,"tor_exit_nodes":0,"vpn":48,"relay":0,"proxy":0,"hosting":102,"service":48}},"geometry":{"type":"Point","coordinates":[-77.5636,39.11566]}},{"type":"Feature","properties":{"country_code":"RUS","city":"Barnaul","geoname_id":"1510853","h3_hexagon":599184553461940223,"downloaders":{"size":586,"mobile":3,"satellite":0,"tor":0,"tor_exit_nodes":0,"vpn":9,"relay":0,"proxy":0,"hosting":2,"service":2},"uploaders":{"size":6,"mobile":0,"satellite":0,"tor":0,"tor_exit_nodes":0,"vpn":0,"relay":0,"proxy":0,"hosting":0,"service":0}},"geometry":{"type":"Point","coordinates":[83.72786,53.36199]}},{"type":"Feature","properties":{"country_code":"LVA","city":"Riga","geoname_id":"456172","h3_hexagon":599530737489674239,"downloaders":{"size":582,"mobile":13,"satellite":0,"tor":0,"tor_exit_nodes":0,"vpn":61,"relay":0,"proxy":0,"hosting":127,"service":47},"uploaders":{"size":26,"mobile":2,"satellite":0,"tor":0,"tor_exit_nodes":0,"vpn":6,"relay":0,"proxy":0,"hosting":6,"service":6}},"geometry":{"type":"Point","coordinates":[24.10589,56.946]}},{"type":"Feature","properties":{"country_code":"AUS","city":"Melbourne","geoname_id":"2158177","h3_hexagon":602328092639231999,"downloaders":{"size":578,"mobile":12,"satellite":2,"tor":0,"tor_exit_nodes":0,"vpn":103,"relay":0,"proxy":0,"hosting":84,"service":77},"uploaders":{"size":49,"mobile":0,"satellite":0,"tor":0,"tor_exit_nodes":0,"vpn":10,"relay":0,"proxy":0,"hosting":7,"service":7}},"geometry":{"type":"Point","coordinates":[144.96332,-37.814]}},{"type":"Feature","properties":{"country_code":"CHN","city":"Zhengzhou","geoname_id":"1784658","h3_hexagon":600114582458990591,"downloaders":{"size":571,"mobile":2,"satellite":0,"tor":0,"tor_exit_nodes":0,"vpn":10,"relay":0,"proxy":0,"hosting":0,"service":0},"uploaders":{"size":8,"mobile":0,"satellite":0,"tor":0,"tor_exit_nodes":0,"vpn":0,"relay":0,"proxy":0,"hosting":0,"service":0}},"geometry":{"type":"Point","coordinates":[113.64861,34.75778]}},{"type":"Feature","properties":{"country_code":"TWN","city":"Banqiao","geoname_id":"1670029","h3_hexagon":600309204607041535,"downloaders":{"size":566,"mobile":19,"satellite":0,"tor":0,"tor_exit_nodes":0,"vpn":43,"relay":0,"proxy":0,"hosting":10,"service":8},"uploaders":{"size":10,"mobile":0,"satellite":0,"tor":0,"tor_exit_nodes":0,"vpn":0,"relay":0,"proxy":0,"hosting":0,"service":0}},"geometry":{"type":"Point","coordinates":[121.46719,25.01427]}},{"type":"Feature","properties":{"country_code":"CHE","city":"Zürich","geoname_id":"2657896","h3_hexagon":599533157703745535,"downloaders":{"size":549,"mobile":0,"satellite":0,"tor":0,"tor_exit_nodes":0,"vpn":536,"relay":0,"proxy":1,"hosting":535,"service":535},"uploaders":{"size":316,"mobile":0,"satellite":0,"tor":0,"tor_exit_nodes":0,"vpn":315,"relay":0,"proxy":0,"hosting":315,"service":315}},"geometry":{"type":"Point","coordinates":[8.4488,47.395]}},{"type":"Feature","properties":{"country_code":"FRA","city":"Marseille","geoname_id":"2995469","h3_hexagon":599988658312839167,"downloaders":{"size":530,"mobile":30,"satellite":0,"tor":0,"tor_exit_nodes":0,"vpn":318,"relay":0,"proxy":0,"hosting":349,"service":318},"uploaders":{"size":111,"mobile":0,"satellite":0,"tor":0,"tor_exit_nodes":0,"vpn":111,"relay":0,"proxy":0,"hosting":111,"service":111}},"geometry":{"type":"Point","coordinates":[5.38107,43.29695]}},{"type":"Feature","properties":{"country_code":"DEU","city":"Falkenstein","geoname_id":"2927913","h3_hexagon":599510146342715391,"downloaders":{"size":530,"mobile":0,"satellite":0,"tor":0,"tor_exit_nodes":0,"vpn":1,"relay":0,"proxy":0,"hosting":527,"service":1},"uploaders":{"size":46,"mobile":0,"satellite":0,"tor":0,"tor_exit_nodes":0,"vpn":0,"relay":0,"proxy":0,"hosting":46,"service":0}},"geometry":{"type":"Point","coordinates":[12.37129,50.47788]}},{"type":"Feature","properties":{"country_code":"NOR","city":"Oslo","geoname_id":"3143244","h3_hexagon":599147610300743679,"downloaders":{"size":506,"mobile":17,"satellite":97,"tor":0,"tor_exit_nodes":0,"vpn":196,"relay":0,"proxy":0,"hosting":195,"service":191},"uploaders":{"size":182,"mobile":0,"satellite":85,"tor":0,"tor_exit_nodes":0,"vpn":82,"relay":0,"proxy":0,"hosting":82,"service":82}},"geometry":{"type":"Point","coordinates":[10.74609,59.91273]}},{"type":"Feature","properties":{"country_code":"NLD","city":"Rotterdam","geoname_id":"2747891","h3_hexagon":599425957467521023,"downloaders":{"size":506,"mobile":14,"satellite":0,"tor":0,"tor_exit_nodes":0,"vpn":203,"relay":0,"proxy":0,"hosting":234,"service":14},"uploaders":{"size":62,"mobile":0,"satellite":0,"tor":0,"tor_exit_nodes":0,"vpn":29,"relay":0,"proxy":0,"hosting":52,"service":5}},"geometry":{"type":"Point","coordinates":[4.47917,51.9225]}},{"type":"Feature","properties":{"country_code":"BEL","city":"Brussels","geoname_id":"2800866","h3_hexagon":599535396455448575,"downloaders":{"size":493,"mobile":6,"satellite":0,"tor":0,"tor_exit_nodes":1,"vpn":130,"relay":0,"proxy":0,"hosting":123,"service":127},"uploaders":{"size":43,"mobile":0,"satellite":0,"tor":0,"tor_exit_nodes":0,"vpn":43,"relay":0,"proxy":0,"hosting":43,"service":43}},"geometry":{"type":"Point","coordinates":[4.34878,50.85045]}},{"type":"Feature","properties":{"country_code":"PRT","city":"Lisbon","geoname_id":"2267057","h3_hexagon":599985036581666815,"downloaders":{"size":468,"mobile":20,"satellite":0,"tor":0,"tor_exit_nodes":0,"vpn":64,"relay":0,"proxy":0,"hosting":63,"service":62},"uploaders":{"size":29,"mobile":0,"satellite":0,"tor":0,"tor_exit_nodes":0,"vpn":28,"relay":0,"proxy":0,"hosting":28,"service":28}},"geometry":{"type":"Point","coordinates":[-9.1498,38.72509]}},{"type":"Feature","properties":{"country_code":"RUS","city":"Vladivostok","geoname_id":"2013348","h3_hexagon":599848192481165311,"downloaders":{"size":467,"mobile":14,"satellite":0,"tor":0,"tor_exit_nodes":0,"vpn":102,"relay":0,"proxy":0,"hosting":2,"service":70},"uploaders":{"size":4,"mobile":4,"satellite":0,"tor":0,"tor_exit_nodes":0,"vpn":0,"relay":0,"proxy":0,"hosting":0,"service":0}},"geometry":{"type":"Point","coordinates":[131.87353,43.10562]}},{"type":"Feature","properties":{"country_code":"ESP","city":"Barcelona","geoname_id":"3128760","h3_hexagon":599986204812771327,"downloaders":{"size":438,"mobile":15,"satellite":0,"tor":0,"tor_exit_nodes":0,"vpn":36,"relay":0,"proxy":0,"hosting":30,"service":29},"uploaders":{"size":31,"mobile":0,"satellite":0,"tor":0,"tor_exit_nodes":0,"vpn":13,"relay":0,"proxy":0,"hosting":13,"service":13}},"geometry":{"type":"Point","coordinates":[2.15899,41.38879]}},{"type":"Feature","properties":{"country_code":"NZL","city":"Auckland","geoname_id":"2193733","h3_hexagon":602273987862462463,"downloaders":{"size":424,"mobile":78,"satellite":4,"tor":0,"tor_exit_nodes":0,"vpn":180,"relay":0,"proxy":0,"hosting":184,"service":169},"uploaders":{"size":59,"mobile":0,"satellite":0,"tor":0,"tor_exit_nodes":0,"vpn":45,"relay":0,"proxy":0,"hosting":45,"service":45}},"geometry":{"type":"Point","coordinates":[174.76349,-36.84853]}},{"type":"Feature","properties":{"country_code":"CHN","city":"Qingdao","geoname_id":"1797929","h3_hexagon":599835017668984831,"downloaders":{"size":420,"mobile":0,"satellite":0,"tor":0,"tor_exit_nodes":0,"vpn":12,"relay":0,"proxy":0,"hosting":13,"service":0},"uploaders":{"size":4,"mobile":0,"satellite":0,"tor":0,"tor_exit_nodes":0,"vpn":0,"relay":0,"proxy":0,"hosting":0,"service":0}},"geometry":{"type":"Point","coordinates":[120.38042,36.06488]}},{"type":"Feature","properties":{"country_code":"DNK","city":"Copenhagen","geoname_id":"2618425","h3_hexagon":599524487238516735,"downloaders":{"size":414,"mobile":3,"satellite":0,"tor":0,"tor_exit_nodes":0,"vpn":282,"relay":0,"proxy":0,"hosting":291,"service":272},"uploaders":{"size":145,"mobile":0,"satellite":0,"tor":0,"tor_exit_nodes":0,"vpn":132,"relay":0,"proxy":0,"hosting":143,"service":132}},"geometry":{"type":"Point","coordinates":[12.56553,55.67594]}},{"type":"Feature","properties":{"country_code":"FRA","city":"Lauterbourg","geoname_id":"3005948","h3_hexagon":599533262930444287,"downloaders":{"size":412,"mobile":0,"satellite":0,"tor":0,"tor_exit_nodes":0,"vpn":1,"relay":0,"proxy":2,"hosting":408,"service":0},"uploaders":{"size":3,"mobile":0,"satellite":0,"tor":0,"tor_exit_nodes":0,"vpn":0,"relay":0,"proxy":0,"hosting":3,"service":0}},"geometry":{"type":"Point","coordinates":[8.17846,48.97515]}},{"type":"Feature","properties":{"country_code":"LTU","city":"Vilnius","geoname_id":"593116","h3_hexagon":599528520212807679,"downloaders":{"size":388,"mobile":13,"satellite":0,"tor":2,"tor_exit_nodes":0,"vpn":24,"relay":0,"proxy":0,"hosting":29,"service":17},"uploaders":{"size":15,"mobile":3,"satellite":0,"tor":0,"tor_exit_nodes":0,"vpn":4,"relay":0,"proxy":0,"hosting":4,"service":4}},"geometry":{"type":"Point","coordinates":[25.2798,54.68916]}},{"type":"Feature","properties":{"country_code":"FRA","city":"Dunkerque","geoname_id":"3020686","h3_hexagon":599423551212093439,"downloaders":{"size":370,"mobile":3,"satellite":0,"tor":0,"tor_exit_nodes":0,"vpn":8,"relay":0,"proxy":0,"hosting":360,"service":1},"uploaders":{"size":10,"mobile":0,"satellite":0,"tor":0,"tor_exit_nodes":0,"vpn":0,"relay":0,"proxy":0,"hosting":10,"service":0}},"geometry":{"type":"Point","coordinates":[2.37681,51.0344]}},{"type":"Feature","properties":{"country_code":"ITA","city":"Rome","geoname_id":"3169070","h3_hexagon":599515334663208959,"downloaders":{"size":368,"mobile":8,"satellite":0,"tor":0,"tor_exit_nodes":0,"vpn":8,"relay":0,"proxy":0,"hosting":17,"service":3},"uploaders":{"size":29,"mobile":0,"satellite":0,"tor":0,"tor_exit_nodes":0,"vpn":0,"relay":0,"proxy":0,"hosting":0,"service":0}},"geometry":{"type":"Point","coordinates":[12.51133,41.89193]}},{"type":"Feature","properties":{"country_code":"JPN","city":"Yokohama","geoname_id":"1848354","h3_hexagon":599811813034426367,"downloaders":{"size":331,"mobile":130,"satellite":0,"tor":0,"tor_exit_nodes":0,"vpn":15,"relay":0,"proxy":0,"hosting":2,"service":9},"uploaders":{"size":3,"mobile":0,"satellite":0,"tor":0,"tor_exit_nodes":0,"vpn":0,"relay":0,"proxy":0,"hosting":0,"service":0}},"geometry":{"type":"Point","coordinates":[139.65,35.43333]}},{"type":"Feature","properties":{"country_code":"MAR","city":"Casablanca","geoname_id":"2553604","h3_hexagon":599993237821718527,"downloaders":{"size":330,"mobile":115,"satellite":0,"tor":0,"tor_exit_nodes":0,"vpn":1,"relay":0,"proxy":0,"hosting":0,"service":0},"uploaders":{"size":116,"mobile":33,"satellite":0,"tor":0,"tor_exit_nodes":0,"vpn":0,"relay":0,"proxy":0,"hosting":0,"service":0}},"geometry":{"type":"Point","coordinates":[-7.61138,33.58831]}},{"type":"Feature","properties":{"country_code":"AUS","city":"Brisbane","geoname_id":"2174003","h3_hexagon":602330960603643903,"downloaders":{"size":317,"mobile":9,"satellite":1,"tor":1,"tor_exit_nodes":0,"vpn":98,"relay":0,"proxy":0,"hosting":86,"service":85},"uploaders":{"size":45,"mobile":1,"satellite":0,"tor":0,"tor_exit_nodes":0,"vpn":23,"relay":0,"proxy":0,"hosting":22,"service":22}},"geometry":{"type":"Point","coordinates":[153.02809,-27.46794]}},{"type":"Feature","properties":{"country_code":"RUS","city":"Ulyanovsk","geoname_id":"479123","h3_hexagon":599269413425774591,"downloaders":{"size":316,"mobile":1,"satellite":0,"tor":0,"tor_exit_nodes":0,"vpn":12,"relay":0,"proxy":0,"hosting":77,"service":10},"uploaders":{"size":3,"mobile":0,"satellite":0,"tor":0,"tor_exit_nodes":0,"vpn":0,"relay":0,"proxy":0,"hosting":0,"service":0}},"geometry":{"type":"Point","coordinates":[48.38657,54.32824]}},{"type":"Feature","properties":{"country_code":"FRA","city":"Aulnay-sous-Bois","geoname_id":"3036145","h3_hexagon":599536489524625407,"downloaders":{"size":314,"mobile":101,"satellite":0,"tor":0,"tor_exit_nodes":0,"vpn":123,"relay":1,"proxy":0,"hosting":144,"service":123},"uploaders":{"size":8,"mobile":0,"satellite":0,"tor":0,"tor_exit_nodes":0,"vpn":0,"relay":0,"proxy":0,"hosting":7,"service":0}},"geometry":{"type":"Point","coordinates":[2.49402,48.93814]}},{"type":"Feature","properties":{"country_code":"IRL","city":"Dublin","geoname_id":"2964574","h3_hexagon":599403993004769279,"downloaders":{"size":311,"mobile":3,"satellite":0,"tor":0,"tor_exit_nodes":0,"vpn":106,"relay":0,"proxy":0,"hosting":136,"service":104},"uploaders":{"size":27,"mobile":0,"satellite":0,"tor":0,"tor_exit_nodes":0,"vpn":8,"relay":0,"proxy":0,"hosting":8,"service":8}},"geometry":{"type":"Point","coordinates":[-6.24889,53.33306]}},{"type":"Feature","properties":{"country_code":"JPN","city":"Osaka","geoname_id":"1853909","h3_hexagon":599794658935046143,"downloaders":{"size":306,"mobile":32,"satellite":0,"tor":0,"tor_exit_nodes":0,"vpn":48,"relay":0,"proxy":0,"hosting":50,"service":44},"uploaders":{"size":16,"mobile":0,"satellite":0,"tor":0,"tor_exit_nodes":0,"vpn":15,"relay":0,"proxy":0,"hosting":16,"service":15}},"geometry":{"type":"Point","coordinates":[135.50107,34.69379]}},{"type":"Feature","properties":{"country_code":"AUT","city":"Vienna","geoname_id":"2761369","h3_hexagon":599508008522743807,"downloaders":{"size":302,"mobile":19,"satellite":0,"tor":3,"tor_exit_nodes":1,"vpn":119,"relay":0,"proxy":1,"hosting":135,"service":118},"uploaders":{"size":46,"mobile":3,"satellite":0,"tor":0,"tor_exit_nodes":0,"vpn":35,"relay":0,"proxy":0,"hosting":34,"service":34}},"geometry":{"type":"Point","coordinates":[16.37208,48.20849]}},{"type":"Feature","properties":{"country_code":"USA","city":"Phoenix","geoname_id":"5308655","h3_hexagon":599712593921179647,"downloaders":{"size":295,"mobile":3,"satellite":0,"tor":5,"tor_exit_nodes":0,"vpn":153,"relay":0,"proxy":0,"hosting":186,"service":150},"uploaders":{"size":55,"mobile":0,"satellite":0,"tor":1,"tor_exit_nodes":0,"vpn":50,"relay":0,"proxy":0,"hosting":52,"service":50}},"geometry":{"type":"Point","coordinates":[-112.07404,33.44838]}},{"type":"Feature","properties":{"country_code":"SWE","city":"Kista","geoname_id":"2700791","h3_hexagon":599128728550768639,"downloaders":{"size":284,"mobile":3,"satellite":0,"tor":0,"tor_exit_nodes":0,"vpn":71,"relay":0,"proxy":0,"hosting":70,"service":69},"uploaders":{"size":57,"mobile":2,"satellite":0,"tor":0,"tor_exit_nodes":0,"vpn":47,"relay":0,"proxy":0,"hosting":47,"service":47}},"geometry":{"type":"Point","coordinates":[17.94479,59.40316]}},{"type":"Feature","properties":{"country_code":"EST","city":"Tallinn","geoname_id":"588409","h3_hexagon":599130146963718143,"downloaders":{"size":284,"mobile":27,"satellite":0,"tor":0,"tor_exit_nodes":0,"vpn":56,"relay":0,"proxy":0,"hosting":110,"service":50},"uploaders":{"size":20,"mobile":1,"satellite":0,"tor":0,"tor_exit_nodes":0,"vpn":5,"relay":0,"proxy":0,"hosting":17,"service":5}},"geometry":{"type":"Point","coordinates":[24.75353,59.43696]}},{"type":"Feature","properties":{"country_code":"RUS","city":"Vladimir","geoname_id":"473247","h3_hexagon":599287211770249215,"downloaders":{"size":283,"mobile":0,"satellite":0,"tor":0,"tor_exit_nodes":0,"vpn":5,"relay":0,"proxy":0,"hosting":0,"service":0},"uploaders":{"size":3,"mobile":0,"satellite":0,"tor":0,"tor_exit_nodes":0,"vpn":0,"relay":0,"proxy":0,"hosting":0,"service":0}},"geometry":{"type":"Point","coordinates":[40.39976,56.13854]}},{"type":"Feature","properties":{"country_code":"SWE","city":"Göteborg","geoname_id":"2711537","h3_hexagon":599526696999190527,"downloaders":{"size":283,"mobile":9,"satellite":0,"tor":0,"tor_exit_nodes":0,"vpn":129,"relay":0,"proxy":0,"hosting":114,"service":123},"uploaders":{"size":51,"mobile":1,"satellite":0,"tor":0,"tor_exit_nodes":0,"vpn":46,"relay":0,"proxy":0,"hosting":45,"service":46}},"geometry":{"type":"Point","coordinates":[11.9668,57.7072]}},{"type":"Feature","properties":{"country_code":"MYS","city":"Petaling Jaya","geoname_id":"1735158","h3_hexagon":600755908049371135,"downloaders":{"size":279,"mobile":17,"satellite":0,"tor":0,"tor_exit_nodes":0,"vpn":9,"relay":0,"proxy":0,"hosting":15,"service":8},"uploaders":{"size":31,"mobile":1,"satellite":0,"tor":0,"tor_exit_nodes":0,"vpn":0,"relay":0,"proxy":0,"hosting":0,"service":0}},"geometry":{"type":"Point","coordinates":[101.60671,3.10726]}},{"type":"Feature","properties":{"country_code":"ARG","city":"Buenos Aires","geoname_id":"3435910","h3_hexagon":602407239222820863,"downloaders":{"size":268,"mobile":3,"satellite":9,"tor":0,"tor_exit_nodes":0,"vpn":15,"relay":0,"proxy":0,"hosting":16,"service":15},"uploaders":{"size":11,"mobile":0,"satellite":3,"tor":0,"tor_exit_nodes":0,"vpn":7,"relay":0,"proxy":0,"hosting":7,"service":7}},"geometry":{"type":"Point","coordinates":[-58.37723,-34.61315]}},{"type":"Feature","properties":{"country_code":"JPN","city":"Ōi","geoname_id":"1854530","h3_hexagon":599811815181910015,"downloaders":{"size":262,"mobile":12,"satellite":0,"tor":0,"tor_exit_nodes":0,"vpn":142,"relay":0,"proxy":1,"hosting":238,"service":140},"uploaders":{"size":40,"mobile":0,"satellite":0,"tor":0,"tor_exit_nodes":0,"vpn":22,"relay":0,"proxy":0,"hosting":40,"service":22}},"geometry":{"type":"Point","coordinates":[139.7302,35.609]}},{"type":"Feature","properties":{"country_code":"NLD","city":"Breda","geoname_id":"2758401","h3_hexagon":599535414709059583,"downloaders":{"size":259,"mobile":1,"satellite":0,"tor":0,"tor_exit_nodes":0,"vpn":104,"relay":0,"proxy":0,"hosting":236,"service":103},"uploaders":{"size":61,"mobile":0,"satellite":0,"tor":0,"tor_exit_nodes":0,"vpn":38,"relay":0,"proxy":0,"hosting":61,"service":38}},"geometry":{"type":"Point","coordinates":[4.77596,51.58656]}},{"type":"Feature","properties":{"country_code":"EGY","city":"Cairo","geoname_id":"360630","h3_hexagon":600076239138455551,"downloaders":{"size":255,"mobile":30,"satellite":0,"tor":0,"tor_exit_nodes":0,"vpn":0,"relay":0,"proxy":0,"hosting":0,"service":0},"uploaders":{"size":3,"mobile":0,"satellite":0,"tor":0,"tor_exit_nodes":0,"vpn":0,"relay":0,"proxy":0,"hosting":0,"service":0}},"geometry":{"type":"Point","coordinates":[31.24967,30.06263]}},{"type":"Feature","properties":{"country_code":"NLD","city":"Haarlem","geoname_id":"2755003","h3_hexagon":599425712654385151,"downloaders":{"size":254,"mobile":0,"satellite":0,"tor":2,"tor_exit_nodes":2,"vpn":203,"relay":0,"proxy":0,"hosting":216,"service":2},"uploaders":{"size":9,"mobile":0,"satellite":0,"tor":0,"tor_exit_nodes":0,"vpn":0,"relay":0,"proxy":0,"hosting":0,"service":0}},"geometry":{"type":"Point","coordinates":[4.63683,52.38084]}},{"type":"Feature","properties":{"country_code":"GBR","city":"Manchester","geoname_id":"2643123","h3_hexagon":599424170761125887,"downloaders":{"size":247,"mobile":24,"satellite":0,"tor":0,"tor_exit_nodes":0,"vpn":165,"relay":2,"proxy":0,"hosting":168,"service":160},"uploaders":{"size":80,"mobile":0,"satellite":0,"tor":0,"tor_exit_nodes":0,"vpn":78,"relay":0,"proxy":0,"hosting":78,"service":77}},"geometry":{"type":"Point","coordinates":[-2.23743,53.48095]}},{"type":"Feature","properties":{"country_code":"BRA","city":"Rio de Janeiro","geoname_id":"3451190","h3_hexagon":601945261803044863,"downloaders":{"size":238,"mobile":2,"satellite":0,"tor":0,"tor_exit_nodes":0,"vpn":1,"relay":0,"proxy":0,"hosting":1,"service":0},"uploaders":{"size":13,"mobile":0,"satellite":0,"tor":0,"tor_exit_nodes":0,"vpn":0,"relay":0,"proxy":0,"hosting":0,"service":0}},"geometry":{"type":"Point","coordinates":[-43.18223,-22.90642]}},{"type":"Feature","properties":{"country_code":"USA","city":"Boston","geoname_id":"4930956","h3_hexagon":599720948706312191,"downloaders":{"size":237,"mobile":1,"satellite":0,"tor":0,"tor_exit_nodes":0,"vpn":191,"relay":0,"proxy":0,"hosting":191,"service":191},"uploaders":{"size":56,"mobile":0,"satellite":0,"tor":0,"tor_exit_nodes":0,"vpn":47,"relay":0,"proxy":0,"hosting":47,"service":47}},"geometry":{"type":"Point","coordinates":[-71.05977,42.35843]}},{"type":"Feature","properties":{"country_code":"RUS","city":"Surgut","geoname_id":"1490624","h3_hexagon":599172692909752319,"downloaders":{"size":237,"mobile":0,"satellite":0,"tor":0,"tor_exit_nodes":0,"vpn":3,"relay":0,"proxy":0,"hosting":0,"service":0},"uploaders":{"size":3,"mobile":0,"satellite":0,"tor":0,"tor_exit_nodes":0,"vpn":0,"relay":0,"proxy":0,"hosting":0,"service":0}},"geometry":{"type":"Point","coordinates":[73.41775,61.25757]}},{"type":"Feature","properties":{"country_code":"PHL","city":"Quezon City","geoname_id":"1692192","h3_hexagon":600831342707474431,"downloaders":{"size":235,"mobile":99,"satellite":3,"tor":0,"tor_exit_nodes":0,"vpn":3,"relay":0,"proxy":0,"hosting":7,"service":3},"uploaders":{"size":42,"mobile":22,"satellite":0,"tor":0,"tor_exit_nodes":0,"vpn":0,"relay":0,"proxy":0,"hosting":0,"service":0}},"geometry":{"type":"Point","coordinates":[121.0509,14.6488]}},{"type":"Feature","properties":{"country_code":"TUR","city":"Gaziantep","geoname_id":"314830","h3_hexagon":599781985560297471,"downloaders":{"size":234,"mobile":5,"satellite":0,"tor":0,"tor_exit_nodes":0,"vpn":0,"relay":0,"proxy":0,"hosting":0,"service":0},"uploaders":{"size":4,"mobile":0,"satellite":0,"tor":0,"tor_exit_nodes":0,"vpn":0,"relay":0,"proxy":0,"hosting":0,"service":0}},"geometry":{"type":"Point","coordinates":[37.3825,37.05944]}},{"type":"Feature","properties":{"country_code":"POL","city":"Ursynów","geoname_id":"6545326","h3_hexagon":599529753942163455,"downloaders":{"size":226,"mobile":3,"satellite":0,"tor":0,"tor_exit_nodes":0,"vpn":27,"relay":1,"proxy":0,"hosting":26,"service":27},"uploaders":{"size":14,"mobile":0,"satellite":0,"tor":0,"tor_exit_nodes":0,"vpn":11,"relay":0,"proxy":0,"hosting":11,"service":11}},"geometry":{"type":"Point","coordinates":[21.0068,52.1552]}},{"type":"Feature","properties":{"country_code":"GRC","city":"Athens","geoname_id":"264371","h3_hexagon":599521529079791615,"downloaders":{"size":222,"mobile":7,"satellite":3,"tor":0,"tor_exit_nodes":0,"vpn":25,"relay":0,"proxy":0,"hosting":25,"service":24},"uploaders":{"size":17,"mobile":0,"satellite":0,"tor":0,"tor_exit_nodes":0,"vpn":13,"relay":0,"proxy":0,"hosting":13,"service":13}},"geometry":{"type":"Point","coordinates":[23.72784,37.98376]}},{"type":"Feature","properties":{"country_code":"USA","city":"Washington","geoname_id":"4140963","h3_hexagon":599729186453585919,"downloaders":{"size":222,"mobile":0,"satellite":0,"tor":0,"tor_exit_nodes":0,"vpn":97,"relay":0,"proxy":0,"hosting":162,"service":94},"uploaders":{"size":24,"mobile":0,"satellite":0,"tor":0,"tor_exit_nodes":0,"vpn":21,"relay":0,"proxy":0,"hosting":19,"service":21}},"geometry":{"type":"Point","coordinates":[-77.03637,38.89511]}},{"type":"Feature","properties":{"country_code":"DEU","city":"Nürnberg","geoname_id":"2861650","h3_hexagon":599535905409073151,"downloaders":{"size":220,"mobile":1,"satellite":0,"tor":1,"tor_exit_nodes":1,"vpn":10,"relay":0,"proxy":0,"hosting":187,"service":8},"uploaders":{"size":7,"mobile":0,"satellite":0,"tor":0,"tor_exit_nodes":0,"vpn":1,"relay":0,"proxy":0,"hosting":7,"service":1}},"geometry":{"type":"Point","coordinates":[11.07752,49.45421]}},{"type":"Feature","properties":{"country_code":"UZB","city":"Tashkent","geoname_id":"1512569","h3_hexagon":599552803957899263,"downloaders":{"size":217,"mobile":5,"satellite":0,"tor":0,"tor_exit_nodes":0,"vpn":20,"relay":0,"proxy":0,"hosting":165,"service":15},"uploaders":{"size":10,"mobile":0,"satellite":0,"tor":0,"tor_exit_nodes":0,"vpn":0,"relay":0,"proxy":0,"hosting":10,"service":0}},"geometry":{"type":"Point","coordinates":[69.21627,41.26465]}},{"type":"Feature","properties":{"country_code":"PRT","city":"Vila Nova de Gaia","geoname_id":"2732544","h3_hexagon":599983845801983999,"downloaders":{"size":216,"mobile":5,"satellite":0,"tor":0,"tor_exit_nodes":0,"vpn":2,"relay":0,"proxy":0,"hosting":0,"service":0},"uploaders":{"size":3,"mobile":0,"satellite":0,"tor":0,"tor_exit_nodes":0,"vpn":0,"relay":0,"proxy":0,"hosting":0,"service":0}},"geometry":{"type":"Point","coordinates":[-8.61241,41.12401]}},{"type":"Feature","properties":{"country_code":"BGR","city":"Plovdiv","geoname_id":"728193","h3_hexagon":599519834715193343,"downloaders":{"size":210,"mobile":0,"satellite":0,"tor":0,"tor_exit_nodes":0,"vpn":6,"relay":0,"proxy":0,"hosting":10,"service":0},"uploaders":{"size":6,"mobile":0,"satellite":0,"tor":0,"tor_exit_nodes":0,"vpn":0,"relay":0,"proxy":0,"hosting":0,"service":0}},"geometry":{"type":"Point","coordinates":[24.75001,42.15387]}},{"type":"Feature","properties":{"country_code":"CHN","city":"Guangzhou","geoname_id":"1809858","h3_hexagon":600124256872824831,"downloaders":{"size":210,"mobile":4,"satellite":0,"tor":0,"tor_exit_nodes":0,"vpn":9,"relay":0,"proxy":0,"hosting":83,"service":0},"uploaders":{"size":5,"mobile":0,"satellite":0,"tor":0,"tor_exit_nodes":0,"vpn":0,"relay":0,"proxy":0,"hosting":5,"service":0}},"geometry":{"type":"Point","coordinates":[113.25,23.11667]}},{"type":"Feature","properties":{"country_code":"USA","city":"Kansas City","geoname_id":"4393217","h3_hexagon":599653166606188543,"downloaders":{"size":208,"mobile":1,"satellite":0,"tor":0,"tor_exit_nodes":0,"vpn":78,"relay":0,"proxy":0,"hosting":129,"service":74},"uploaders":{"size":45,"mobile":0,"satellite":0,"tor":0,"tor_exit_nodes":0,"vpn":31,"relay":0,"proxy":0,"hosting":32,"service":31}},"geometry":{"type":"Point","coordinates":[-94.57857,39.09973]}},{"type":"Feature","properties":{"country_code":"FRA","city":"Asnières-sur-Seine","geoname_id":"3036572","h3_hexagon":599536509925720063,"downloaders":{"size":207,"mobile":43,"satellite":0,"tor":2,"tor_exit_nodes":0,"vpn":88,"relay":0,"proxy":0,"hosting":88,"service":86},"uploaders":{"size":16,"mobile":0,"satellite":0,"tor":0,"tor_exit_nodes":0,"vpn":15,"relay":0,"proxy":0,"hosting":15,"service":15}},"geometry":{"type":"Point","coordinates":[2.28333,48.91667]}},{"type":"Feature","properties":{"country_code":"HRV","city":"Zagreb","geoname_id":"3186886","h3_hexagon":599507825986633727,"downloaders":{"size":206,"mobile":37,"satellite":1,"tor":1,"tor_exit_nodes":0,"vpn":24,"relay":0,"proxy":0,"hosting":23,"service":23},"uploaders":{"size":17,"mobile":13,"satellite":0,"tor":0,"tor_exit_nodes":0,"vpn":1,"relay":0,"proxy":0,"hosting":1,"service":1}},"geometry":{"type":"Point","coordinates":[15.97798,45.81444]}},{"type":"Feature","properties":{"country_code":"MEX","city":"Santiago de Querétaro","geoname_id":"3991164","h3_hexagon":600272041328771071,"downloaders":{"size":204,"mobile":0,"satellite":0,"tor":0,"tor_exit_nodes":0,"vpn":160,"relay":0,"proxy":0,"hosting":160,"service":160},"uploaders":{"size":71,"mobile":0,"satellite":0,"tor":0,"tor_exit_nodes":0,"vpn":71,"relay":0,"proxy":0,"hosting":71,"service":71}},"geometry":{"type":"Point","coordinates":[-100.38806,20.58806]}},{"type":"Feature","properties":{"country_code":"POL","city":"Poznań","geoname_id":"3088171","h3_hexagon":599509036093669375,"downloaders":{"size":204,"mobile":1,"satellite":0,"tor":1,"tor_exit_nodes":0,"vpn":1,"relay":0,"proxy":0,"hosting":1,"service":0},"uploaders":{"size":10,"mobile":0,"satellite":0,"tor":0,"tor_exit_nodes":0,"vpn":0,"relay":0,"proxy":0,"hosting":0,"service":0}},"geometry":{"type":"Point","coordinates":[16.92993,52.40692]}},{"type":"Feature","properties":{"country_code":"AUS","city":"Perth","geoname_id":"2063523","h3_hexagon":601919312684384255,"downloaders":{"size":199,"mobile":3,"satellite":1,"tor":0,"tor_exit_nodes":0,"vpn":51,"relay":0,"proxy":1,"hosting":43,"service":43},"uploaders":{"size":23,"mobile":0,"satellite":0,"tor":0,"tor_exit_nodes":0,"vpn":14,"relay":0,"proxy":0,"hosting":14,"service":14}},"geometry":{"type":"Point","coordinates":[115.8614,-31.95224]}},{"type":"Feature","properties":{"country_code":"USA","city":"Salt Lake City","geoname_id":"5780993","h3_hexagon":599657607602372607,"downloaders":{"size":199,"mobile":0,"satellite":0,"tor":0,"tor_exit_nodes":0,"vpn":118,"relay":0,"proxy":0,"hosting":126,"service":117},"uploaders":{"size":50,"mobile":0,"satellite":0,"tor":0,"tor_exit_nodes":0,"vpn":39,"relay":0,"proxy":0,"hosting":39,"service":39}},"geometry":{"type":"Point","coordinates":[-111.89105,40.76078]}},{"type":"Feature","properties":{"country_code":"NLD","city":"Amsterdam","geoname_id":"2759794","h3_hexagon":599425825397276671,"downloaders":{"size":199,"mobile":0,"satellite":0,"tor":0,"tor_exit_nodes":0,"vpn":40,"relay":0,"proxy":0,"hosting":192,"service":0},"uploaders":{"size":14,"mobile":0,"satellite":0,"tor":0,"tor_exit_nodes":0,"vpn":0,"relay":0,"proxy":0,"hosting":14,"service":0}},"geometry":{"type":"Point","coordinates":[4.9056,52.389]}},{"type":"Feature","properties":{"country_code":"CHN","city":"Wuxi","geoname_id":"1790923","h3_hexagon":599833677639188479,"downloaders":{"size":192,"mobile":0,"satellite":0,"tor":0,"tor_exit_nodes":0,"vpn":5,"relay":0,"proxy":0,"hosting":0,"service":0},"uploaders":{"size":88,"mobile":0,"satellite":0,"tor":0,"tor_exit_nodes":0,"vpn":3,"relay":0,"proxy":0,"hosting":0,"service":0}},"geometry":{"type":"Point","coordinates":[120.28857000000001,31.56887]}},{"type":"Feature","properties":{"country_code":"PAK","city":"Karachi","geoname_id":"1174872","h3_hexagon":600155521013514239,"downloaders":{"size":191,"mobile":2,"satellite":0,"tor":0,"tor_exit_nodes":0,"vpn":0,"relay":0,"proxy":0,"hosting":14,"service":0},"uploaders":{"size":9,"mobile":0,"satellite":0,"tor":0,"tor_exit_nodes":0,"vpn":0,"relay":0,"proxy":0,"hosting":0,"service":0}},"geometry":{"type":"Point","coordinates":[67.0104,24.8608]}},{"type":"Feature","properties":{"country_code":"CHN","city":"Changsha","geoname_id":"1815577","h3_hexagon":600131658175217663,"downloaders":{"size":190,"mobile":0,"satellite":0,"tor":0,"tor_exit_nodes":0,"vpn":0,"relay":0,"proxy":0,"hosting":0,"service":0},"uploaders":{"size":21,"mobile":0,"satellite":0,"tor":0,"tor_exit_nodes":0,"vpn":0,"relay":0,"proxy":0,"hosting":0,"service":0}},"geometry":{"type":"Point","coordinates":[112.97087,28.19874]}},{"type":"Feature","properties":{"country_code":"NLD","city":"Roelofarendsveen","geoname_id":"2748006","h3_hexagon":599425795332505599,"downloaders":{"size":189,"mobile":0,"satellite":0,"tor":0,"tor_exit_nodes":0,"vpn":0,"relay":0,"proxy":0,"hosting":161,"service":0},"uploaders":{"size":3,"mobile":0,"satellite":0,"tor":0,"tor_exit_nodes":0,"vpn":0,"relay":0,"proxy":0,"hosting":0,"service":0}},"geometry":{"type":"Point","coordinates":[4.63333,52.20333]}},{"type":"Feature","properties":{"country_code":"USA","city":"Philadelphia","geoname_id":"4560349","h3_hexagon":599718949399035903,"downloaders":{"size":186,"mobile":5,"satellite":0,"tor":0,"tor_exit_nodes":0,"vpn":4,"relay":0,"proxy":0,"hosting":3,"service":3},"uploaders":{"size":4,"mobile":0,"satellite":0,"tor":0,"tor_exit_nodes":0,"vpn":0,"relay":0,"proxy":0,"hosting":0,"service":0}},"geometry":{"type":"Point","coordinates":[-75.16362,39.95238]}},{"type":"Feature","properties":{"country_code":"MDA","city":"Chisinau","geoname_id":"618426","h3_hexagon":599511080498102271,"downloaders":{"size":180,"mobile":1,"satellite":0,"tor":0,"tor_exit_nodes":0,"vpn":30,"relay":0,"proxy":0,"hosting":51,"service":12},"uploaders":{"size":17,"mobile":0,"satellite":0,"tor":0,"tor_exit_nodes":0,"vpn":6,"relay":0,"proxy":0,"hosting":17,"service":5}},"geometry":{"type":"Point","coordinates":[28.85938,47.00902]}},{"type":"Feature","properties":{"country_code":"ITA","city":"Naples","geoname_id":"3172394","h3_hexagon":599515530084220927,"downloaders":{"size":180,"mobile":7,"satellite":0,"tor":0,"tor_exit_nodes":0,"vpn":0,"relay":0,"proxy":0,"hosting":0,"service":0},"uploaders":{"size":13,"mobile":0,"satellite":0,"tor":0,"tor_exit_nodes":0,"vpn":0,"relay":0,"proxy":0,"hosting":0,"service":0}},"geometry":{"type":"Point","coordinates":[14.26811,40.85216]}},{"type":"Feature","properties":{"country_code":"PER","city":"Lima","geoname_id":"3936456","h3_hexagon":601483627980652543,"downloaders":{"size":180,"mobile":5,"satellite":0,"tor":0,"tor_exit_nodes":0,"vpn":5,"relay":0,"proxy":0,"hosting":3,"service":4},"uploaders":{"size":6,"mobile":0,"satellite":0,"tor":0,"tor_exit_nodes":0,"vpn":0,"relay":0,"proxy":0,"hosting":0,"service":0}},"geometry":{"type":"Point","coordinates":[-77.02824,-12.04318]}},{"type":"Feature","properties":{"country_code":"KAZ","city":"Almaty","geoname_id":"1526384","h3_hexagon":599557509094572031,"downloaders":{"size":177,"mobile":6,"satellite":1,"tor":0,"tor_exit_nodes":0,"vpn":1,"relay":0,"proxy":0,"hosting":41,"service":0},"uploaders":{"size":11,"mobile":0,"satellite":0,"tor":0,"tor_exit_nodes":0,"vpn":0,"relay":0,"proxy":0,"hosting":11,"service":0}},"geometry":{"type":"Point","coordinates":[76.9115,43.25249]}},{"type":"Feature","properties":{"country_code":"ESP","city":"Valencia","geoname_id":"2509954","h3_hexagon":599987280702078975,"downloaders":{"size":176,"mobile":0,"satellite":0,"tor":0,"tor_exit_nodes":0,"vpn":4,"relay":0,"proxy":0,"hosting":4,"service":4},"uploaders":{"size":12,"mobile":0,"satellite":0,"tor":0,"tor_exit_nodes":0,"vpn":0,"relay":0,"proxy":0,"hosting":0,"service":0}},"geometry":{"type":"Point","coordinates":[-0.37966,39.47391]}},{"type":"Feature","properties":{"country_code":"POL","city":"Gdańsk","geoname_id":"3099434","h3_hexagon":599524775001325567,"downloaders":{"size":174,"mobile":0,"satellite":0,"tor":0,"tor_exit_nodes":0,"vpn":4,"relay":0,"proxy":0,"hosting":2,"service":1},"uploaders":{"size":7,"mobile":0,"satellite":0,"tor":0,"tor_exit_nodes":0,"vpn":0,"relay":0,"proxy":0,"hosting":0,"service":0}},"geometry":{"type":"Point","coordinates":[18.64912,54.35227]}},{"type":"Feature","properties":{"country_code":"SWE","city":"Malmö","geoname_id":"2692969","h3_hexagon":599524502270902271,"downloaders":{"size":174,"mobile":4,"satellite":0,"tor":0,"tor_exit_nodes":0,"vpn":87,"relay":0,"proxy":0,"hosting":85,"service":75},"uploaders":{"size":33,"mobile":1,"satellite":0,"tor":0,"tor_exit_nodes":0,"vpn":22,"relay":0,"proxy":0,"hosting":22,"service":22}},"geometry":{"type":"Point","coordinates":[13.00073,55.60587]}},{"type":"Feature","properties":{"country_code":"ZAF","city":"Johannesburg","geoname_id":"993800","h3_hexagon":602299504263167999,"downloaders":{"size":172,"mobile":7,"satellite":0,"tor":0,"tor_exit_nodes":0,"vpn":40,"relay":0,"proxy":0,"hosting":73,"service":37},"uploaders":{"size":13,"mobile":0,"satellite":0,"tor":0,"tor_exit_nodes":0,"vpn":13,"relay":0,"proxy":0,"hosting":13,"service":13}},"geometry":{"type":"Point","coordinates":[28.04363,-26.20227]}},{"type":"Feature","properties":{"country_code":"SAU","city":"Riyadh","geoname_id":"108410","h3_hexagon":600444799945801727,"downloaders":{"size":172,"mobile":29,"satellite":0,"tor":0,"tor_exit_nodes":0,"vpn":0,"relay":0,"proxy":0,"hosting":0,"service":0},"uploaders":{"size":4,"mobile":4,"satellite":0,"tor":0,"tor_exit_nodes":0,"vpn":0,"relay":0,"proxy":0,"hosting":0,"service":0}},"geometry":{"type":"Point","coordinates":[46.72185,24.68773]}},{"type":"Feature","properties":{"country_code":"RUS","city":"Serpukhov","geoname_id":"496527","h3_hexagon":599286736102621183,"downloaders":{"size":168,"mobile":0,"satellite":0,"tor":0,"tor_exit_nodes":0,"vpn":0,"relay":0,"proxy":0,"hosting":0,"service":0},"uploaders":{"size":5,"mobile":0,"satellite":0,"tor":0,"tor_exit_nodes":0,"vpn":0,"relay":0,"proxy":0,"hosting":0,"service":0}},"geometry":{"type":"Point","coordinates":[37.41618,54.9198]}},{"type":"Feature","properties":{"country_code":"USA","city":"Buffalo","geoname_id":"5110629","h3_hexagon":599729084448112639,"downloaders":{"size":164,"mobile":2,"satellite":0,"tor":0,"tor_exit_nodes":0,"vpn":50,"relay":0,"proxy":0,"hosting":144,"service":50},"uploaders":{"size":36,"mobile":0,"satellite":0,"tor":0,"tor_exit_nodes":0,"vpn":12,"relay":0,"proxy":0,"hosting":35,"service":12}},"geometry":{"type":"Point","coordinates":[-78.87837,42.88645]}},{"type":"Feature","properties":{"country_code":"AUS","city":"Adelaide","geoname_id":"2078025","h3_hexagon":602234852120461311,"downloaders":{"size":164,"mobile":10,"satellite":0,"tor":0,"tor_exit_nodes":0,"vpn":55,"relay":0,"proxy":0,"hosting":53,"service":53},"uploaders":{"size":29,"mobile":0,"satellite":0,"tor":0,"tor_exit_nodes":0,"vpn":15,"relay":0,"proxy":0,"hosting":15,"service":15}},"geometry":{"type":"Point","coordinates":[138.59863000000001,-34.92866]}},{"type":"Feature","properties":{"country_code":"JPN","city":"Nagoya","geoname_id":"1856057","h3_hexagon":599794611690405887,"downloaders":{"size":163,"mobile":27,"satellite":0,"tor":0,"tor_exit_nodes":0,"vpn":12,"relay":0,"proxy":0,"hosting":0,"service":10},"uploaders":{"size":12,"mobile":0,"satellite":0,"tor":0,"tor_exit_nodes":0,"vpn":0,"relay":0,"proxy":0,"hosting":0,"service":0}},"geometry":{"type":"Point","coordinates":[136.90641,35.18147]}},{"type":"Feature","properties":{"country_code":"POL","city":"Kraków","geoname_id":"3094802","h3_hexagon":599509706108567551,"downloaders":{"size":161,"mobile":8,"satellite":0,"tor":0,"tor_exit_nodes":0,"vpn":1,"relay":0,"proxy":0,"hosting":0,"service":0},"uploaders":{"size":12,"mobile":3,"satellite":0,"tor":0,"tor_exit_nodes":0,"vpn":0,"relay":0,"proxy":0,"hosting":0,"service":0}},"geometry":{"type":"Point","coordinates":[19.93658,50.06143]}},{"type":"Feature","properties":{"country_code":"CAN","city":"Beauharnois","geoname_id":"5896495","h3_hexagon":599746925742260223,"downloaders":{"size":160,"mobile":0,"satellite":0,"tor":0,"tor_exit_nodes":0,"vpn":0,"relay":0,"proxy":0,"hosting":160,"service":0},"uploaders":{"size":6,"mobile":0,"satellite":0,"tor":0,"tor_exit_nodes":0,"vpn":0,"relay":0,"proxy":0,"hosting":6,"service":0}},"geometry":{"type":"Point","coordinates":[-73.8725,45.31341]}},{"type":"Feature","properties":{"country_code":"ISL","city":"Reykjavík","geoname_id":"3413829","h3_hexagon":599108344635981823,"downloaders":{"size":160,"mobile":8,"satellite":0,"tor":0,"tor_exit_nodes":0,"vpn":42,"relay":0,"proxy":0,"hosting":10,"service":41},"uploaders":{"size":27,"mobile":0,"satellite":0,"tor":0,"tor_exit_nodes":0,"vpn":23,"relay":0,"proxy":0,"hosting":1,"service":23}},"geometry":{"type":"Point","coordinates":[-21.89541,64.13548]}},{"type":"Feature","properties":{"country_code":"CZE","city":"Ostrava","geoname_id":"3068799","h3_hexagon":599506918674792447,"downloaders":{"size":159,"mobile":2,"satellite":0,"tor":0,"tor_exit_nodes":0,"vpn":6,"relay":0,"proxy":0,"hosting":2,"service":0},"uploaders":{"size":17,"mobile":0,"satellite":0,"tor":0,"tor_exit_nodes":0,"vpn":0,"relay":0,"proxy":0,"hosting":0,"service":0}},"geometry":{"type":"Point","coordinates":[18.28204,49.83465]}},{"type":"Feature","properties":{"country_code":"GBR","city":"Bexley","geoname_id":"2655775","h3_hexagon":599423945275342847,"downloaders":{"size":156,"mobile":2,"satellite":0,"tor":0,"tor_exit_nodes":0,"vpn":0,"relay":0,"proxy":0,"hosting":129,"service":0},"uploaders":{"size":12,"mobile":0,"satellite":0,"tor":0,"tor_exit_nodes":0,"vpn":0,"relay":0,"proxy":0,"hosting":12,"service":0}},"geometry":{"type":"Point","coordinates":[0.14866,51.44162]}},{"type":"Feature","properties":{"country_code":"TUN","city":"Tunis","geoname_id":"2464470","h3_hexagon":599971481664880639,"downloaders":{"size":152,"mobile":11,"satellite":0,"tor":0,"tor_exit_nodes":0,"vpn":0,"relay":0,"proxy":0,"hosting":0,"service":0},"uploaders":{"size":10,"mobile":0,"satellite":0,"tor":0,"tor_exit_nodes":0,"vpn":0,"relay":0,"proxy":0,"hosting":0,"service":0}},"geometry":{"type":"Point","coordinates":[10.16579,36.81897]}},{"type":"Feature","properties":{"country_code":"SAU","city":"Jeddah","geoname_id":"105343","h3_hexagon":600450539095851007,"downloaders":{"size":151,"mobile":26,"satellite":0,"tor":0,"tor_exit_nodes":0,"vpn":0,"relay":0,"proxy":0,"hosting":0,"service":0},"uploaders":{"size":4,"mobile":0,"satellite":0,"tor":0,"tor_exit_nodes":0,"vpn":0,"relay":0,"proxy":0,"hosting":0,"service":0}},"geometry":{"type":"Point","coordinates":[39.18624,21.49012]}},{"type":"Feature","properties":{"country_code":"TUR","city":"Diyarbakır","geoname_id":"316541","h3_hexagon":599756561501388799,"downloaders":{"size":146,"mobile":34,"satellite":0,"tor":0,"tor_exit_nodes":0,"vpn":0,"relay":0,"proxy":0,"hosting":0,"service":0},"uploaders":{"size":12,"mobile":2,"satellite":0,"tor":0,"tor_exit_nodes":0,"vpn":0,"relay":0,"proxy":0,"hosting":0,"service":0}},"geometry":{"type":"Point","coordinates":[40.21721,37.91363]}},{"type":"Feature","properties":{"country_code":"CHN","city":"Shijiazhuang","geoname_id":"1795270","h3_hexagon":599851527523270655,"downloaders":{"size":142,"mobile":30,"satellite":0,"tor":0,"tor_exit_nodes":0,"vpn":0,"relay":0,"proxy":0,"hosting":0,"service":0},"uploaders":{"size":3,"mobile":3,"satellite":0,"tor":0,"tor_exit_nodes":0,"vpn":0,"relay":0,"proxy":0,"hosting":0,"service":0}},"geometry":{"type":"Point","coordinates":[114.47861,38.04139]}},{"type":"Feature","properties":{"country_code":"SVK","city":"Bratislava","geoname_id":"3060972","h3_hexagon":599506695336493055,"downloaders":{"size":141,"mobile":6,"satellite":0,"tor":0,"tor_exit_nodes":0,"vpn":24,"relay":0,"proxy":0,"hosting":23,"service":21},"uploaders":{"size":18,"mobile":5,"satellite":0,"tor":0,"tor_exit_nodes":0,"vpn":2,"relay":0,"proxy":0,"hosting":2,"service":2}},"geometry":{"type":"Point","coordinates":[17.10674,48.14816]}},{"type":"Feature","properties":{"country_code":"CAN","city":"Windsor","geoname_id":"6182962","h3_hexagon":599729908008091647,"downloaders":{"size":141,"mobile":0,"satellite":70,"tor":0,"tor_exit_nodes":0,"vpn":13,"relay":0,"proxy":0,"hosting":15,"service":13},"uploaders":{"size":64,"mobile":0,"satellite":62,"tor":0,"tor_exit_nodes":0,"vpn":0,"relay":0,"proxy":0,"hosting":0,"service":0}},"geometry":{"type":"Point","coordinates":[-83.01654,42.30008]}},{"type":"Feature","properties":{"country_code":"CAN","city":"Calgary","geoname_id":"5913490","h3_hexagon":599309485470646271,"downloaders":{"size":139,"mobile":35,"satellite":1,"tor":0,"tor_exit_nodes":0,"vpn":25,"relay":0,"proxy":0,"hosting":4,"service":22},"uploaders":{"size":29,"mobile":10,"satellite":0,"tor":0,"tor_exit_nodes":0,"vpn":14,"relay":0,"proxy":0,"hosting":0,"service":14}},"geometry":{"type":"Point","coordinates":[-114.08529,51.05011]}},{"type":"Feature","properties":{"country_code":"IDN","city":"Jakarta","geoname_id":"1642911","h3_hexagon":601442789284118527,"downloaders":{"size":137,"mobile":8,"satellite":1,"tor":0,"tor_exit_nodes":0,"vpn":19,"relay":0,"proxy":0,"hosting":18,"service":18},"uploaders":{"size":34,"mobile":0,"satellite":0,"tor":0,"tor_exit_nodes":0,"vpn":9,"relay":0,"proxy":0,"hosting":1,"service":9}},"geometry":{"type":"Point","coordinates":[106.84513,-6.21462]}},{"type":"Feature","properties":{"country_code":"URY","city":"Montevideo","geoname_id":"3441575","h3_hexagon":602408251761360895,"downloaders":{"size":136,"mobile":0,"satellite":0,"tor":0,"tor_exit_nodes":0,"vpn":2,"relay":0,"proxy":0,"hosting":0,"service":0},"uploaders":{"size":25,"mobile":0,"satellite":0,"tor":0,"tor_exit_nodes":0,"vpn":0,"relay":0,"proxy":0,"hosting":0,"service":0}},"geometry":{"type":"Point","coordinates":[-56.18816,-34.90328]}},{"type":"Feature","properties":{"country_code":"USA","city":"San Francisco","geoname_id":"5391959","h3_hexagon":599685771850416127,"downloaders":{"size":130,"mobile":4,"satellite":0,"tor":0,"tor_exit_nodes":0,"vpn":13,"relay":0,"proxy":0,"hosting":18,"service":11},"uploaders":{"size":18,"mobile":0,"satellite":0,"tor":0,"tor_exit_nodes":0,"vpn":2,"relay":0,"proxy":0,"hosting":2,"service":2}},"geometry":{"type":"Point","coordinates":[-122.41942,37.77493]}},{"type":"Feature","properties":{"country_code":"USA","city":"Columbus","geoname_id":"4509177","h3_hexagon":599727890447204351,"downloaders":{"size":128,"mobile":1,"satellite":1,"tor":0,"tor_exit_nodes":0,"vpn":30,"relay":0,"proxy":0,"hosting":98,"service":30},"uploaders":{"size":9,"mobile":0,"satellite":0,"tor":0,"tor_exit_nodes":0,"vpn":6,"relay":0,"proxy":0,"hosting":6,"service":6}},"geometry":{"type":"Point","coordinates":[-82.99879,39.96118]}},{"type":"Feature","properties":{"country_code":"COL","city":"Bogotá","geoname_id":"3688689","h3_hexagon":600788586308042751,"downloaders":{"size":127,"mobile":6,"satellite":1,"tor":0,"tor_exit_nodes":0,"vpn":16,"relay":0,"proxy":0,"hosting":19,"service":14},"uploaders":{"size":6,"mobile":0,"satellite":0,"tor":0,"tor_exit_nodes":0,"vpn":6,"relay":0,"proxy":0,"hosting":6,"service":6}},"geometry":{"type":"Point","coordinates":[-74.08175,4.60971]}},{"type":"Feature","properties":{"country_code":"IND","city":"Delhi","geoname_id":"1273294","h3_hexagon":600062944067190783,"downloaders":{"size":126,"mobile":35,"satellite":0,"tor":0,"tor_exit_nodes":0,"vpn":1,"relay":0,"proxy":0,"hosting":10,"service":0},"uploaders":{"size":3,"mobile":1,"satellite":0,"tor":0,"tor_exit_nodes":0,"vpn":0,"relay":0,"proxy":0,"hosting":0,"service":0}},"geometry":{"type":"Point","coordinates":[77.23149,28.65195]}},{"type":"Feature","properties":{"country_code":"HUN","city":"Dunakeszi","geoname_id":"3053476","h3_hexagon":599506753318551551,"downloaders":{"size":126,"mobile":0,"satellite":0,"tor":0,"tor_exit_nodes":0,"vpn":2,"relay":0,"proxy":0,"hosting":0,"service":0},"uploaders":{"size":12,"mobile":0,"satellite":0,"tor":0,"tor_exit_nodes":0,"vpn":0,"relay":0,"proxy":0,"hosting":0,"service":0}},"geometry":{"type":"Point","coordinates":[19.13864,47.63641]}},{"type":"Feature","properties":{"country_code":"FRA","city":"Bordeaux","geoname_id":"3031582","h3_hexagon":599408345954123775,"downloaders":{"size":125,"mobile":25,"satellite":0,"tor":0,"tor_exit_nodes":0,"vpn":27,"relay":0,"proxy":0,"hosting":27,"service":27},"uploaders":{"size":31,"mobile":0,"satellite":0,"tor":0,"tor_exit_nodes":0,"vpn":20,"relay":0,"proxy":0,"hosting":20,"service":20}},"geometry":{"type":"Point","coordinates":[-0.58046,44.84124]}},{"type":"Feature","properties":{"country_code":"IND","city":"Bengaluru","geoname_id":"1277333","h3_hexagon":600668999386136575,"downloaders":{"size":124,"mobile":12,"satellite":0,"tor":0,"tor_exit_nodes":0,"vpn":0,"relay":0,"proxy":0,"hosting":0,"service":0},"uploaders":{"size":8,"mobile":0,"satellite":0,"tor":0,"tor_exit_nodes":0,"vpn":0,"relay":0,"proxy":0,"hosting":0,"service":0}},"geometry":{"type":"Point","coordinates":[77.59369,12.97194]}},{"type":"Feature","properties":{"country_code":"DEU","city":"Hamburg","geoname_id":"2911298","h3_hexagon":599525598561304575,"downloaders":{"size":122,"mobile":1,"satellite":0,"tor":0,"tor_exit_nodes":0,"vpn":53,"relay":0,"proxy":0,"hosting":52,"service":52},"uploaders":{"size":43,"mobile":0,"satellite":0,"tor":0,"tor_exit_nodes":0,"vpn":41,"relay":0,"proxy":0,"hosting":41,"service":41}},"geometry":{"type":"Point","coordinates":[9.99302,53.55073]}},{"type":"Feature","properties":{"country_code":"CAN","city":"Edmonton","geoname_id":"5946768","h3_hexagon":599311682346418175,"downloaders":{"size":118,"mobile":60,"satellite":0,"tor":0,"tor_exit_nodes":0,"vpn":1,"relay":0,"proxy":0,"hosting":0,"service":0},"uploaders":{"size":12,"mobile":12,"satellite":0,"tor":0,"tor_exit_nodes":0,"vpn":0,"relay":0,"proxy":0,"hosting":0,"service":0}},"geometry":{"type":"Point","coordinates":[-113.46871,53.55014]}},{"type":"Feature","properties":{"country_code":"USA","city":"Bennett","geoname_id":"5413465","h3_hexagon":599656916112637951,"downloaders":{"size":111,"mobile":0,"satellite":0,"tor":0,"tor_exit_nodes":0,"vpn":0,"relay":111,"proxy":0,"hosting":111,"service":111},"uploaders":{"size":10,"mobile":0,"satellite":0,"tor":0,"tor_exit_nodes":0,"vpn":0,"relay":10,"proxy":0,"hosting":10,"service":10}},"geometry":{"type":"Point","coordinates":[-104.42746,39.75887]}},{"type":"Feature","properties":{"country_code":"BRA","city":"Curitiba","geoname_id":"3464975","h3_hexagon":601937619982483455,"downloaders":{"size":111,"mobile":0,"satellite":0,"tor":0,"tor_exit_nodes":0,"vpn":0,"relay":0,"proxy":0,"hosting":0,"service":0},"uploaders":{"size":4,"mobile":0,"satellite":0,"tor":0,"tor_exit_nodes":0,"vpn":0,"relay":0,"proxy":0,"hosting":0,"service":0}},"geometry":{"type":"Point","coordinates":[-49.27306,-25.42778]}},{"type":"Feature","properties":{"country_code":"USA","city":"Chicago","geoname_id":"4887398","h3_hexagon":599654178070986751,"downloaders":{"size":110,"mobile":0,"satellite":0,"tor":0,"tor_exit_nodes":0,"vpn":3,"relay":0,"proxy":0,"hosting":109,"service":2},"uploaders":{"size":9,"mobile":0,"satellite":0,"tor":0,"tor_exit_nodes":0,"vpn":0,"relay":0,"proxy":0,"hosting":9,"service":0}},"geometry":{"type":"Point","coordinates":[-87.6285,41.8798]}},{"type":"Feature","properties":{"country_code":"ROU","city":"Cluj-Napoca","geoname_id":"681290","h3_hexagon":599507288041979903,"downloaders":{"size":108,"mobile":0,"satellite":0,"tor":0,"tor_exit_nodes":0,"vpn":2,"relay":0,"proxy":0,"hosting":0,"service":0},"uploaders":{"size":38,"mobile":0,"satellite":0,"tor":0,"tor_exit_nodes":0,"vpn":0,"relay":0,"proxy":0,"hosting":0,"service":0}},"geometry":{"type":"Point","coordinates":[23.6,46.76667]}},{"type":"Feature","properties":{"country_code":"ROU","city":"Iaşi","geoname_id":"675810","h3_hexagon":599512387241902079,"downloaders":{"size":106,"mobile":1,"satellite":0,"tor":0,"tor_exit_nodes":0,"vpn":1,"relay":0,"proxy":0,"hosting":0,"service":0},"uploaders":{"size":3,"mobile":0,"satellite":0,"tor":0,"tor_exit_nodes":0,"vpn":0,"relay":0,"proxy":0,"hosting":0,"service":0}},"geometry":{"type":"Point","coordinates":[27.6,47.16667]}},{"type":"Feature","properties":{"country_code":"GBR","city":"Rochdale","geoname_id":"2639272","h3_hexagon":599423112051687423,"downloaders":{"size":101,"mobile":2,"satellite":0,"tor":6,"tor_exit_nodes":0,"vpn":6,"relay":0,"proxy":0,"hosting":0,"service":0},"uploaders":{"size":9,"mobile":0,"satellite":0,"tor":6,"tor_exit_nodes":0,"vpn":0,"relay":0,"proxy":0,"hosting":0,"service":0}},"geometry":{"type":"Point","coordinates":[-2.1833,53.5833]}},{"type":"Feature","properties":{"country_code":"DEU","city":"Düsseldorf","geoname_id":"2934246","h3_hexagon":599535458732474367,"downloaders":{"size":101,"mobile":5,"satellite":0,"tor":0,"tor_exit_nodes":0,"vpn":24,"relay":0,"proxy":0,"hosting":27,"service":24},"uploaders":{"size":23,"mobile":0,"satellite":0,"tor":0,"tor_exit_nodes":0,"vpn":21,"relay":0,"proxy":0,"hosting":21,"service":21}},"geometry":{"type":"Point","coordinates":[6.77927,51.22319]}},{"type":"Feature","properties":{"country_code":"ARE","city":"Dubai","geoname_id":"292223","h3_hexagon":600168500404682751,"downloaders":{"size":96,"mobile":16,"satellite":0,"tor":0,"tor_exit_nodes":0,"vpn":2,"relay":0,"proxy":0,"hosting":8,"service":2},"uploaders":{"size":3,"mobile":1,"satellite":0,"tor":0,"tor_exit_nodes":0,"vpn":0,"relay":0,"proxy":0,"hosting":0,"service":0}},"geometry":{"type":"Point","coordinates":[55.30927,25.07725]}},{"type":"Feature","properties":{"country_code":"SAU","city":"Dammam","geoname_id":"110336","h3_hexagon":600446483572981759,"downloaders":{"size":96,"mobile":12,"satellite":0,"tor":0,"tor_exit_nodes":0,"vpn":0,"relay":0,"proxy":0,"hosting":0,"service":0},"uploaders":{"size":5,"mobile":1,"satellite":0,"tor":0,"tor_exit_nodes":0,"vpn":0,"relay":0,"proxy":0,"hosting":0,"service":0}},"geometry":{"type":"Point","coordinates":[50.10326,26.43442]}},{"type":"Feature","properties":{"country_code":"USA","city":"Portland","geoname_id":"5746545","h3_hexagon":599698931630211071,"downloaders":{"size":96,"mobile":1,"satellite":2,"tor":0,"tor_exit_nodes":0,"vpn":8,"relay":0,"proxy":0,"hosting":17,"service":7},"uploaders":{"size":13,"mobile":0,"satellite":1,"tor":0,"tor_exit_nodes":0,"vpn":0,"relay":0,"proxy":0,"hosting":0,"service":0}},"geometry":{"type":"Point","coordinates":[-122.67621,45.52345]}},{"type":"Feature","properties":{"country_code":"USA","city":"Colonia","geoname_id":"5096798","h3_hexagon":599718750756798463,"downloaders":{"size":92,"mobile":0,"satellite":0,"tor":0,"tor_exit_nodes":0,"vpn":50,"relay":0,"proxy":0,"hosting":81,"service":50},"uploaders":{"size":28,"mobile":0,"satellite":0,"tor":0,"tor_exit_nodes":0,"vpn":17,"relay":0,"proxy":0,"hosting":28,"service":17}},"geometry":{"type":"Point","coordinates":[-74.30209,40.57455]}},{"type":"Feature","properties":{"country_code":"CAN","city":"Gatineau","geoname_id":"5959974","h3_hexagon":599744265010020351,"downloaders":{"size":92,"mobile":3,"satellite":0,"tor":0,"tor_exit_nodes":0,"vpn":1,"relay":0,"proxy":0,"hosting":0,"service":0},"uploaders":{"size":11,"mobile":0,"satellite":0,"tor":0,"tor_exit_nodes":0,"vpn":0,"relay":0,"proxy":0,"hosting":0,"service":0}},"geometry":{"type":"Point","coordinates":[-75.70164,45.47723]}},{"type":"Feature","properties":{"country_code":"TWN","city":"Zhubei","geoname_id":"1677112","h3_hexagon":600309164878594047,"downloaders":{"size":91,"mobile":0,"satellite":0,"tor":0,"tor_exit_nodes":0,"vpn":4,"relay":0,"proxy":0,"hosting":0,"service":0},"uploaders":{"size":3,"mobile":0,"satellite":0,"tor":0,"tor_exit_nodes":0,"vpn":0,"relay":0,"proxy":0,"hosting":0,"service":0}},"geometry":{"type":"Point","coordinates":[121.00778,24.83833]}},{"type":"Feature","properties":{"country_code":"USA","city":"Raleigh","geoname_id":"4487042","h3_hexagon":599732370098094079,"downloaders":{"size":90,"mobile":1,"satellite":0,"tor":1,"tor_exit_nodes":0,"vpn":24,"relay":0,"proxy":0,"hosting":24,"service":23},"uploaders":{"size":27,"mobile":0,"satellite":0,"tor":0,"tor_exit_nodes":0,"vpn":4,"relay":0,"proxy":0,"hosting":4,"service":4}},"geometry":{"type":"Point","coordinates":[-78.63861,35.7721]}},{"type":"Feature","properties":{"country_code":"USA","city":"Reston","geoname_id":"4781530","h3_hexagon":599729352883568639,"downloaders":{"size":90,"mobile":0,"satellite":0,"tor":0,"tor_exit_nodes":0,"vpn":1,"relay":0,"proxy":0,"hosting":53,"service":1},"uploaders":{"size":15,"mobile":0,"satellite":0,"tor":0,"tor_exit_nodes":0,"vpn":0,"relay":0,"proxy":0,"hosting":0,"service":0}},"geometry":{"type":"Point","coordinates":[-77.3411,38.96872]}},{"type":"Feature","properties":{"country_code":"ROU","city":"Fundeni","geoname_id":"677811","h3_hexagon":599522762809147391,"downloaders":{"size":89,"mobile":0,"satellite":0,"tor":0,"tor_exit_nodes":0,"vpn":88,"relay":0,"proxy":0,"hosting":89,"service":88},"uploaders":{"size":26,"mobile":0,"satellite":0,"tor":0,"tor_exit_nodes":0,"vpn":26,"relay":0,"proxy":0,"hosting":26,"service":26}},"geometry":{"type":"Point","coordinates":[26.16565,44.45892]}},{"type":"Feature","properties":{"country_code":"DNK","city":"Ballerup","geoname_id":"2624341","h3_hexagon":599524491533484031,"downloaders":{"size":87,"mobile":0,"satellite":0,"tor":0,"tor_exit_nodes":0,"vpn":82,"relay":0,"proxy":1,"hosting":82,"service":82},"uploaders":{"size":39,"mobile":0,"satellite":0,"tor":0,"tor_exit_nodes":0,"vpn":39,"relay":0,"proxy":0,"hosting":39,"service":39}},"geometry":{"type":"Point","coordinates":[12.36328,55.73165]}},{"type":"Feature","properties":{"country_code":"CAN","city":"Winnipeg","geoname_id":"6183235","h3_hexagon":599666810643546111,"downloaders":{"size":87,"mobile":3,"satellite":1,"tor":0,"tor_exit_nodes":0,"vpn":4,"relay":0,"proxy":0,"hosting":1,"service":1},"uploaders":{"size":7,"mobile":0,"satellite":0,"tor":0,"tor_exit_nodes":0,"vpn":0,"relay":0,"proxy":0,"hosting":0,"service":0}},"geometry":{"type":"Point","coordinates":[-97.14704,49.8844]}},{"type":"Feature","properties":{"country_code":"USA","city":"Minneapolis","geoname_id":"5037649","h3_hexagon":599670509684129791,"downloaders":{"size":87,"mobile":2,"satellite":0,"tor":0,"tor_exit_nodes":0,"vpn":5,"relay":2,"proxy":0,"hosting":3,"service":3},"uploaders":{"size":22,"mobile":0,"satellite":0,"tor":0,"tor_exit_nodes":0,"vpn":0,"relay":0,"proxy":0,"hosting":0,"service":0}},"geometry":{"type":"Point","coordinates":[-93.26384,44.97997]}},{"type":"Feature","properties":{"country_code":"FRA","city":"Athis-Mons","geoname_id":"3036460","h3_hexagon":599536507778236415,"downloaders":{"size":86,"mobile":58,"satellite":0,"tor":0,"tor_exit_nodes":0,"vpn":0,"relay":0,"proxy":0,"hosting":1,"service":0},"uploaders":{"size":11,"mobile":11,"satellite":0,"tor":0,"tor_exit_nodes":0,"vpn":0,"relay":0,"proxy":0,"hosting":0,"service":0}},"geometry":{"type":"Point","coordinates":[2.39147,48.70522]}},{"type":"Feature","properties":{"country_code":"NLD","city":"Zwolle","geoname_id":"2743477","h3_hexagon":599425811438632959,"downloaders":{"size":83,"mobile":0,"satellite":0,"tor":2,"tor_exit_nodes":2,"vpn":61,"relay":0,"proxy":0,"hosting":63,"service":61},"uploaders":{"size":43,"mobile":0,"satellite":0,"tor":0,"tor_exit_nodes":0,"vpn":43,"relay":0,"proxy":0,"hosting":43,"service":43}},"geometry":{"type":"Point","coordinates":[6.09444,52.5125]}},{"type":"Feature","properties":{"country_code":"IND","city":"Agartala","geoname_id":"1279290","h3_hexagon":600047769947734015,"downloaders":{"size":82,"mobile":19,"satellite":0,"tor":0,"tor_exit_nodes":0,"vpn":0,"relay":0,"proxy":0,"hosting":0,"service":0},"uploaders":{"size":13,"mobile":7,"satellite":0,"tor":0,"tor_exit_nodes":0,"vpn":0,"relay":0,"proxy":0,"hosting":0,"service":0}},"geometry":{"type":"Point","coordinates":[91.27939,23.83605]}},{"type":"Feature","properties":{"country_code":"USA","city":"Las Vegas","geoname_id":"5506956","h3_hexagon":599709288943845375,"downloaders":{"size":81,"mobile":0,"satellite":0,"tor":0,"tor_exit_nodes":0,"vpn":11,"relay":0,"proxy":1,"hosting":22,"service":8},"uploaders":{"size":3,"mobile":0,"satellite":0,"tor":0,"tor_exit_nodes":0,"vpn":0,"relay":0,"proxy":0,"hosting":3,"service":0}},"geometry":{"type":"Point","coordinates":[-115.13722,36.17497]}},{"type":"Feature","properties":{"country_code":"USA","city":"Austin","geoname_id":"4671654","h3_hexagon":600256260545183743,"downloaders":{"size":81,"mobile":8,"satellite":0,"tor":0,"tor_exit_nodes":0,"vpn":0,"relay":0,"proxy":0,"hosting":1,"service":0},"uploaders":{"size":24,"mobile":2,"satellite":0,"tor":0,"tor_exit_nodes":0,"vpn":0,"relay":0,"proxy":0,"hosting":0,"service":0}},"geometry":{"type":"Point","coordinates":[-97.74306,30.26715]}},{"type":"Feature","properties":{"country_code":"USA","city":"Summit","geoname_id":"5105127","h3_hexagon":599718755051765759,"downloaders":{"size":81,"mobile":0,"satellite":0,"tor":0,"tor_exit_nodes":0,"vpn":0,"relay":0,"proxy":0,"hosting":0,"service":0},"uploaders":{"size":48,"mobile":0,"satellite":0,"tor":0,"tor_exit_nodes":0,"vpn":0,"relay":0,"proxy":0,"hosting":0,"service":0}},"geometry":{"type":"Point","coordinates":[-74.36468,40.71562]}},{"type":"Feature","properties":{"country_code":"DEU","city":"Munich","geoname_id":"2867714","h3_hexagon":599533816981225471,"downloaders":{"size":79,"mobile":3,"satellite":0,"tor":0,"tor_exit_nodes":0,"vpn":1,"relay":0,"proxy":0,"hosting":1,"service":0},"uploaders":{"size":17,"mobile":0,"satellite":0,"tor":0,"tor_exit_nodes":0,"vpn":0,"relay":0,"proxy":0,"hosting":0,"service":0}},"geometry":{"type":"Point","coordinates":[11.57549,48.13743]}},{"type":"Feature","properties":{"country_code":"BGR","city":"Burgas","geoname_id":"732770","h3_hexagon":599522698384637951,"downloaders":{"size":77,"mobile":0,"satellite":0,"tor":0,"tor_exit_nodes":0,"vpn":0,"relay":0,"proxy":0,"hosting":0,"service":0},"uploaders":{"size":3,"mobile":0,"satellite":0,"tor":0,"tor_exit_nodes":0,"vpn":0,"relay":0,"proxy":0,"hosting":0,"service":0}},"geometry":{"type":"Point","coordinates":[27.46886,42.50651]}},{"type":"Feature","properties":{"country_code":"POL","city":"Lublin","geoname_id":"765876","h3_hexagon":599509611619287039,"downloaders":{"size":77,"mobile":2,"satellite":0,"tor":0,"tor_exit_nodes":0,"vpn":0,"relay":0,"proxy":0,"hosting":0,"service":0},"uploaders":{"size":3,"mobile":0,"satellite":0,"tor":0,"tor_exit_nodes":0,"vpn":0,"relay":0,"proxy":0,"hosting":0,"service":0}},"geometry":{"type":"Point","coordinates":[22.57009,51.25058]}},{"type":"Feature","properties":{"country_code":"MYS","city":"Cyberjaya","geoname_id":"6930887","h3_hexagon":600755905901887487,"downloaders":{"size":77,"mobile":3,"satellite":0,"tor":0,"tor_exit_nodes":0,"vpn":37,"relay":0,"proxy":0,"hosting":37,"service":23},"uploaders":{"size":14,"mobile":0,"satellite":0,"tor":0,"tor_exit_nodes":0,"vpn":14,"relay":0,"proxy":0,"hosting":14,"service":7}},"geometry":{"type":"Point","coordinates":[101.65718,2.92281]}},{"type":"Feature","properties":{"country_code":"FRA","city":"Chatou","geoname_id":"3026033","h3_hexagon":599536504557010943,"downloaders":{"size":75,"mobile":17,"satellite":0,"tor":0,"tor_exit_nodes":0,"vpn":4,"relay":0,"proxy":1,"hosting":4,"service":2},"uploaders":{"size":7,"mobile":7,"satellite":0,"tor":0,"tor_exit_nodes":0,"vpn":0,"relay":0,"proxy":0,"hosting":0,"service":0}},"geometry":{"type":"Point","coordinates":[2.15863,48.8898]}},{"type":"Feature","properties":{"country_code":"UKR","city":"Bila Tserkva","geoname_id":"712165","h3_hexagon":599513352535801855,"downloaders":{"size":75,"mobile":1,"satellite":0,"tor":0,"tor_exit_nodes":0,"vpn":0,"relay":0,"proxy":0,"hosting":0,"service":0},"uploaders":{"size":11,"mobile":0,"satellite":0,"tor":0,"tor_exit_nodes":0,"vpn":0,"relay":0,"proxy":0,"hosting":0,"service":0}},"geometry":{"type":"Point","coordinates":[30.12851,49.8004]}},{"type":"Feature","properties":{"country_code":"BEL","city":"Zaventem","geoname_id":"2783310","h3_hexagon":599535397529190399,"downloaders":{"size":75,"mobile":0,"satellite":0,"tor":0,"tor_exit_nodes":0,"vpn":73,"relay":0,"proxy":0,"hosting":74,"service":73},"uploaders":{"size":12,"mobile":0,"satellite":0,"tor":0,"tor_exit_nodes":0,"vpn":12,"relay":0,"proxy":0,"hosting":12,"service":12}},"geometry":{"type":"Point","coordinates":[4.47298,50.88365]}},{"type":"Feature","properties":{"country_code":"RUS","city":"Vladikavkaz","geoname_id":"473249","h3_hexagon":599755683180576767,"downloaders":{"size":74,"mobile":0,"satellite":0,"tor":0,"tor_exit_nodes":0,"vpn":1,"relay":0,"proxy":0,"hosting":0,"service":0},"uploaders":{"size":7,"mobile":0,"satellite":0,"tor":0,"tor_exit_nodes":0,"vpn":0,"relay":0,"proxy":0,"hosting":0,"service":0}},"geometry":{"type":"Point","coordinates":[44.66986,43.04101]}},{"type":"Feature","properties":{"country_code":"USA","city":"Pittsburgh","geoname_id":"5206379","h3_hexagon":599726724363583487,"downloaders":{"size":74,"mobile":0,"satellite":0,"tor":0,"tor_exit_nodes":0,"vpn":31,"relay":0,"proxy":0,"hosting":29,"service":29},"uploaders":{"size":15,"mobile":0,"satellite":0,"tor":0,"tor_exit_nodes":0,"vpn":11,"relay":0,"proxy":0,"hosting":11,"service":11}},"geometry":{"type":"Point","coordinates":[-79.99589,40.44062]}},{"type":"Feature","properties":{"country_code":"NLD","city":"Utrecht","geoname_id":"2745912","h3_hexagon":599425773857669119,"downloaders":{"size":73,"mobile":3,"satellite":0,"tor":0,"tor_exit_nodes":0,"vpn":2,"relay":0,"proxy":0,"hosting":0,"service":0},"uploaders":{"size":18,"mobile":0,"satellite":0,"tor":0,"tor_exit_nodes":0,"vpn":0,"relay":0,"proxy":0,"hosting":0,"service":0}},"geometry":{"type":"Point","coordinates":[5.12222,52.09083]}},{"type":"Feature","properties":{"country_code":"USA","city":"San Diego","geoname_id":"5391811","h3_hexagon":599711305430990847,"downloaders":{"size":72,"mobile":3,"satellite":0,"tor":0,"tor_exit_nodes":0,"vpn":6,"relay":0,"proxy":0,"hosting":1,"service":1},"uploaders":{"size":13,"mobile":0,"satellite":0,"tor":0,"tor_exit_nodes":0,"vpn":3,"relay":0,"proxy":0,"hosting":0,"service":0}},"geometry":{"type":"Point","coordinates":[-117.16472,32.71571]}},{"type":"Feature","properties":{"country_code":"USA","city":"Hialeah","geoname_id":"4158476","h3_hexagon":600186129097949183,"downloaders":{"size":72,"mobile":0,"satellite":0,"tor":0,"tor_exit_nodes":0,"vpn":72,"relay":0,"proxy":0,"hosting":72,"service":72},"uploaders":{"size":38,"mobile":0,"satellite":0,"tor":0,"tor_exit_nodes":0,"vpn":38,"relay":0,"proxy":0,"hosting":38,"service":38}},"geometry":{"type":"Point","coordinates":[-80.3889,25.9098]}},{"type":"Feature","properties":{"country_code":"USA","city":"Manassas","geoname_id":"4771401","h3_hexagon":599729348588601343,"downloaders":{"size":70,"mobile":0,"satellite":0,"tor":0,"tor_exit_nodes":0,"vpn":1,"relay":0,"proxy":0,"hosting":53,"service":0},"uploaders":{"size":3,"mobile":0,"satellite":0,"tor":0,"tor_exit_nodes":0,"vpn":0,"relay":0,"proxy":0,"hosting":3,"service":0}},"geometry":{"type":"Point","coordinates":[-77.47527,38.75095]}},{"type":"Feature","properties":{"country_code":"SWE","city":"Umeå","geoname_id":"602150","h3_hexagon":599136405804810239,"downloaders":{"size":69,"mobile":0,"satellite":0,"tor":0,"tor_exit_nodes":0,"vpn":2,"relay":0,"proxy":0,"hosting":0,"service":0},"uploaders":{"size":11,"mobile":0,"satellite":0,"tor":0,"tor_exit_nodes":0,"vpn":0,"relay":0,"proxy":0,"hosting":0,"service":0}},"geometry":{"type":"Point","coordinates":[20.25972,63.82842]}},{"type":"Feature","properties":{"country_code":"IND","city":"Mumbai","geoname_id":"1275339","h3_hexagon":600677175930126335,"downloaders":{"size":69,"mobile":9,"satellite":0,"tor":0,"tor_exit_nodes":0,"vpn":0,"relay":2,"proxy":0,"hosting":29,"service":2},"uploaders":{"size":9,"mobile":0,"satellite":0,"tor":0,"tor_exit_nodes":0,"vpn":0,"relay":0,"proxy":0,"hosting":9,"service":0}},"geometry":{"type":"Point","coordinates":[72.88261,19.07283]}},{"type":"Feature","properties":{"country_code":"LUX","city":"Luxembourg","geoname_id":"2960316","h3_hexagon":599535365316935679,"downloaders":{"size":68,"mobile":0,"satellite":0,"tor":0,"tor_exit_nodes":0,"vpn":35,"relay":0,"proxy":17,"hosting":53,"service":35},"uploaders":{"size":22,"mobile":0,"satellite":0,"tor":0,"tor_exit_nodes":0,"vpn":22,"relay":0,"proxy":0,"hosting":22,"service":22}},"geometry":{"type":"Point","coordinates":[6.13268,49.60982]}},{"type":"Feature","properties":{"country_code":"USA","city":"Bothell","geoname_id":"5787829","h3_hexagon":599697096605433855,"downloaders":{"size":66,"mobile":14,"satellite":0,"tor":0,"tor_exit_nodes":0,"vpn":12,"relay":0,"proxy":0,"hosting":0,"service":0},"uploaders":{"size":22,"mobile":1,"satellite":0,"tor":0,"tor_exit_nodes":0,"vpn":9,"relay":0,"proxy":0,"hosting":0,"service":0}},"geometry":{"type":"Point","coordinates":[-122.2054,47.76232]}},{"type":"Feature","properties":{"country_code":"USA","city":"Vancouver","geoname_id":"5814616","h3_hexagon":599698934851436543,"downloaders":{"size":65,"mobile":0,"satellite":0,"tor":0,"tor_exit_nodes":0,"vpn":0,"relay":0,"proxy":0,"hosting":0,"service":0},"uploaders":{"size":30,"mobile":0,"satellite":0,"tor":0,"tor_exit_nodes":0,"vpn":0,"relay":0,"proxy":0,"hosting":0,"service":0}},"geometry":{"type":"Point","coordinates":[-122.66149,45.63873]}},{"type":"Feature","properties":{"country_code":"USA","city":"Bend","geoname_id":"5713587","h3_hexagon":599694052547362815,"downloaders":{"size":65,"mobile":0,"satellite":0,"tor":0,"tor_exit_nodes":0,"vpn":60,"relay":0,"proxy":0,"hosting":60,"service":60},"uploaders":{"size":47,"mobile":0,"satellite":0,"tor":0,"tor_exit_nodes":0,"vpn":47,"relay":0,"proxy":0,"hosting":47,"service":47}},"geometry":{"type":"Point","coordinates":[-121.31531,44.05817]}},{"type":"Feature","properties":{"country_code":"CAN","city":"Brampton","geoname_id":"5907364","h3_hexagon":599745920719912959,"downloaders":{"size":64,"mobile":0,"satellite":0,"tor":0,"tor_exit_nodes":0,"vpn":0,"relay":0,"proxy":0,"hosting":0,"service":0},"uploaders":{"size":11,"mobile":0,"satellite":0,"tor":0,"tor_exit_nodes":0,"vpn":0,"relay":0,"proxy":0,"hosting":0,"service":0}},"geometry":{"type":"Point","coordinates":[-79.76633,43.68341]}},{"type":"Feature","properties":{"country_code":"DEU","city":"Wiesbaden","geoname_id":"2809346","h3_hexagon":599536104051310591,"downloaders":{"size":64,"mobile":0,"satellite":0,"tor":0,"tor_exit_nodes":0,"vpn":0,"relay":0,"proxy":0,"hosting":4,"service":0},"uploaders":{"size":19,"mobile":0,"satellite":0,"tor":0,"tor_exit_nodes":0,"vpn":0,"relay":0,"proxy":0,"hosting":0,"service":0}},"geometry":{"type":"Point","coordinates":[8.24435,50.08601]}},{"type":"Feature","properties":{"country_code":"USA","city":"Rochester","geoname_id":"5134086","h3_hexagon":599745738183802879,"downloaders":{"size":63,"mobile":0,"satellite":0,"tor":14,"tor_exit_nodes":0,"vpn":2,"relay":0,"proxy":0,"hosting":0,"service":0},"uploaders":{"size":18,"mobile":0,"satellite":0,"tor":12,"tor_exit_nodes":0,"vpn":0,"relay":0,"proxy":0,"hosting":0,"service":0}},"geometry":{"type":"Point","coordinates":[-77.61556,43.15478]}},{"type":"Feature","properties":{"country_code":"BGD","city":"Dhaka","geoname_id":"1185241","h3_hexagon":600050875209089023,"downloaders":{"size":63,"mobile":3,"satellite":2,"tor":0,"tor_exit_nodes":0,"vpn":13,"relay":0,"proxy":0,"hosting":2,"service":2},"uploaders":{"size":8,"mobile":0,"satellite":2,"tor":0,"tor_exit_nodes":0,"vpn":1,"relay":0,"proxy":0,"hosting":0,"service":0}},"geometry":{"type":"Point","coordinates":[90.40744,23.7104]}},{"type":"Feature","properties":{"country_code":"DEU","city":"Berlin","geoname_id":"2950159","h3_hexagon":599526121473572863,"downloaders":{"size":63,"mobile":0,"satellite":0,"tor":0,"tor_exit_nodes":0,"vpn":28,"relay":0,"proxy":0,"hosting":27,"service":27},"uploaders":{"size":12,"mobile":0,"satellite":0,"tor":0,"tor_exit_nodes":0,"vpn":8,"relay":0,"proxy":0,"hosting":8,"service":8}},"geometry":{"type":"Point","coordinates":[13.3643,52.5073]}},{"type":"Feature","properties":{"country_code":"IND","city":"Chennai","geoname_id":"1264527","h3_hexagon":600694833614422015,"downloaders":{"size":63,"mobile":12,"satellite":0,"tor":0,"tor_exit_nodes":0,"vpn":1,"relay":0,"proxy":0,"hosting":1,"service":0},"uploaders":{"size":12,"mobile":1,"satellite":0,"tor":0,"tor_exit_nodes":0,"vpn":0,"relay":0,"proxy":0,"hosting":0,"service":0}},"geometry":{"type":"Point","coordinates":[80.27847,13.08784]}},{"type":"Feature","properties":{"country_code":"USA","city":"St. Louis","geoname_id":"4407066","h3_hexagon":599651706317307903,"downloaders":{"size":62,"mobile":8,"satellite":0,"tor":0,"tor_exit_nodes":0,"vpn":16,"relay":0,"proxy":0,"hosting":41,"service":13},"uploaders":{"size":9,"mobile":8,"satellite":0,"tor":0,"tor_exit_nodes":0,"vpn":1,"relay":0,"proxy":0,"hosting":1,"service":1}},"geometry":{"type":"Point","coordinates":[-90.19789,38.62727]}},{"type":"Feature","properties":{"country_code":"NOR","city":"Trondheim","geoname_id":"3133880","h3_hexagon":599120969692348415,"downloaders":{"size":62,"mobile":1,"satellite":0,"tor":0,"tor_exit_nodes":0,"vpn":1,"relay":0,"proxy":0,"hosting":0,"service":0},"uploaders":{"size":6,"mobile":0,"satellite":0,"tor":0,"tor_exit_nodes":0,"vpn":0,"relay":0,"proxy":0,"hosting":0,"service":0}},"geometry":{"type":"Point","coordinates":[10.39506,63.43049]}},{"type":"Feature","properties":{"country_code":"ITA","city":"Bologna","geoname_id":"3181928","h3_hexagon":599517535833948159,"downloaders":{"size":61,"mobile":4,"satellite":0,"tor":0,"tor_exit_nodes":0,"vpn":1,"relay":0,"proxy":0,"hosting":0,"service":0},"uploaders":{"size":8,"mobile":0,"satellite":0,"tor":0,"tor_exit_nodes":0,"vpn":0,"relay":0,"proxy":0,"hosting":0,"service":0}},"geometry":{"type":"Point","coordinates":[11.33875,44.49381]}},{"type":"Feature","properties":{"country_code":"BRA","city":"Fortaleza","geoname_id":"3399415","h3_hexagon":601231671240425471,"downloaders":{"size":61,"mobile":0,"satellite":1,"tor":0,"tor_exit_nodes":0,"vpn":3,"relay":15,"proxy":0,"hosting":20,"service":18},"uploaders":{"size":6,"mobile":0,"satellite":0,"tor":0,"tor_exit_nodes":0,"vpn":1,"relay":4,"proxy":0,"hosting":5,"service":5}},"geometry":{"type":"Point","coordinates":[-38.54306,-3.71722]}},{"type":"Feature","properties":{"country_code":"NLD","city":"Gulpen","geoname_id":"2755045","h3_hexagon":599535151642312703,"downloaders":{"size":60,"mobile":0,"satellite":0,"tor":1,"tor_exit_nodes":1,"vpn":1,"relay":0,"proxy":0,"hosting":36,"service":1},"uploaders":{"size":13,"mobile":0,"satellite":0,"tor":0,"tor_exit_nodes":0,"vpn":0,"relay":0,"proxy":0,"hosting":13,"service":0}},"geometry":{"type":"Point","coordinates":[5.88889,50.81583]}},{"type":"Feature","properties":{"country_code":"NLD","city":"Roosendaal","geoname_id":"2747930","h3_hexagon":599535413635317759,"downloaders":{"size":58,"mobile":0,"satellite":0,"tor":0,"tor_exit_nodes":0,"vpn":11,"relay":0,"proxy":0,"hosting":40,"service":11},"uploaders":{"size":16,"mobile":0,"satellite":0,"tor":0,"tor_exit_nodes":0,"vpn":0,"relay":0,"proxy":0,"hosting":5,"service":0}},"geometry":{"type":"Point","coordinates":[4.4427,51.5349]}},{"type":"Feature","properties":{"country_code":"USA","city":"Orlando","geoname_id":"4167147","h3_hexagon":600186634830348287,"downloaders":{"size":57,"mobile":5,"satellite":0,"tor":0,"tor_exit_nodes":0,"vpn":2,"relay":0,"proxy":0,"hosting":2,"service":2},"uploaders":{"size":14,"mobile":0,"satellite":0,"tor":0,"tor_exit_nodes":0,"vpn":2,"relay":0,"proxy":0,"hosting":2,"service":2}},"geometry":{"type":"Point","coordinates":[-81.37924,28.53834]}},{"type":"Feature","properties":{"country_code":"HUN","city":"Paks","geoname_id":"3046768","h3_hexagon":599508205017497599,"downloaders":{"size":57,"mobile":0,"satellite":0,"tor":0,"tor_exit_nodes":0,"vpn":0,"relay":0,"proxy":0,"hosting":0,"service":0},"uploaders":{"size":19,"mobile":0,"satellite":0,"tor":0,"tor_exit_nodes":0,"vpn":0,"relay":0,"proxy":0,"hosting":0,"service":0}},"geometry":{"type":"Point","coordinates":[18.85569,46.6221]}},{"type":"Feature","properties":{"country_code":"USA","city":"Silver Spring","geoname_id":"4369596","h3_hexagon":599729185379844095,"downloaders":{"size":54,"mobile":0,"satellite":0,"tor":0,"tor_exit_nodes":0,"vpn":0,"relay":0,"proxy":0,"hosting":0,"service":0},"uploaders":{"size":25,"mobile":0,"satellite":0,"tor":0,"tor_exit_nodes":0,"vpn":0,"relay":0,"proxy":0,"hosting":0,"service":0}},"geometry":{"type":"Point","coordinates":[-77.02609,38.99067]}},{"type":"Feature","properties":{"country_code":"VNM","city":"Hanoi","geoname_id":"1581130","h3_hexagon":600128614117146623,"downloaders":{"size":54,"mobile":3,"satellite":0,"tor":0,"tor_exit_nodes":0,"vpn":1,"relay":0,"proxy":0,"hosting":0,"service":0},"uploaders":{"size":3,"mobile":0,"satellite":0,"tor":0,"tor_exit_nodes":0,"vpn":0,"relay":0,"proxy":0,"hosting":0,"service":0}},"geometry":{"type":"Point","coordinates":[105.84117,21.0245]}},{"type":"Feature","properties":{"country_code":"BRA","city":"Joinville","geoname_id":"3459712","h3_hexagon":601937907745292287,"downloaders":{"size":53,"mobile":0,"satellite":0,"tor":0,"tor_exit_nodes":0,"vpn":0,"relay":0,"proxy":0,"hosting":0,"service":0},"uploaders":{"size":12,"mobile":0,"satellite":0,"tor":0,"tor_exit_nodes":0,"vpn":0,"relay":0,"proxy":0,"hosting":0,"service":0}},"geometry":{"type":"Point","coordinates":[-48.84556,-26.30444]}},{"type":"Feature","properties":{"country_code":"USA","city":"Dallas","geoname_id":"4684888","h3_hexagon":599661243292188671,"downloaders":{"size":53,"mobile":2,"satellite":0,"tor":0,"tor_exit_nodes":0,"vpn":51,"relay":0,"proxy":0,"hosting":51,"service":51},"uploaders":{"size":29,"mobile":0,"satellite":0,"tor":0,"tor_exit_nodes":0,"vpn":29,"relay":0,"proxy":0,"hosting":29,"service":29}},"geometry":{"type":"Point","coordinates":[-96.7776,32.7673]}},{"type":"Feature","properties":{"country_code":"USA","city":"Hackensack","geoname_id":"5098706","h3_hexagon":599718724986994687,"downloaders":{"size":52,"mobile":0,"satellite":0,"tor":0,"tor_exit_nodes":0,"vpn":0,"relay":0,"proxy":0,"hosting":24,"service":0},"uploaders":{"size":4,"mobile":0,"satellite":0,"tor":0,"tor_exit_nodes":0,"vpn":0,"relay":0,"proxy":0,"hosting":0,"service":0}},"geometry":{"type":"Point","coordinates":[-74.04347,40.88593]}},{"type":"Feature","properties":{"country_code":"USA","city":"Jacksonville","geoname_id":"4160021","h3_hexagon":600191514986938367,"downloaders":{"size":52,"mobile":18,"satellite":0,"tor":0,"tor_exit_nodes":0,"vpn":0,"relay":0,"proxy":0,"hosting":0,"service":0},"uploaders":{"size":10,"mobile":10,"satellite":0,"tor":0,"tor_exit_nodes":0,"vpn":0,"relay":0,"proxy":0,"hosting":0,"service":0}},"geometry":{"type":"Point","coordinates":[-81.65565,30.33218]}},{"type":"Feature","properties":{"country_code":"POL","city":"Toruń","geoname_id":"3083271","h3_hexagon":599530040631230463,"downloaders":{"size":51,"mobile":0,"satellite":0,"tor":0,"tor_exit_nodes":0,"vpn":40,"relay":0,"proxy":0,"hosting":40,"service":40},"uploaders":{"size":36,"mobile":0,"satellite":0,"tor":0,"tor_exit_nodes":0,"vpn":36,"relay":0,"proxy":0,"hosting":36,"service":36}},"geometry":{"type":"Point","coordinates":[18.59814,53.01375]}},{"type":"Feature","properties":{"country_code":"NZL","city":"Christchurch","geoname_id":"2192362","h3_hexagon":602824066872639487,"downloaders":{"size":51,"mobile":7,"satellite":0,"tor":0,"tor_exit_nodes":0,"vpn":0,"relay":0,"proxy":0,"hosting":4,"service":0},"uploaders":{"size":12,"mobile":0,"satellite":0,"tor":0,"tor_exit_nodes":0,"vpn":0,"relay":0,"proxy":0,"hosting":0,"service":0}},"geometry":{"type":"Point","coordinates":[172.63333,-43.53333]}},{"type":"Feature","properties":{"country_code":"ROU","city":"Ploieşti","geoname_id":"670474","h3_hexagon":599522741334310911,"downloaders":{"size":50,"mobile":0,"satellite":0,"tor":0,"tor_exit_nodes":0,"vpn":1,"relay":0,"proxy":0,"hosting":0,"service":0},"uploaders":{"size":5,"mobile":0,"satellite":0,"tor":0,"tor_exit_nodes":0,"vpn":0,"relay":0,"proxy":0,"hosting":0,"service":0}},"geometry":{"type":"Point","coordinates":[26.01667,44.95]}},{"type":"Feature","properties":{"country_code":"USA","city":"Trenton","geoname_id":"5105496","h3_hexagon":599718983758774271,"downloaders":{"size":50,"mobile":0,"satellite":0,"tor":0,"tor_exit_nodes":0,"vpn":44,"relay":0,"proxy":0,"hosting":44,"service":44},"uploaders":{"size":13,"mobile":0,"satellite":0,"tor":0,"tor_exit_nodes":0,"vpn":13,"relay":0,"proxy":0,"hosting":13,"service":13}},"geometry":{"type":"Point","coordinates":[-74.74294,40.21705]}},{"type":"Feature","properties":{"country_code":"CAN","city":"Pickering","geoname_id":"6104111","h3_hexagon":599745689865420799,"downloaders":{"size":46,"mobile":7,"satellite":0,"tor":0,"tor_exit_nodes":0,"vpn":9,"relay":0,"proxy":0,"hosting":0,"service":0},"uploaders":{"size":9,"mobile":0,"satellite":0,"tor":0,"tor_exit_nodes":0,"vpn":9,"relay":0,"proxy":0,"hosting":0,"service":0}},"geometry":{"type":"Point","coordinates":[-79.13289,43.90012]}},{"type":"Feature","properties":{"country_code":"CHE","city":"Bern","geoname_id":"2661552","h3_hexagon":599533128712716287,"downloaders":{"size":46,"mobile":1,"satellite":0,"tor":0,"tor_exit_nodes":0,"vpn":1,"relay":0,"proxy":0,"hosting":1,"service":0},"uploaders":{"size":10,"mobile":0,"satellite":0,"tor":0,"tor_exit_nodes":0,"vpn":0,"relay":0,"proxy":0,"hosting":0,"service":0}},"geometry":{"type":"Point","coordinates":[7.44744,46.94809]}},{"type":"Feature","properties":{"country_code":"NLD","city":"Wijchen","geoname_id":"2744514","h3_hexagon":599425785668829183,"downloaders":{"size":45,"mobile":12,"satellite":0,"tor":0,"tor_exit_nodes":0,"vpn":0,"relay":0,"proxy":0,"hosting":4,"service":0},"uploaders":{"size":23,"mobile":10,"satellite":0,"tor":0,"tor_exit_nodes":0,"vpn":0,"relay":0,"proxy":0,"hosting":1,"service":0}},"geometry":{"type":"Point","coordinates":[5.725,51.80917]}},{"type":"Feature","properties":{"country_code":"USA","city":"Melbourne","geoname_id":"4163971","h3_hexagon":600186575774547967,"downloaders":{"size":45,"mobile":3,"satellite":0,"tor":0,"tor_exit_nodes":0,"vpn":0,"relay":0,"proxy":0,"hosting":0,"service":0},"uploaders":{"size":35,"mobile":0,"satellite":0,"tor":0,"tor_exit_nodes":0,"vpn":0,"relay":0,"proxy":0,"hosting":0,"service":0}},"geometry":{"type":"Point","coordinates":[-80.60811,28.08363]}},{"type":"Feature","properties":{"country_code":"POL","city":"Gliwice","geoname_id":"3099230","h3_hexagon":599508933014454271,"downloaders":{"size":45,"mobile":1,"satellite":0,"tor":0,"tor_exit_nodes":0,"vpn":0,"relay":0,"proxy":0,"hosting":0,"service":0},"uploaders":{"size":10,"mobile":0,"satellite":0,"tor":0,"tor_exit_nodes":0,"vpn":0,"relay":0,"proxy":0,"hosting":0,"service":0}},"geometry":{"type":"Point","coordinates":[18.67658,50.29761]}},{"type":"Feature","properties":{"country_code":"SWE","city":"Åkersberga","geoname_id":"2727234","h3_hexagon":599128463336538111,"downloaders":{"size":45,"mobile":0,"satellite":0,"tor":0,"tor_exit_nodes":0,"vpn":41,"relay":0,"proxy":0,"hosting":0,"service":41},"uploaders":{"size":28,"mobile":0,"satellite":0,"tor":0,"tor_exit_nodes":0,"vpn":28,"relay":0,"proxy":0,"hosting":0,"service":28}},"geometry":{"type":"Point","coordinates":[18.29967,59.47944]}},{"type":"Feature","properties":{"country_code":"USA","city":"Cranston","geoname_id":"5221659","h3_hexagon":599721133389905919,"downloaders":{"size":44,"mobile":3,"satellite":0,"tor":0,"tor_exit_nodes":0,"vpn":6,"relay":0,"proxy":0,"hosting":6,"service":6},"uploaders":{"size":4,"mobile":2,"satellite":0,"tor":0,"tor_exit_nodes":0,"vpn":2,"relay":0,"proxy":0,"hosting":2,"service":2}},"geometry":{"type":"Point","coordinates":[-71.43728,41.77982]}},{"type":"Feature","properties":{"country_code":"NLD","city":"Heerhugowaard","geoname_id":"2754659","h3_hexagon":599425749161607167,"downloaders":{"size":44,"mobile":0,"satellite":0,"tor":0,"tor_exit_nodes":0,"vpn":24,"relay":0,"proxy":0,"hosting":24,"service":24},"uploaders":{"size":14,"mobile":0,"satellite":0,"tor":0,"tor_exit_nodes":0,"vpn":14,"relay":0,"proxy":0,"hosting":14,"service":14}},"geometry":{"type":"Point","coordinates":[4.84862,52.67144]}},{"type":"Feature","properties":{"country_code":"BRA","city":"Nova Andradina","geoname_id":"6317707","h3_hexagon":601935176146092031,"downloaders":{"size":44,"mobile":0,"satellite":0,"tor":0,"tor_exit_nodes":0,"vpn":0,"relay":0,"proxy":0,"hosting":0,"service":0},"uploaders":{"size":15,"mobile":0,"satellite":0,"tor":0,"tor_exit_nodes":0,"vpn":0,"relay":0,"proxy":0,"hosting":0,"service":0}},"geometry":{"type":"Point","coordinates":[-53.34306,-22.23333]}},{"type":"Feature","properties":{"country_code":"HRV","city":"Rijeka","geoname_id":"3191648","h3_hexagon":599507781963218943,"downloaders":{"size":44,"mobile":0,"satellite":0,"tor":0,"tor_exit_nodes":0,"vpn":1,"relay":0,"proxy":0,"hosting":0,"service":0},"uploaders":{"size":11,"mobile":0,"satellite":0,"tor":0,"tor_exit_nodes":0,"vpn":0,"relay":0,"proxy":0,"hosting":0,"service":0}},"geometry":{"type":"Point","coordinates":[14.44241,45.32673]}},{"type":"Feature","properties":{"country_code":"DEU","city":"Limburg an der Lahn","geoname_id":"2877648","h3_hexagon":599536105125052415,"downloaders":{"size":44,"mobile":0,"satellite":0,"tor":0,"tor_exit_nodes":0,"vpn":0,"relay":0,"proxy":0,"hosting":0,"service":0},"uploaders":{"size":32,"mobile":0,"satellite":0,"tor":0,"tor_exit_nodes":0,"vpn":0,"relay":0,"proxy":0,"hosting":0,"service":0}},"geometry":{"type":"Point","coordinates":[8.0503,50.3836]}},{"type":"Feature","properties":{"country_code":"DEU","city":"Rostock","geoname_id":"2844588","h3_hexagon":599524135051198463,"downloaders":{"size":43,"mobile":0,"satellite":0,"tor":0,"tor_exit_nodes":0,"vpn":42,"relay":0,"proxy":0,"hosting":42,"service":42},"uploaders":{"size":28,"mobile":0,"satellite":0,"tor":0,"tor_exit_nodes":0,"vpn":28,"relay":0,"proxy":0,"hosting":28,"service":28}},"geometry":{"type":"Point","coordinates":[12.14049,54.0887]}},{"type":"Feature","properties":{"country_code":"USA","city":"Chattanooga","geoname_id":"4612862","h3_hexagon":600189131280089087,"downloaders":{"size":43,"mobile":0,"satellite":0,"tor":0,"tor_exit_nodes":0,"vpn":1,"relay":0,"proxy":0,"hosting":0,"service":0},"uploaders":{"size":10,"mobile":0,"satellite":0,"tor":0,"tor_exit_nodes":0,"vpn":0,"relay":0,"proxy":0,"hosting":0,"service":0}},"geometry":{"type":"Point","coordinates":[-85.30968,35.04563]}},{"type":"Feature","properties":{"country_code":"USA","city":"Charlotte","geoname_id":"4460243","h3_hexagon":600189883973107711,"downloaders":{"size":43,"mobile":6,"satellite":0,"tor":0,"tor_exit_nodes":0,"vpn":5,"relay":0,"proxy":0,"hosting":6,"service":5},"uploaders":{"size":7,"mobile":2,"satellite":0,"tor":0,"tor_exit_nodes":0,"vpn":0,"relay":0,"proxy":0,"hosting":0,"service":0}},"geometry":{"type":"Point","coordinates":[-80.84313,35.22709]}},{"type":"Feature","properties":{"country_code":"NOR","city":"Bergen","geoname_id":"3161732","h3_hexagon":599145950295883775,"downloaders":{"size":42,"mobile":1,"satellite":0,"tor":0,"tor_exit_nodes":0,"vpn":5,"relay":0,"proxy":0,"hosting":0,"service":0},"uploaders":{"size":3,"mobile":0,"satellite":0,"tor":0,"tor_exit_nodes":0,"vpn":2,"relay":0,"proxy":0,"hosting":0,"service":0}},"geometry":{"type":"Point","coordinates":[5.32415,60.39299]}},{"type":"Feature","properties":{"country_code":"SWE","city":"Norrköping","geoname_id":"2688368","h3_hexagon":599131796231159807,"downloaders":{"size":41,"mobile":1,"satellite":0,"tor":0,"tor_exit_nodes":0,"vpn":2,"relay":0,"proxy":0,"hosting":0,"service":0},"uploaders":{"size":10,"mobile":0,"satellite":0,"tor":0,"tor_exit_nodes":0,"vpn":0,"relay":0,"proxy":0,"hosting":0,"service":0}},"geometry":{"type":"Point","coordinates":[16.1826,58.59419]}},{"type":"Feature","properties":{"country_code":"MEX","city":"Celaya","geoname_id":"4014875","h3_hexagon":600272024148901887,"downloaders":{"size":40,"mobile":0,"satellite":0,"tor":0,"tor_exit_nodes":0,"vpn":0,"relay":0,"proxy":0,"hosting":0,"service":0},"uploaders":{"size":13,"mobile":0,"satellite":0,"tor":0,"tor_exit_nodes":0,"vpn":0,"relay":0,"proxy":0,"hosting":0,"service":0}},"geometry":{"type":"Point","coordinates":[-100.8157,20.52353]}},{"type":"Feature","properties":{"country_code":"ARG","city":"Ciudad del Libertador General San Martín","geoname_id":"3433779","h3_hexagon":602407240296562687,"downloaders":{"size":40,"mobile":2,"satellite":0,"tor":0,"tor_exit_nodes":0,"vpn":0,"relay":0,"proxy":0,"hosting":0,"service":0},"uploaders":{"size":4,"mobile":0,"satellite":0,"tor":0,"tor_exit_nodes":0,"vpn":0,"relay":0,"proxy":0,"hosting":0,"service":0}},"geometry":{"type":"Point","coordinates":[-58.53864,-34.57789]}},{"type":"Feature","properties":{"country_code":"USA","city":"Fremont","geoname_id":"5350734","h3_hexagon":599686038138388479,"downloaders":{"size":40,"mobile":0,"satellite":0,"tor":0,"tor_exit_nodes":0,"vpn":2,"relay":0,"proxy":0,"hosting":11,"service":1},"uploaders":{"size":11,"mobile":0,"satellite":0,"tor":0,"tor_exit_nodes":0,"vpn":0,"relay":0,"proxy":0,"hosting":0,"service":0}},"geometry":{"type":"Point","coordinates":[-121.98857,37.54827]}},{"type":"Feature","properties":{"country_code":"FRA","city":"Conflans-Sainte-Honorine","geoname_id":"3023924","h3_hexagon":599536508851978239,"downloaders":{"size":40,"mobile":3,"satellite":0,"tor":0,"tor_exit_nodes":0,"vpn":1,"relay":0,"proxy":0,"hosting":0,"service":0},"uploaders":{"size":3,"mobile":0,"satellite":0,"tor":0,"tor_exit_nodes":0,"vpn":0,"relay":0,"proxy":0,"hosting":0,"service":0}},"geometry":{"type":"Point","coordinates":[2.09694,49.00158]}},{"type":"Feature","properties":{"country_code":"AUT","city":"Langenzersdorf","geoname_id":"2772998","h3_hexagon":599506949813305343,"downloaders":{"size":39,"mobile":0,"satellite":0,"tor":0,"tor_exit_nodes":0,"vpn":34,"relay":0,"proxy":0,"hosting":35,"service":31},"uploaders":{"size":12,"mobile":0,"satellite":0,"tor":0,"tor_exit_nodes":0,"vpn":12,"relay":0,"proxy":0,"hosting":11,"service":11}},"geometry":{"type":"Point","coordinates":[16.36143,48.30432]}},{"type":"Feature","properties":{"country_code":"NZL","city":"Wellington","geoname_id":"2179537","h3_hexagon":602271330351448063,"downloaders":{"size":38,"mobile":13,"satellite":0,"tor":0,"tor_exit_nodes":0,"vpn":0,"relay":0,"proxy":0,"hosting":12,"service":0},"uploaders":{"size":12,"mobile":2,"satellite":0,"tor":0,"tor_exit_nodes":0,"vpn":0,"relay":0,"proxy":0,"hosting":10,"service":0}},"geometry":{"type":"Point","coordinates":[174.77557,-41.28664]}},{"type":"Feature","properties":{"country_code":"SWE","city":"Västerås","geoname_id":"2664454","h3_hexagon":599128737140703231,"downloaders":{"size":38,"mobile":0,"satellite":0,"tor":0,"tor_exit_nodes":0,"vpn":0,"relay":0,"proxy":0,"hosting":0,"service":0},"uploaders":{"size":9,"mobile":0,"satellite":0,"tor":0,"tor_exit_nodes":0,"vpn":0,"relay":0,"proxy":0,"hosting":0,"service":0}},"geometry":{"type":"Point","coordinates":[16.55276,59.61617]}},{"type":"Feature","properties":{"country_code":"DEU","city":"Mannheim","geoname_id":"2873891","h3_hexagon":599536092240150527,"downloaders":{"size":37,"mobile":0,"satellite":0,"tor":0,"tor_exit_nodes":0,"vpn":0,"relay":0,"proxy":0,"hosting":0,"service":0},"uploaders":{"size":7,"mobile":0,"satellite":0,"tor":0,"tor_exit_nodes":0,"vpn":0,"relay":0,"proxy":0,"hosting":0,"service":0}},"geometry":{"type":"Point","coordinates":[8.46694,49.4891]}},{"type":"Feature","properties":{"country_code":"USA","city":"San Antonio","geoname_id":"4726206","h3_hexagon":600256113442553855,"downloaders":{"size":37,"mobile":14,"satellite":0,"tor":0,"tor_exit_nodes":0,"vpn":0,"relay":0,"proxy":0,"hosting":2,"service":0},"uploaders":{"size":3,"mobile":1,"satellite":0,"tor":0,"tor_exit_nodes":0,"vpn":0,"relay":0,"proxy":0,"hosting":0,"service":0}},"geometry":{"type":"Point","coordinates":[-98.49363,29.42412]}},{"type":"Feature","properties":{"country_code":"NLD","city":"Vlaardingen","geoname_id":"2745467","h3_hexagon":599425952098811903,"downloaders":{"size":37,"mobile":0,"satellite":0,"tor":0,"tor_exit_nodes":0,"vpn":3,"relay":0,"proxy":0,"hosting":0,"service":0},"uploaders":{"size":5,"mobile":0,"satellite":0,"tor":0,"tor_exit_nodes":0,"vpn":0,"relay":0,"proxy":0,"hosting":0,"service":0}},"geometry":{"type":"Point","coordinates":[4.34167,51.9125]}},{"type":"Feature","properties":{"country_code":"USA","city":"Malden","geoname_id":"4942939","h3_hexagon":599720953001279487,"downloaders":{"size":36,"mobile":0,"satellite":0,"tor":0,"tor_exit_nodes":0,"vpn":0,"relay":0,"proxy":0,"hosting":0,"service":0},"uploaders":{"size":3,"mobile":0,"satellite":0,"tor":0,"tor_exit_nodes":0,"vpn":0,"relay":0,"proxy":0,"hosting":0,"service":0}},"geometry":{"type":"Point","coordinates":[-71.06616,42.4251]}},{"type":"Feature","properties":{"country_code":"ITA","city":"Catania","geoname_id":"2525068","h3_hexagon":600090753980432383,"downloaders":{"size":36,"mobile":0,"satellite":0,"tor":0,"tor_exit_nodes":0,"vpn":0,"relay":0,"proxy":0,"hosting":0,"service":0},"uploaders":{"size":7,"mobile":0,"satellite":0,"tor":0,"tor_exit_nodes":0,"vpn":0,"relay":0,"proxy":0,"hosting":0,"service":0}},"geometry":{"type":"Point","coordinates":[15.07041,37.49223]}},{"type":"Feature","properties":{"country_code":"IND","city":"Kanayannur","geoname_id":"12501153","h3_hexagon":600667932086763519,"downloaders":{"size":36,"mobile":22,"satellite":0,"tor":0,"tor_exit_nodes":0,"vpn":0,"relay":0,"proxy":0,"hosting":0,"service":0},"uploaders":{"size":3,"mobile":2,"satellite":0,"tor":0,"tor_exit_nodes":0,"vpn":0,"relay":0,"proxy":0,"hosting":0,"service":0}},"geometry":{"type":"Point","coordinates":[76.26667,9.96667]}},{"type":"Feature","properties":{"country_code":"USA","city":"Richmond","geoname_id":"4781708","h3_hexagon":599727353576292351,"downloaders":{"size":36,"mobile":0,"satellite":0,"tor":0,"tor_exit_nodes":0,"vpn":0,"relay":0,"proxy":0,"hosting":0,"service":0},"uploaders":{"size":11,"mobile":0,"satellite":0,"tor":0,"tor_exit_nodes":0,"vpn":0,"relay":0,"proxy":0,"hosting":0,"service":0}},"geometry":{"type":"Point","coordinates":[-77.46026,37.55376]}},{"type":"Feature","properties":{"country_code":"ROU","city":"Galaţi","geoname_id":"677697","h3_hexagon":599513000348483583,"downloaders":{"size":35,"mobile":0,"satellite":0,"tor":0,"tor_exit_nodes":0,"vpn":0,"relay":0,"proxy":0,"hosting":0,"service":0},"uploaders":{"size":9,"mobile":0,"satellite":0,"tor":0,"tor_exit_nodes":0,"vpn":0,"relay":0,"proxy":0,"hosting":0,"service":0}},"geometry":{"type":"Point","coordinates":[28.05028,45.43687]}},{"type":"Feature","properties":{"country_code":"USA","city":"McAllen","geoname_id":"4709796","h3_hexagon":600257725129031679,"downloaders":{"size":34,"mobile":0,"satellite":0,"tor":0,"tor_exit_nodes":0,"vpn":15,"relay":0,"proxy":0,"hosting":15,"service":15},"uploaders":{"size":13,"mobile":0,"satellite":0,"tor":0,"tor_exit_nodes":0,"vpn":2,"relay":0,"proxy":0,"hosting":2,"service":2}},"geometry":{"type":"Point","coordinates":[-98.23001,26.20341]}},{"type":"Feature","properties":{"country_code":"USA","city":"Anaheim","geoname_id":"5323810","h3_hexagon":599711074576498687,"downloaders":{"size":34,"mobile":2,"satellite":0,"tor":0,"tor_exit_nodes":0,"vpn":3,"relay":0,"proxy":0,"hosting":0,"service":3},"uploaders":{"size":9,"mobile":1,"satellite":0,"tor":0,"tor_exit_nodes":0,"vpn":0,"relay":0,"proxy":0,"hosting":0,"service":0}},"geometry":{"type":"Point","coordinates":[-117.9145,33.83529]}},{"type":"Feature","properties":{"country_code":"DEU","city":"Braunschweig","geoname_id":"2945024","h3_hexagon":599525305429786623,"downloaders":{"size":34,"mobile":1,"satellite":0,"tor":0,"tor_exit_nodes":0,"vpn":0,"relay":0,"proxy":0,"hosting":0,"service":0},"uploaders":{"size":22,"mobile":0,"satellite":0,"tor":0,"tor_exit_nodes":0,"vpn":0,"relay":0,"proxy":0,"hosting":0,"service":0}},"geometry":{"type":"Point","coordinates":[10.52673,52.26594]}},{"type":"Feature","properties":{"country_code":"HUN","city":"Szekszárd","geoname_id":"3044760","h3_hexagon":599508223271108607,"downloaders":{"size":33,"mobile":0,"satellite":0,"tor":0,"tor_exit_nodes":0,"vpn":1,"relay":0,"proxy":0,"hosting":0,"service":0},"uploaders":{"size":5,"mobile":0,"satellite":0,"tor":0,"tor_exit_nodes":0,"vpn":0,"relay":0,"proxy":0,"hosting":0,"service":0}},"geometry":{"type":"Point","coordinates":[18.71189,46.34723]}},{"type":"Feature","properties":{"country_code":"MAR","city":"Temara","geoname_id":"2529013","h3_hexagon":599993079981670399,"downloaders":{"size":33,"mobile":0,"satellite":0,"tor":0,"tor_exit_nodes":0,"vpn":0,"relay":0,"proxy":0,"hosting":0,"service":0},"uploaders":{"size":18,"mobile":0,"satellite":0,"tor":0,"tor_exit_nodes":0,"vpn":0,"relay":0,"proxy":0,"hosting":0,"service":0}},"geometry":{"type":"Point","coordinates":[-6.90656,33.92866]}},{"type":"Feature","properties":{"country_code":"CAN","city":"Nepean","geoname_id":"6087029","h3_hexagon":599744260715053055,"downloaders":{"size":33,"mobile":1,"satellite":0,"tor":0,"tor_exit_nodes":0,"vpn":0,"relay":0,"proxy":0,"hosting":0,"service":0},"uploaders":{"size":7,"mobile":0,"satellite":0,"tor":0,"tor_exit_nodes":0,"vpn":0,"relay":0,"proxy":0,"hosting":0,"service":0}},"geometry":{"type":"Point","coordinates":[-75.7225,45.33619]}},{"type":"Feature","properties":{"country_code":"ARG","city":"Rosario","geoname_id":"3838583","h3_hexagon":602407827633340415,"downloaders":{"size":32,"mobile":1,"satellite":0,"tor":0,"tor_exit_nodes":0,"vpn":0,"relay":0,"proxy":0,"hosting":0,"service":0},"uploaders":{"size":3,"mobile":0,"satellite":0,"tor":0,"tor_exit_nodes":0,"vpn":0,"relay":0,"proxy":0,"hosting":0,"service":0}},"geometry":{"type":"Point","coordinates":[-60.63932,-32.94682]}},{"type":"Feature","properties":{"country_code":"CIV","city":"Abidjan","geoname_id":"2293538","h3_hexagon":601038760636841983,"downloaders":{"size":32,"mobile":4,"satellite":0,"tor":0,"tor_exit_nodes":0,"vpn":0,"relay":0,"proxy":0,"hosting":0,"service":0},"uploaders":{"size":3,"mobile":1,"satellite":0,"tor":0,"tor_exit_nodes":0,"vpn":0,"relay":0,"proxy":0,"hosting":0,"service":0}},"geometry":{"type":"Point","coordinates":[-4.00167,5.35444]}},{"type":"Feature","properties":{"country_code":"JOR","city":"Irbid","geoname_id":"248946","h3_hexagon":599782740400799743,"downloaders":{"size":32,"mobile":1,"satellite":0,"tor":0,"tor_exit_nodes":0,"vpn":0,"relay":0,"proxy":0,"hosting":0,"service":0},"uploaders":{"size":7,"mobile":0,"satellite":0,"tor":0,"tor_exit_nodes":0,"vpn":0,"relay":0,"proxy":0,"hosting":0,"service":0}},"geometry":{"type":"Point","coordinates":[35.85,32.55556]}},{"type":"Feature","properties":{"country_code":"MYS","city":"Johor Bahru","geoname_id":"1732752","h3_hexagon":600758183308296191,"downloaders":{"size":32,"mobile":12,"satellite":0,"tor":0,"tor_exit_nodes":0,"vpn":13,"relay":0,"proxy":0,"hosting":13,"service":13},"uploaders":{"size":17,"mobile":5,"satellite":0,"tor":0,"tor_exit_nodes":0,"vpn":12,"relay":0,"proxy":0,"hosting":12,"service":12}},"geometry":{"type":"Point","coordinates":[103.7578,1.4655]}},{"type":"Feature","properties":{"country_code":"GBR","city":"Newport","geoname_id":"2641598","h3_hexagon":599424635691335679,"downloaders":{"size":32,"mobile":1,"satellite":0,"tor":0,"tor_exit_nodes":0,"vpn":0,"relay":0,"proxy":0,"hosting":0,"service":0},"uploaders":{"size":7,"mobile":0,"satellite":0,"tor":0,"tor_exit_nodes":0,"vpn":0,"relay":0,"proxy":0,"hosting":0,"service":0}},"geometry":{"type":"Point","coordinates":[-2.99835,51.58774]}},{"type":"Feature","properties":{"country_code":"MYS","city":"Rawang","geoname_id":"1735150","h3_hexagon":600755938114142207,"downloaders":{"size":32,"mobile":0,"satellite":0,"tor":0,"tor_exit_nodes":0,"vpn":0,"relay":0,"proxy":0,"hosting":0,"service":0},"uploaders":{"size":16,"mobile":0,"satellite":0,"tor":0,"tor_exit_nodes":0,"vpn":0,"relay":0,"proxy":0,"hosting":0,"service":0}},"geometry":{"type":"Point","coordinates":[101.5767,3.3213]}},{"type":"Feature","properties":{"country_code":"SWE","city":"Linköping","geoname_id":"2694762","h3_hexagon":599131845623283711,"downloaders":{"size":32,"mobile":1,"satellite":0,"tor":0,"tor_exit_nodes":0,"vpn":2,"relay":0,"proxy":0,"hosting":0,"service":0},"uploaders":{"size":12,"mobile":0,"satellite":0,"tor":0,"tor_exit_nodes":0,"vpn":0,"relay":0,"proxy":0,"hosting":0,"service":0}},"geometry":{"type":"Point","coordinates":[15.62157,58.41086]}},{"type":"Feature","properties":{"country_code":"USA","city":"Tampa","geoname_id":"4174757","h3_hexagon":600176843378655231,"downloaders":{"size":31,"mobile":0,"satellite":0,"tor":0,"tor_exit_nodes":0,"vpn":0,"relay":0,"proxy":0,"hosting":2,"service":0},"uploaders":{"size":9,"mobile":0,"satellite":0,"tor":0,"tor_exit_nodes":0,"vpn":0,"relay":0,"proxy":0,"hosting":0,"service":0}},"geometry":{"type":"Point","coordinates":[-82.45843,27.94752]}},{"type":"Feature","properties":{"country_code":"IND","city":"Kolkata","geoname_id":"1275004","h3_hexagon":600050965403402239,"downloaders":{"size":31,"mobile":9,"satellite":0,"tor":0,"tor_exit_nodes":0,"vpn":0,"relay":0,"proxy":0,"hosting":0,"service":0},"uploaders":{"size":3,"mobile":2,"satellite":0,"tor":0,"tor_exit_nodes":0,"vpn":0,"relay":0,"proxy":0,"hosting":0,"service":0}},"geometry":{"type":"Point","coordinates":[88.36304,22.56263]}},{"type":"Feature","properties":{"country_code":"JPN","city":"Hiratsuka","geoname_id":"1862462","h3_hexagon":599811894638804991,"downloaders":{"size":31,"mobile":5,"satellite":0,"tor":0,"tor_exit_nodes":0,"vpn":0,"relay":0,"proxy":0,"hosting":0,"service":0},"uploaders":{"size":9,"mobile":0,"satellite":0,"tor":0,"tor_exit_nodes":0,"vpn":0,"relay":0,"proxy":0,"hosting":0,"service":0}},"geometry":{"type":"Point","coordinates":[139.33735,35.32785]}},{"type":"Feature","properties":{"country_code":"CZE","city":"Brno","geoname_id":"3078610","h3_hexagon":599506969140658175,"downloaders":{"size":31,"mobile":0,"satellite":0,"tor":0,"tor_exit_nodes":0,"vpn":1,"relay":0,"proxy":0,"hosting":0,"service":0},"uploaders":{"size":6,"mobile":0,"satellite":0,"tor":0,"tor_exit_nodes":0,"vpn":0,"relay":0,"proxy":0,"hosting":0,"service":0}},"geometry":{"type":"Point","coordinates":[16.60796,49.19522]}},{"type":"Feature","properties":{"country_code":"ISL","city":"Keflavík","geoname_id":"3415496","h3_hexagon":599108287727665151,"downloaders":{"size":31,"mobile":0,"satellite":0,"tor":0,"tor_exit_nodes":0,"vpn":29,"relay":0,"proxy":0,"hosting":31,"service":29},"uploaders":{"size":8,"mobile":0,"satellite":0,"tor":0,"tor_exit_nodes":0,"vpn":8,"relay":0,"proxy":0,"hosting":8,"service":8}},"geometry":{"type":"Point","coordinates":[-22.56242,64.00492]}},{"type":"Feature","properties":{"country_code":"USA","city":"Baton Rouge","geoname_id":"4315588","h3_hexagon":600179469751156735,"downloaders":{"size":30,"mobile":11,"satellite":0,"tor":0,"tor_exit_nodes":0,"vpn":0,"relay":0,"proxy":0,"hosting":0,"service":0},"uploaders":{"size":10,"mobile":10,"satellite":0,"tor":0,"tor_exit_nodes":0,"vpn":0,"relay":0,"proxy":0,"hosting":0,"service":0}},"geometry":{"type":"Point","coordinates":[-91.18747,30.44332]}},{"type":"Feature","properties":{"country_code":"USA","city":"Concord","geoname_id":"5084868","h3_hexagon":599721345990787071,"downloaders":{"size":30,"mobile":0,"satellite":0,"tor":0,"tor_exit_nodes":0,"vpn":29,"relay":0,"proxy":0,"hosting":29,"service":29},"uploaders":{"size":8,"mobile":0,"satellite":0,"tor":0,"tor_exit_nodes":0,"vpn":8,"relay":0,"proxy":0,"hosting":8,"service":8}},"geometry":{"type":"Point","coordinates":[-71.53757,43.20814]}},{"type":"Feature","properties":{"country_code":"USA","city":"Mountain View","geoname_id":"5375480","h3_hexagon":599686043507097599,"downloaders":{"size":29,"mobile":1,"satellite":0,"tor":0,"tor_exit_nodes":0,"vpn":0,"relay":0,"proxy":0,"hosting":0,"service":0},"uploaders":{"size":19,"mobile":0,"satellite":0,"tor":0,"tor_exit_nodes":0,"vpn":0,"relay":0,"proxy":0,"hosting":0,"service":0}},"geometry":{"type":"Point","coordinates":[-122.08385,37.38605]}},{"type":"Feature","properties":{"country_code":"CAN","city":"Regina","geoname_id":"6119109","h3_hexagon":599675854770929663,"downloaders":{"size":29,"mobile":12,"satellite":1,"tor":6,"tor_exit_nodes":0,"vpn":0,"relay":0,"proxy":0,"hosting":0,"service":0},"uploaders":{"size":6,"mobile":2,"satellite":0,"tor":4,"tor_exit_nodes":0,"vpn":0,"relay":0,"proxy":0,"hosting":0,"service":0}},"geometry":{"type":"Point","coordinates":[-104.6178,50.45008]}},{"type":"Feature","properties":{"country_code":"USA","city":"Lowell","geoname_id":"4942618","h3_hexagon":599720954075021311,"downloaders":{"size":29,"mobile":0,"satellite":0,"tor":0,"tor_exit_nodes":0,"vpn":0,"relay":0,"proxy":0,"hosting":0,"service":0},"uploaders":{"size":22,"mobile":0,"satellite":0,"tor":0,"tor_exit_nodes":0,"vpn":0,"relay":0,"proxy":0,"hosting":0,"service":0}},"geometry":{"type":"Point","coordinates":[-71.31617,42.63342]}},{"type":"Feature","properties":{"country_code":"ITA","city":"Legnano","geoname_id":"3174921","h3_hexagon":599534681343393791,"downloaders":{"size":29,"mobile":0,"satellite":0,"tor":0,"tor_exit_nodes":0,"vpn":0,"relay":0,"proxy":0,"hosting":0,"service":0},"uploaders":{"size":15,"mobile":0,"satellite":0,"tor":0,"tor_exit_nodes":0,"vpn":0,"relay":0,"proxy":0,"hosting":0,"service":0}},"geometry":{"type":"Point","coordinates":[8.91506,45.59788]}},{"type":"Feature","properties":{"country_code":"GBR","city":"Birkenhead","geoname_id":"2655613","h3_hexagon":599424123516485631,"downloaders":{"size":29,"mobile":2,"satellite":0,"tor":0,"tor_exit_nodes":0,"vpn":0,"relay":0,"proxy":0,"hosting":0,"service":0},"uploaders":{"size":6,"mobile":0,"satellite":0,"tor":0,"tor_exit_nodes":0,"vpn":0,"relay":0,"proxy":0,"hosting":0,"service":0}},"geometry":{"type":"Point","coordinates":[-3.01479,53.39337]}},{"type":"Feature","properties":{"country_code":"USA","city":"Bethesda","geoname_id":"4348599","h3_hexagon":599729188601069567,"downloaders":{"size":28,"mobile":0,"satellite":0,"tor":0,"tor_exit_nodes":0,"vpn":1,"relay":0,"proxy":0,"hosting":0,"service":0},"uploaders":{"size":5,"mobile":0,"satellite":0,"tor":0,"tor_exit_nodes":0,"vpn":0,"relay":0,"proxy":0,"hosting":0,"service":0}},"geometry":{"type":"Point","coordinates":[-77.10026,38.98067]}},{"type":"Feature","properties":{"country_code":"GBR","city":"Bristol","geoname_id":"2654675","h3_hexagon":599424634617593855,"downloaders":{"size":28,"mobile":17,"satellite":0,"tor":0,"tor_exit_nodes":0,"vpn":0,"relay":0,"proxy":0,"hosting":0,"service":0},"uploaders":{"size":3,"mobile":3,"satellite":0,"tor":0,"tor_exit_nodes":0,"vpn":0,"relay":0,"proxy":0,"hosting":0,"service":0}},"geometry":{"type":"Point","coordinates":[-2.59665,51.45523]}},{"type":"Feature","properties":{"country_code":"ARG","city":"La Plata","geoname_id":"3432043","h3_hexagon":602407212379275263,"downloaders":{"size":28,"mobile":0,"satellite":0,"tor":0,"tor_exit_nodes":0,"vpn":0,"relay":0,"proxy":0,"hosting":0,"service":0},"uploaders":{"size":3,"mobile":0,"satellite":0,"tor":0,"tor_exit_nodes":0,"vpn":0,"relay":0,"proxy":0,"hosting":0,"service":0}},"geometry":{"type":"Point","coordinates":[-57.95442,-34.92126]}},{"type":"Feature","properties":{"country_code":"USA","city":"Torrance","geoname_id":"5403022","h3_hexagon":599711395625304063,"downloaders":{"size":28,"mobile":0,"satellite":0,"tor":0,"tor_exit_nodes":0,"vpn":0,"relay":0,"proxy":0,"hosting":13,"service":0},"uploaders":{"size":3,"mobile":0,"satellite":0,"tor":0,"tor_exit_nodes":0,"vpn":0,"relay":0,"proxy":0,"hosting":3,"service":0}},"geometry":{"type":"Point","coordinates":[-118.3118,33.8268]}},{"type":"Feature","properties":{"country_code":"ROU","city":"Târgu Mureş","geoname_id":"665004","h3_hexagon":599512447371444223,"downloaders":{"size":28,"mobile":0,"satellite":0,"tor":0,"tor_exit_nodes":0,"vpn":1,"relay":0,"proxy":0,"hosting":0,"service":0},"uploaders":{"size":3,"mobile":0,"satellite":0,"tor":0,"tor_exit_nodes":0,"vpn":0,"relay":0,"proxy":0,"hosting":0,"service":0}},"geometry":{"type":"Point","coordinates":[24.55747,46.54245]}},{"type":"Feature","properties":{"country_code":"USA","city":"Fresno","geoname_id":"5350937","h3_hexagon":599711822974550015,"downloaders":{"size":28,"mobile":1,"satellite":0,"tor":0,"tor_exit_nodes":0,"vpn":0,"relay":0,"proxy":0,"hosting":0,"service":0},"uploaders":{"size":9,"mobile":0,"satellite":0,"tor":0,"tor_exit_nodes":0,"vpn":0,"relay":0,"proxy":0,"hosting":0,"service":0}},"geometry":{"type":"Point","coordinates":[-119.77237,36.74773]}},{"type":"Feature","properties":{"country_code":"USA","city":"Rahway","geoname_id":"5103055","h3_hexagon":599718748609314815,"downloaders":{"size":28,"mobile":0,"satellite":0,"tor":0,"tor_exit_nodes":0,"vpn":1,"relay":0,"proxy":0,"hosting":1,"service":1},"uploaders":{"size":14,"mobile":0,"satellite":0,"tor":0,"tor_exit_nodes":0,"vpn":0,"relay":0,"proxy":0,"hosting":0,"service":0}},"geometry":{"type":"Point","coordinates":[-74.27765,40.60816]}},{"type":"Feature","properties":{"country_code":"CAN","city":"Saanich","geoname_id":"6136944","h3_hexagon":599696814211334143,"downloaders":{"size":27,"mobile":0,"satellite":0,"tor":0,"tor_exit_nodes":0,"vpn":0,"relay":0,"proxy":0,"hosting":0,"service":0},"uploaders":{"size":15,"mobile":0,"satellite":0,"tor":0,"tor_exit_nodes":0,"vpn":0,"relay":0,"proxy":0,"hosting":0,"service":0}},"geometry":{"type":"Point","coordinates":[-123.36931,48.54964]}},{"type":"Feature","properties":{"country_code":"PRT","city":"Setúbal","geoname_id":"2262963","h3_hexagon":599982990029750271,"downloaders":{"size":27,"mobile":0,"satellite":0,"tor":0,"tor_exit_nodes":0,"vpn":0,"relay":0,"proxy":0,"hosting":0,"service":0},"uploaders":{"size":8,"mobile":0,"satellite":0,"tor":0,"tor_exit_nodes":0,"vpn":0,"relay":0,"proxy":0,"hosting":0,"service":0}},"geometry":{"type":"Point","coordinates":[-8.8882,38.5244]}},{"type":"Feature","properties":{"country_code":"GBR","city":"Broadstairs","geoname_id":"2654635","h3_hexagon":599423555507060735,"downloaders":{"size":27,"mobile":2,"satellite":0,"tor":0,"tor_exit_nodes":0,"vpn":0,"relay":0,"proxy":0,"hosting":0,"service":0},"uploaders":{"size":11,"mobile":0,"satellite":0,"tor":0,"tor_exit_nodes":0,"vpn":0,"relay":0,"proxy":0,"hosting":0,"service":0}},"geometry":{"type":"Point","coordinates":[1.44185,51.35845]}},{"type":"Feature","properties":{"country_code":"USA","city":"Catonsville","geoname_id":"4350635","h3_hexagon":599729219739582463,"downloaders":{"size":27,"mobile":4,"satellite":0,"tor":0,"tor_exit_nodes":0,"vpn":2,"relay":0,"proxy":0,"hosting":2,"service":2},"uploaders":{"size":11,"mobile":0,"satellite":0,"tor":0,"tor_exit_nodes":0,"vpn":0,"relay":0,"proxy":0,"hosting":0,"service":0}},"geometry":{"type":"Point","coordinates":[-76.73192,39.27205]}},{"type":"Feature","properties":{"country_code":"DEU","city":"Bremen","geoname_id":"2944388","h3_hexagon":599525576012726271,"downloaders":{"size":27,"mobile":3,"satellite":0,"tor":0,"tor_exit_nodes":0,"vpn":0,"relay":0,"proxy":0,"hosting":4,"service":0},"uploaders":{"size":4,"mobile":0,"satellite":0,"tor":0,"tor_exit_nodes":0,"vpn":0,"relay":0,"proxy":0,"hosting":0,"service":0}},"geometry":{"type":"Point","coordinates":[8.80717,53.07582]}},{"type":"Feature","properties":{"country_code":"BHR","city":"Manama","geoname_id":"290340","h3_hexagon":600446465319370751,"downloaders":{"size":26,"mobile":4,"satellite":0,"tor":0,"tor_exit_nodes":0,"vpn":0,"relay":0,"proxy":0,"hosting":0,"service":0},"uploaders":{"size":3,"mobile":0,"satellite":0,"tor":0,"tor_exit_nodes":0,"vpn":0,"relay":0,"proxy":0,"hosting":0,"service":0}},"geometry":{"type":"Point","coordinates":[50.58565,26.22787]}},{"type":"Feature","properties":{"country_code":"HUN","city":"Sopron","geoname_id":"3045190","h3_hexagon":599507969868038143,"downloaders":{"size":26,"mobile":1,"satellite":0,"tor":0,"tor_exit_nodes":0,"vpn":0,"relay":0,"proxy":0,"hosting":0,"service":0},"uploaders":{"size":3,"mobile":0,"satellite":0,"tor":0,"tor_exit_nodes":0,"vpn":0,"relay":0,"proxy":0,"hosting":0,"service":0}},"geometry":{"type":"Point","coordinates":[16.59049,47.68501]}},{"type":"Feature","properties":{"country_code":"USA","city":"Hayward","geoname_id":"5355933","h3_hexagon":599686041359613951,"downloaders":{"size":26,"mobile":1,"satellite":0,"tor":0,"tor_exit_nodes":0,"vpn":0,"relay":0,"proxy":0,"hosting":0,"service":0},"uploaders":{"size":11,"mobile":0,"satellite":0,"tor":0,"tor_exit_nodes":0,"vpn":0,"relay":0,"proxy":0,"hosting":0,"service":0}},"geometry":{"type":"Point","coordinates":[-122.0808,37.66882]}},{"type":"Feature","properties":{"country_code":"PHL","city":"Taguig","geoname_id":"1684308","h3_hexagon":600831345928699903,"downloaders":{"size":26,"mobile":11,"satellite":0,"tor":0,"tor_exit_nodes":0,"vpn":0,"relay":0,"proxy":0,"hosting":0,"service":0},"uploaders":{"size":7,"mobile":1,"satellite":0,"tor":0,"tor_exit_nodes":0,"vpn":0,"relay":0,"proxy":0,"hosting":0,"service":0}},"geometry":{"type":"Point","coordinates":[121.0792,14.5243]}},{"type":"Feature","properties":{"country_code":"IND","city":"Lucknow","geoname_id":"1264733","h3_hexagon":600061619069779967,"downloaders":{"size":26,"mobile":9,"satellite":0,"tor":0,"tor_exit_nodes":0,"vpn":0,"relay":0,"proxy":0,"hosting":0,"service":0},"uploaders":{"size":5,"mobile":1,"satellite":0,"tor":0,"tor_exit_nodes":0,"vpn":0,"relay":0,"proxy":0,"hosting":0,"service":0}},"geometry":{"type":"Point","coordinates":[80.92313,26.83928]}},{"type":"Feature","properties":{"country_code":"USA","city":"Brandon","geoname_id":"4148757","h3_hexagon":600176859484782591,"downloaders":{"size":26,"mobile":0,"satellite":0,"tor":0,"tor_exit_nodes":0,"vpn":1,"relay":0,"proxy":0,"hosting":0,"service":0},"uploaders":{"size":9,"mobile":0,"satellite":0,"tor":0,"tor_exit_nodes":0,"vpn":0,"relay":0,"proxy":0,"hosting":0,"service":0}},"geometry":{"type":"Point","coordinates":[-82.28592,27.9378]}},{"type":"Feature","properties":{"country_code":"USA","city":"Southfield","geoname_id":"5010636","h3_hexagon":599729906934349823,"downloaders":{"size":26,"mobile":5,"satellite":0,"tor":0,"tor_exit_nodes":0,"vpn":0,"relay":0,"proxy":0,"hosting":0,"service":0},"uploaders":{"size":12,"mobile":0,"satellite":0,"tor":0,"tor_exit_nodes":0,"vpn":0,"relay":0,"proxy":0,"hosting":0,"service":0}},"geometry":{"type":"Point","coordinates":[-83.22187,42.47337]}},{"type":"Feature","properties":{"country_code":"GBR","city":"Peterborough","geoname_id":"2640354","h3_hexagon":599423161443811327,"downloaders":{"size":25,"mobile":0,"satellite":0,"tor":0,"tor_exit_nodes":0,"vpn":0,"relay":0,"proxy":0,"hosting":21,"service":0},"uploaders":{"size":13,"mobile":0,"satellite":0,"tor":0,"tor_exit_nodes":0,"vpn":0,"relay":0,"proxy":0,"hosting":13,"service":0}},"geometry":{"type":"Point","coordinates":[-0.24777,52.57364]}},{"type":"Feature","properties":{"country_code":"FRA","city":"Grenoble","geoname_id":"3014728","h3_hexagon":599534225003118591,"downloaders":{"size":25,"mobile":4,"satellite":0,"tor":0,"tor_exit_nodes":0,"vpn":1,"relay":0,"proxy":0,"hosting":0,"service":0},"uploaders":{"size":5,"mobile":0,"satellite":0,"tor":0,"tor_exit_nodes":0,"vpn":0,"relay":0,"proxy":0,"hosting":0,"service":0}},"geometry":{"type":"Point","coordinates":[5.71479,45.17869]}},{"type":"Feature","properties":{"country_code":"USA","city":"Abilene","geoname_id":"4669635","h3_hexagon":599662183890026495,"downloaders":{"size":25,"mobile":0,"satellite":0,"tor":0,"tor_exit_nodes":0,"vpn":0,"relay":0,"proxy":0,"hosting":0,"service":0},"uploaders":{"size":17,"mobile":0,"satellite":0,"tor":0,"tor_exit_nodes":0,"vpn":0,"relay":0,"proxy":0,"hosting":0,"service":0}},"geometry":{"type":"Point","coordinates":[-99.73314,32.44874]}},{"type":"Feature","properties":{"country_code":"USA","city":"Menands","geoname_id":"5126588","h3_hexagon":599744635450949631,"downloaders":{"size":25,"mobile":0,"satellite":0,"tor":0,"tor_exit_nodes":0,"vpn":0,"relay":0,"proxy":0,"hosting":0,"service":0},"uploaders":{"size":6,"mobile":0,"satellite":0,"tor":0,"tor_exit_nodes":0,"vpn":0,"relay":0,"proxy":0,"hosting":0,"service":0}},"geometry":{"type":"Point","coordinates":[-73.72456,42.69202]}},{"type":"Feature","properties":{"country_code":"CAN","city":"Richmond Hill","geoname_id":"6122091","h3_hexagon":599745922867396607,"downloaders":{"size":25,"mobile":1,"satellite":0,"tor":0,"tor_exit_nodes":0,"vpn":0,"relay":0,"proxy":0,"hosting":0,"service":0},"uploaders":{"size":4,"mobile":0,"satellite":0,"tor":0,"tor_exit_nodes":0,"vpn":0,"relay":0,"proxy":0,"hosting":0,"service":0}},"geometry":{"type":"Point","coordinates":[-79.43725,43.87111]}},{"type":"Feature","properties":{"country_code":"POL","city":"Częstochowa","geoname_id":"3100946","h3_hexagon":599508966300450815,"downloaders":{"size":24,"mobile":0,"satellite":0,"tor":0,"tor_exit_nodes":0,"vpn":1,"relay":0,"proxy":0,"hosting":5,"service":0},"uploaders":{"size":6,"mobile":0,"satellite":0,"tor":0,"tor_exit_nodes":0,"vpn":0,"relay":0,"proxy":0,"hosting":0,"service":0}},"geometry":{"type":"Point","coordinates":[19.12409,50.79646]}},{"type":"Feature","properties":{"country_code":"RWA","city":"Kigali","geoname_id":"202061","h3_hexagon":600858370936668159,"downloaders":{"size":24,"mobile":1,"satellite":0,"tor":0,"tor_exit_nodes":0,"vpn":0,"relay":0,"proxy":0,"hosting":0,"service":0},"uploaders":{"size":9,"mobile":0,"satellite":0,"tor":0,"tor_exit_nodes":0,"vpn":0,"relay":0,"proxy":0,"hosting":0,"service":0}},"geometry":{"type":"Point","coordinates":[30.05885,-1.94995]}},{"type":"Feature","properties":{"country_code":"USA","city":"Lexington","geoname_id":"4297983","h3_hexagon":599654791177568255,"downloaders":{"size":24,"mobile":0,"satellite":0,"tor":0,"tor_exit_nodes":0,"vpn":0,"relay":0,"proxy":0,"hosting":0,"service":0},"uploaders":{"size":4,"mobile":0,"satellite":0,"tor":0,"tor_exit_nodes":0,"vpn":0,"relay":0,"proxy":0,"hosting":0,"service":0}},"geometry":{"type":"Point","coordinates":[-84.47772,37.98869]}},{"type":"Feature","properties":{"country_code":"GBR","city":"Bolton","geoname_id":"2655237","h3_hexagon":599424169687384063,"downloaders":{"size":23,"mobile":2,"satellite":0,"tor":0,"tor_exit_nodes":0,"vpn":0,"relay":0,"proxy":0,"hosting":0,"service":0},"uploaders":{"size":9,"mobile":0,"satellite":0,"tor":0,"tor_exit_nodes":0,"vpn":0,"relay":0,"proxy":0,"hosting":0,"service":0}},"geometry":{"type":"Point","coordinates":[-2.43333,53.58333]}},{"type":"Feature","properties":{"country_code":"USA","city":"Bloomington","geoname_id":"5018739","h3_hexagon":599650334075256831,"downloaders":{"size":23,"mobile":0,"satellite":0,"tor":0,"tor_exit_nodes":0,"vpn":2,"relay":0,"proxy":0,"hosting":0,"service":0},"uploaders":{"size":13,"mobile":0,"satellite":0,"tor":0,"tor_exit_nodes":0,"vpn":0,"relay":0,"proxy":0,"hosting":0,"service":0}},"geometry":{"type":"Point","coordinates":[-93.29828,44.8408]}},{"type":"Feature","properties":{"country_code":"BIH","city":"Banja Luka","geoname_id":"3204541","h3_hexagon":599518416302243839,"downloaders":{"size":23,"mobile":0,"satellite":0,"tor":0,"tor_exit_nodes":0,"vpn":0,"relay":0,"proxy":0,"hosting":0,"service":0},"uploaders":{"size":10,"mobile":0,"satellite":0,"tor":0,"tor_exit_nodes":0,"vpn":0,"relay":0,"proxy":0,"hosting":0,"service":0}},"geometry":{"type":"Point","coordinates":[17.20629,44.77879]}},{"type":"Feature","properties":{"country_code":"ROU","city":"Bistriţa","geoname_id":"684657","h3_hexagon":599512483878666239,"downloaders":{"size":22,"mobile":0,"satellite":0,"tor":0,"tor_exit_nodes":0,"vpn":0,"relay":0,"proxy":0,"hosting":0,"service":0},"uploaders":{"size":11,"mobile":0,"satellite":0,"tor":0,"tor_exit_nodes":0,"vpn":0,"relay":0,"proxy":0,"hosting":0,"service":0}},"geometry":{"type":"Point","coordinates":[24.50011,47.13316]}},{"type":"Feature","properties":{"country_code":"USA","city":"Livonia","geoname_id":"4999837","h3_hexagon":599729876869578751,"downloaders":{"size":22,"mobile":3,"satellite":0,"tor":0,"tor_exit_nodes":0,"vpn":0,"relay":0,"proxy":0,"hosting":0,"service":0},"uploaders":{"size":14,"mobile":1,"satellite":0,"tor":0,"tor_exit_nodes":0,"vpn":0,"relay":0,"proxy":0,"hosting":0,"service":0}},"geometry":{"type":"Point","coordinates":[-83.35271,42.36837]}},{"type":"Feature","properties":{"country_code":"USA","city":"Lacey","geoname_id":"5800112","h3_hexagon":599699164632186879,"downloaders":{"size":22,"mobile":0,"satellite":0,"tor":0,"tor_exit_nodes":0,"vpn":0,"relay":0,"proxy":0,"hosting":0,"service":0},"uploaders":{"size":13,"mobile":0,"satellite":0,"tor":0,"tor_exit_nodes":0,"vpn":0,"relay":0,"proxy":0,"hosting":0,"service":0}},"geometry":{"type":"Point","coordinates":[-122.82319,47.03426]}},{"type":"Feature","properties":{"country_code":"SWE","city":"Karlstad","geoname_id":"2701680","h3_hexagon":599131928301404159,"downloaders":{"size":21,"mobile":0,"satellite":0,"tor":0,"tor_exit_nodes":0,"vpn":11,"relay":0,"proxy":0,"hosting":0,"service":0},"uploaders":{"size":9,"mobile":0,"satellite":0,"tor":0,"tor_exit_nodes":0,"vpn":9,"relay":0,"proxy":0,"hosting":0,"service":0}},"geometry":{"type":"Point","coordinates":[13.50357,59.3793]}},{"type":"Feature","properties":{"country_code":"CAN","city":"Fredericton","geoname_id":"5957776","h3_hexagon":599737195493851135,"downloaders":{"size":21,"mobile":15,"satellite":1,"tor":0,"tor_exit_nodes":0,"vpn":0,"relay":0,"proxy":0,"hosting":0,"service":0},"uploaders":{"size":10,"mobile":10,"satellite":0,"tor":0,"tor_exit_nodes":0,"vpn":0,"relay":0,"proxy":0,"hosting":0,"service":0}},"geometry":{"type":"Point","coordinates":[-66.66558,45.94541]}},{"type":"Feature","properties":{"country_code":"USA","city":"Sioux Falls","geoname_id":"5231851","h3_hexagon":599647301828345855,"downloaders":{"size":20,"mobile":0,"satellite":0,"tor":0,"tor_exit_nodes":0,"vpn":3,"relay":0,"proxy":0,"hosting":2,"service":2},"uploaders":{"size":11,"mobile":0,"satellite":0,"tor":0,"tor_exit_nodes":0,"vpn":0,"relay":0,"proxy":0,"hosting":0,"service":0}},"geometry":{"type":"Point","coordinates":[-96.72796,43.54369]}},{"type":"Feature","properties":{"country_code":"FRA","city":"Béziers","geoname_id":"3032833","h3_hexagon":599988199825080319,"downloaders":{"size":20,"mobile":2,"satellite":0,"tor":0,"tor_exit_nodes":0,"vpn":0,"relay":0,"proxy":0,"hosting":0,"service":0},"uploaders":{"size":10,"mobile":0,"satellite":0,"tor":0,"tor_exit_nodes":0,"vpn":0,"relay":0,"proxy":0,"hosting":0,"service":0}},"geometry":{"type":"Point","coordinates":[3.21402,43.34122]}},{"type":"Feature","properties":{"country_code":"USA","city":"Vacaville","geoname_id":"5405228","h3_hexagon":599685739638161407,"downloaders":{"size":20,"mobile":0,"satellite":0,"tor":0,"tor_exit_nodes":0,"vpn":1,"relay":0,"proxy":0,"hosting":0,"service":0},"uploaders":{"size":13,"mobile":0,"satellite":0,"tor":0,"tor_exit_nodes":0,"vpn":0,"relay":0,"proxy":0,"hosting":0,"service":0}},"geometry":{"type":"Point","coordinates":[-121.98774,38.35658]}},{"type":"Feature","properties":{"country_code":"SVN","city":"Kamnik","geoname_id":"3198365","h3_hexagon":599507801290571775,"downloaders":{"size":19,"mobile":0,"satellite":0,"tor":0,"tor_exit_nodes":0,"vpn":0,"relay":0,"proxy":0,"hosting":0,"service":0},"uploaders":{"size":12,"mobile":0,"satellite":0,"tor":0,"tor_exit_nodes":0,"vpn":0,"relay":0,"proxy":0,"hosting":0,"service":0}},"geometry":{"type":"Point","coordinates":[14.61207,46.22587]}},{"type":"Feature","properties":{"country_code":"CAN","city":"Oakville","geoname_id":"6092122","h3_hexagon":599745889581400063,"downloaders":{"size":19,"mobile":1,"satellite":0,"tor":0,"tor_exit_nodes":0,"vpn":0,"relay":0,"proxy":0,"hosting":0,"service":0},"uploaders":{"size":8,"mobile":0,"satellite":0,"tor":0,"tor_exit_nodes":0,"vpn":0,"relay":0,"proxy":0,"hosting":0,"service":0}},"geometry":{"type":"Point","coordinates":[-79.68292,43.45011]}},{"type":"Feature","properties":{"country_code":"USA","city":"Milpitas","geoname_id":"5373327","h3_hexagon":599686044580839423,"downloaders":{"size":18,"mobile":0,"satellite":0,"tor":0,"tor_exit_nodes":0,"vpn":0,"relay":0,"proxy":0,"hosting":0,"service":0},"uploaders":{"size":11,"mobile":0,"satellite":0,"tor":0,"tor_exit_nodes":0,"vpn":0,"relay":0,"proxy":0,"hosting":0,"service":0}},"geometry":{"type":"Point","coordinates":[-121.90662,37.42827]}},{"type":"Feature","properties":{"country_code":"USA","city":"Germantown","geoname_id":"4624601","h3_hexagon":599653418935517183,"downloaders":{"size":18,"mobile":14,"satellite":0,"tor":0,"tor_exit_nodes":0,"vpn":0,"relay":0,"proxy":0,"hosting":0,"service":0},"uploaders":{"size":14,"mobile":14,"satellite":0,"tor":0,"tor_exit_nodes":0,"vpn":0,"relay":0,"proxy":0,"hosting":0,"service":0}},"geometry":{"type":"Point","coordinates":[-89.81009,35.08676]}},{"type":"Feature","properties":{"country_code":"USA","city":"South San Francisco","geoname_id":"5397765","h3_hexagon":599685776145383423,"downloaders":{"size":18,"mobile":0,"satellite":0,"tor":0,"tor_exit_nodes":0,"vpn":0,"relay":0,"proxy":0,"hosting":0,"service":0},"uploaders":{"size":12,"mobile":0,"satellite":0,"tor":0,"tor_exit_nodes":0,"vpn":0,"relay":0,"proxy":0,"hosting":0,"service":0}},"geometry":{"type":"Point","coordinates":[-122.40775,37.65466]}},{"type":"Feature","properties":{"country_code":"USA","city":"Elgin","geoname_id":"4890864","h3_hexagon":599670977835565055,"downloaders":{"size":18,"mobile":0,"satellite":0,"tor":0,"tor_exit_nodes":0,"vpn":0,"relay":0,"proxy":0,"hosting":0,"service":0},"uploaders":{"size":12,"mobile":0,"satellite":0,"tor":0,"tor_exit_nodes":0,"vpn":0,"relay":0,"proxy":0,"hosting":0,"service":0}},"geometry":{"type":"Point","coordinates":[-88.28119,42.03725]}},{"type":"Feature","properties":{"country_code":"USA","city":"Chapel Hill","geoname_id":"4460162","h3_hexagon":599727219358564351,"downloaders":{"size":17,"mobile":2,"satellite":0,"tor":0,"tor_exit_nodes":0,"vpn":0,"relay":0,"proxy":0,"hosting":0,"service":0},"uploaders":{"size":13,"mobile":0,"satellite":0,"tor":0,"tor_exit_nodes":0,"vpn":0,"relay":0,"proxy":0,"hosting":0,"service":0}},"geometry":{"type":"Point","coordinates":[-79.05584,35.9132]}},{"type":"Feature","properties":{"country_code":"USA","city":"St. Petersburg","geoname_id":"4171563","h3_hexagon":600176845526138879,"downloaders":{"size":17,"mobile":0,"satellite":0,"tor":0,"tor_exit_nodes":0,"vpn":0,"relay":0,"proxy":0,"hosting":0,"service":0},"uploaders":{"size":9,"mobile":0,"satellite":0,"tor":0,"tor_exit_nodes":0,"vpn":0,"relay":0,"proxy":0,"hosting":0,"service":0}},"geometry":{"type":"Point","coordinates":[-82.67927,27.77086]}},{"type":"Feature","properties":{"country_code":"DNK","city":"Aalborg","geoname_id":"2624886","h3_hexagon":599526611099844607,"downloaders":{"size":17,"mobile":0,"satellite":0,"tor":0,"tor_exit_nodes":0,"vpn":3,"relay":0,"proxy":0,"hosting":0,"service":0},"uploaders":{"size":3,"mobile":0,"satellite":0,"tor":0,"tor_exit_nodes":0,"vpn":2,"relay":0,"proxy":0,"hosting":0,"service":0}},"geometry":{"type":"Point","coordinates":[9.9187,57.048]}},{"type":"Feature","properties":{"country_code":"USA","city":"Lavon","geoname_id":"4705584","h3_hexagon":599661007068987391,"downloaders":{"size":16,"mobile":1,"satellite":0,"tor":0,"tor_exit_nodes":0,"vpn":0,"relay":0,"proxy":0,"hosting":0,"service":0},"uploaders":{"size":10,"mobile":0,"satellite":0,"tor":0,"tor_exit_nodes":0,"vpn":0,"relay":0,"proxy":0,"hosting":0,"service":0}},"geometry":{"type":"Point","coordinates":[-96.43415,33.02762]}},{"type":"Feature","properties":{"country_code":"CYP","city":"Limassol","geoname_id":"146384","h3_hexagon":600092396805423103,"downloaders":{"size":16,"mobile":0,"satellite":0,"tor":0,"tor_exit_nodes":0,"vpn":14,"relay":0,"proxy":0,"hosting":14,"service":14},"uploaders":{"size":5,"mobile":0,"satellite":0,"tor":0,"tor_exit_nodes":0,"vpn":5,"relay":0,"proxy":0,"hosting":5,"service":5}},"geometry":{"type":"Point","coordinates":[33.03794,34.68406]}},{"type":"Feature","properties":{"country_code":"DEU","city":"Schwäbisch Hall","geoname_id":"2835481","h3_hexagon":599535800182374399,"downloaders":{"size":16,"mobile":0,"satellite":0,"tor":0,"tor_exit_nodes":0,"vpn":0,"relay":0,"proxy":0,"hosting":0,"service":0},"uploaders":{"size":4,"mobile":0,"satellite":0,"tor":0,"tor_exit_nodes":0,"vpn":0,"relay":0,"proxy":0,"hosting":0,"service":0}},"geometry":{"type":"Point","coordinates":[9.73908,49.11127]}},{"type":"Feature","properties":{"country_code":"CAN","city":"Quinte West","geoname_id":"6115355","h3_hexagon":599746030241579007,"downloaders":{"size":16,"mobile":0,"satellite":0,"tor":0,"tor_exit_nodes":0,"vpn":0,"relay":0,"proxy":0,"hosting":0,"service":0},"uploaders":{"size":10,"mobile":0,"satellite":0,"tor":0,"tor_exit_nodes":0,"vpn":0,"relay":0,"proxy":0,"hosting":0,"service":0}},"geometry":{"type":"Point","coordinates":[-77.56618,44.18342]}},{"type":"Feature","properties":{"country_code":"USA","city":"Traverse City","geoname_id":"5012495","h3_hexagon":599669351116701695,"downloaders":{"size":16,"mobile":0,"satellite":0,"tor":0,"tor_exit_nodes":0,"vpn":0,"relay":0,"proxy":0,"hosting":0,"service":0},"uploaders":{"size":11,"mobile":0,"satellite":0,"tor":0,"tor_exit_nodes":0,"vpn":0,"relay":0,"proxy":0,"hosting":0,"service":0}},"geometry":{"type":"Point","coordinates":[-85.62063,44.76306]}},{"type":"Feature","properties":{"country_code":"AUS","city":"Gold Coast","geoname_id":"2165087","h3_hexagon":602333028630396927,"downloaders":{"size":15,"mobile":1,"satellite":0,"tor":0,"tor_exit_nodes":0,"vpn":0,"relay":0,"proxy":0,"hosting":0,"service":0},"uploaders":{"size":4,"mobile":0,"satellite":0,"tor":0,"tor_exit_nodes":0,"vpn":0,"relay":0,"proxy":0,"hosting":0,"service":0}},"geometry":{"type":"Point","coordinates":[153.43088,-28.00029]}},{"type":"Feature","properties":{"country_code":"IND","city":"Surat","geoname_id":"1255364","h3_hexagon":600154804827717631,"downloaders":{"size":15,"mobile":9,"satellite":0,"tor":0,"tor_exit_nodes":0,"vpn":0,"relay":0,"proxy":0,"hosting":0,"service":0},"uploaders":{"size":5,"mobile":2,"satellite":0,"tor":0,"tor_exit_nodes":0,"vpn":0,"relay":0,"proxy":0,"hosting":0,"service":0}},"geometry":{"type":"Point","coordinates":[72.83023,21.19594]}},{"type":"Feature","properties":{"country_code":"CAN","city":"Drumheller","geoname_id":"5942798","h3_hexagon":599311612553199615,"downloaders":{"size":15,"mobile":0,"satellite":0,"tor":0,"tor_exit_nodes":0,"vpn":0,"relay":0,"proxy":0,"hosting":0,"service":0},"uploaders":{"size":5,"mobile":0,"satellite":0,"tor":0,"tor_exit_nodes":0,"vpn":0,"relay":0,"proxy":0,"hosting":0,"service":0}},"geometry":{"type":"Point","coordinates":[-112.71011,51.46171]}},{"type":"Feature","properties":{"country_code":"USA","city":"Fairmont","geoname_id":"4805404","h3_hexagon":599726420494647295,"downloaders":{"size":15,"mobile":0,"satellite":0,"tor":0,"tor_exit_nodes":0,"vpn":0,"relay":0,"proxy":0,"hosting":0,"service":0},"uploaders":{"size":5,"mobile":0,"satellite":0,"tor":0,"tor_exit_nodes":0,"vpn":0,"relay":0,"proxy":0,"hosting":0,"service":0}},"geometry":{"type":"Point","coordinates":[-80.14258,39.48508]}},{"type":"Feature","properties":{"country_code":"USA","city":"Orland Park","geoname_id":"4904937","h3_hexagon":599654143711248383,"downloaders":{"size":15,"mobile":0,"satellite":0,"tor":0,"tor_exit_nodes":0,"vpn":0,"relay":0,"proxy":0,"hosting":0,"service":0},"uploaders":{"size":12,"mobile":0,"satellite":0,"tor":0,"tor_exit_nodes":0,"vpn":0,"relay":0,"proxy":0,"hosting":0,"service":0}},"geometry":{"type":"Point","coordinates":[-87.85394,41.63031]}},{"type":"Feature","properties":{"country_code":"ITA","city":"Cuneo","geoname_id":"3177700","h3_hexagon":599534693154553855,"downloaders":{"size":15,"mobile":1,"satellite":0,"tor":0,"tor_exit_nodes":0,"vpn":0,"relay":0,"proxy":0,"hosting":0,"service":0},"uploaders":{"size":8,"mobile":0,"satellite":0,"tor":0,"tor_exit_nodes":0,"vpn":0,"relay":0,"proxy":0,"hosting":0,"service":0}},"geometry":{"type":"Point","coordinates":[7.54828,44.39071]}},{"type":"Feature","properties":{"country_code":"NOR","city":"Jørpeland","geoname_id":"3150742","h3_hexagon":599146027605295103,"downloaders":{"size":15,"mobile":0,"satellite":0,"tor":0,"tor_exit_nodes":0,"vpn":0,"relay":0,"proxy":0,"hosting":0,"service":0},"uploaders":{"size":12,"mobile":0,"satellite":0,"tor":0,"tor_exit_nodes":0,"vpn":0,"relay":0,"proxy":0,"hosting":0,"service":0}},"geometry":{"type":"Point","coordinates":[6.04078,59.02251]}},{"type":"Feature","properties":{"country_code":"USA","city":"Largo","geoname_id":"4161580","h3_hexagon":600176842304913407,"downloaders":{"size":15,"mobile":0,"satellite":0,"tor":0,"tor_exit_nodes":0,"vpn":0,"relay":0,"proxy":0,"hosting":0,"service":0},"uploaders":{"size":5,"mobile":0,"satellite":0,"tor":0,"tor_exit_nodes":0,"vpn":0,"relay":0,"proxy":0,"hosting":0,"service":0}},"geometry":{"type":"Point","coordinates":[-82.78842,27.90979]}},{"type":"Feature","properties":{"country_code":"ESP","city":"Logroño","geoname_id":"3118150","h3_hexagon":599984367640510463,"downloaders":{"size":14,"mobile":0,"satellite":0,"tor":0,"tor_exit_nodes":0,"vpn":0,"relay":0,"proxy":0,"hosting":0,"service":0},"uploaders":{"size":3,"mobile":0,"satellite":0,"tor":0,"tor_exit_nodes":0,"vpn":0,"relay":0,"proxy":0,"hosting":0,"service":0}},"geometry":{"type":"Point","coordinates":[-2.45115,42.46615]}},{"type":"Feature","properties":{"country_code":"USA","city":"Saint Peters","geoname_id":"4407237","h3_hexagon":599652079979462655,"downloaders":{"size":14,"mobile":0,"satellite":0,"tor":0,"tor_exit_nodes":0,"vpn":0,"relay":0,"proxy":0,"hosting":0,"service":0},"uploaders":{"size":9,"mobile":0,"satellite":0,"tor":0,"tor_exit_nodes":0,"vpn":0,"relay":0,"proxy":0,"hosting":0,"service":0}},"geometry":{"type":"Point","coordinates":[-90.62651,38.80033]}},{"type":"Feature","properties":{"country_code":"BEL","city":"Hasselt","geoname_id":"2796491","h3_hexagon":599535143052378111,"downloaders":{"size":14,"mobile":1,"satellite":0,"tor":0,"tor_exit_nodes":0,"vpn":1,"relay":0,"proxy":0,"hosting":0,"service":0},"uploaders":{"size":9,"mobile":0,"satellite":0,"tor":0,"tor_exit_nodes":0,"vpn":0,"relay":0,"proxy":0,"hosting":0,"service":0}},"geometry":{"type":"Point","coordinates":[5.33781,50.93106]}},{"type":"Feature","properties":{"country_code":"FRA","city":"Saint-Gaudens","geoname_id":"2980045","h3_hexagon":599988279281975295,"downloaders":{"size":14,"mobile":12,"satellite":0,"tor":0,"tor_exit_nodes":0,"vpn":0,"relay":0,"proxy":0,"hosting":0,"service":0},"uploaders":{"size":11,"mobile":11,"satellite":0,"tor":0,"tor_exit_nodes":0,"vpn":0,"relay":0,"proxy":0,"hosting":0,"service":0}},"geometry":{"type":"Point","coordinates":[0.72318,43.10813]}},{"type":"Feature","properties":{"country_code":"USA","city":"Berwyn","geoname_id":"4884597","h3_hexagon":599654180218470399,"downloaders":{"size":14,"mobile":0,"satellite":0,"tor":0,"tor_exit_nodes":0,"vpn":0,"relay":0,"proxy":0,"hosting":0,"service":0},"uploaders":{"size":6,"mobile":0,"satellite":0,"tor":0,"tor_exit_nodes":0,"vpn":0,"relay":0,"proxy":0,"hosting":0,"service":0}},"geometry":{"type":"Point","coordinates":[-87.79367,41.85059]}},{"type":"Feature","properties":{"country_code":"USA","city":"Dover","geoname_id":"4142290","h3_hexagon":599729534345936895,"downloaders":{"size":14,"mobile":0,"satellite":0,"tor":0,"tor_exit_nodes":0,"vpn":0,"relay":0,"proxy":0,"hosting":0,"service":0},"uploaders":{"size":9,"mobile":0,"satellite":0,"tor":0,"tor_exit_nodes":0,"vpn":0,"relay":0,"proxy":0,"hosting":0,"service":0}},"geometry":{"type":"Point","coordinates":[-75.52437,39.15817]}},{"type":"Feature","properties":{"country_code":"GBR","city":"Stevenage","geoname_id":"2636940","h3_hexagon":599423935611666431,"downloaders":{"size":14,"mobile":0,"satellite":0,"tor":0,"tor_exit_nodes":0,"vpn":0,"relay":0,"proxy":0,"hosting":0,"service":0},"uploaders":{"size":9,"mobile":0,"satellite":0,"tor":0,"tor_exit_nodes":0,"vpn":0,"relay":0,"proxy":0,"hosting":0,"service":0}},"geometry":{"type":"Point","coordinates":[-0.20256,51.90224]}},{"type":"Feature","properties":{"country_code":"POL","city":"Łęczna","geoname_id":"766583","h3_hexagon":599509612693028863,"downloaders":{"size":14,"mobile":0,"satellite":0,"tor":0,"tor_exit_nodes":0,"vpn":0,"relay":0,"proxy":0,"hosting":0,"service":0},"uploaders":{"size":9,"mobile":0,"satellite":0,"tor":0,"tor_exit_nodes":0,"vpn":0,"relay":0,"proxy":0,"hosting":0,"service":0}},"geometry":{"type":"Point","coordinates":[22.88135,51.30121]}},{"type":"Feature","properties":{"country_code":"USA","city":"Worcester","geoname_id":"4956184","h3_hexagon":599721186003255295,"downloaders":{"size":14,"mobile":0,"satellite":0,"tor":0,"tor_exit_nodes":0,"vpn":0,"relay":0,"proxy":0,"hosting":0,"service":0},"uploaders":{"size":4,"mobile":0,"satellite":0,"tor":0,"tor_exit_nodes":0,"vpn":0,"relay":0,"proxy":0,"hosting":0,"service":0}},"geometry":{"type":"Point","coordinates":[-71.80229,42.26259]}},{"type":"Feature","properties":{"country_code":"NLD","city":"Steenwijk","geoname_id":"2746766","h3_hexagon":599426061620477951,"downloaders":{"size":14,"mobile":0,"satellite":0,"tor":0,"tor_exit_nodes":0,"vpn":0,"relay":0,"proxy":0,"hosting":0,"service":0},"uploaders":{"size":10,"mobile":0,"satellite":0,"tor":0,"tor_exit_nodes":0,"vpn":0,"relay":0,"proxy":0,"hosting":0,"service":0}},"geometry":{"type":"Point","coordinates":[6.12083,52.7875]}},{"type":"Feature","properties":{"country_code":"NOR","city":"Asker","geoname_id":"3162657","h3_hexagon":599147595268358143,"downloaders":{"size":14,"mobile":0,"satellite":0,"tor":0,"tor_exit_nodes":0,"vpn":0,"relay":0,"proxy":0,"hosting":0,"service":0},"uploaders":{"size":9,"mobile":0,"satellite":0,"tor":0,"tor_exit_nodes":0,"vpn":0,"relay":0,"proxy":0,"hosting":0,"service":0}},"geometry":{"type":"Point","coordinates":[10.43721,59.83333]}},{"type":"Feature","properties":{"country_code":"USA","city":"San Luis Obispo","geoname_id":"5392323","h3_hexagon":599711972224663551,"downloaders":{"size":14,"mobile":0,"satellite":0,"tor":0,"tor_exit_nodes":0,"vpn":0,"relay":0,"proxy":0,"hosting":0,"service":0},"uploaders":{"size":12,"mobile":0,"satellite":0,"tor":0,"tor_exit_nodes":0,"vpn":0,"relay":0,"proxy":0,"hosting":0,"service":0}},"geometry":{"type":"Point","coordinates":[-120.65962,35.28275]}},{"type":"Feature","properties":{"country_code":"USA","city":"Arcola","geoname_id":"4744686","h3_hexagon":599729355031052287,"downloaders":{"size":14,"mobile":0,"satellite":0,"tor":0,"tor_exit_nodes":0,"vpn":0,"relay":0,"proxy":0,"hosting":4,"service":0},"uploaders":{"size":5,"mobile":0,"satellite":0,"tor":0,"tor_exit_nodes":0,"vpn":0,"relay":0,"proxy":0,"hosting":0,"service":0}},"geometry":{"type":"Point","coordinates":[-77.53416,38.95178]}},{"type":"Feature","properties":{"country_code":"IND","city":"Nagpur","geoname_id":"1262180","h3_hexagon":600677913590759423,"downloaders":{"size":14,"mobile":1,"satellite":0,"tor":0,"tor_exit_nodes":0,"vpn":0,"relay":0,"proxy":0,"hosting":0,"service":0},"uploaders":{"size":10,"mobile":0,"satellite":0,"tor":0,"tor_exit_nodes":0,"vpn":0,"relay":0,"proxy":0,"hosting":0,"service":0}},"geometry":{"type":"Point","coordinates":[79.08491,21.14631]}},{"type":"Feature","properties":{"country_code":"USA","city":"Fishers","geoname_id":"4257494","h3_hexagon":599727676772581375,"downloaders":{"size":14,"mobile":0,"satellite":0,"tor":0,"tor_exit_nodes":0,"vpn":0,"relay":0,"proxy":0,"hosting":0,"service":0},"uploaders":{"size":11,"mobile":0,"satellite":0,"tor":0,"tor_exit_nodes":0,"vpn":0,"relay":0,"proxy":0,"hosting":0,"service":0}},"geometry":{"type":"Point","coordinates":[-86.01387,39.95559]}},{"type":"Feature","properties":{"country_code":"GBR","city":"Stoke-on-Trent","geoname_id":"2636841","h3_hexagon":599424929896595455,"downloaders":{"size":13,"mobile":0,"satellite":0,"tor":0,"tor_exit_nodes":0,"vpn":0,"relay":0,"proxy":0,"hosting":0,"service":0},"uploaders":{"size":3,"mobile":0,"satellite":0,"tor":0,"tor_exit_nodes":0,"vpn":0,"relay":0,"proxy":0,"hosting":0,"service":0}},"geometry":{"type":"Point","coordinates":[-2.18538,53.00415]}},{"type":"Feature","properties":{"country_code":"BGD","city":"Kafrul","geoname_id":"1199503","h3_hexagon":600050847291801599,"downloaders":{"size":13,"mobile":0,"satellite":0,"tor":0,"tor_exit_nodes":0,"vpn":0,"relay":0,"proxy":0,"hosting":0,"service":0},"uploaders":{"size":7,"mobile":0,"satellite":0,"tor":0,"tor_exit_nodes":0,"vpn":0,"relay":0,"proxy":0,"hosting":0,"service":0}},"geometry":{"type":"Point","coordinates":[90.37359,23.78822]}},{"type":"Feature","properties":{"country_code":"USA","city":"Portland","geoname_id":"4975802","h3_hexagon":599721198888157183,"downloaders":{"size":13,"mobile":0,"satellite":0,"tor":0,"tor_exit_nodes":0,"vpn":2,"relay":0,"proxy":0,"hosting":2,"service":2},"uploaders":{"size":5,"mobile":0,"satellite":0,"tor":0,"tor_exit_nodes":0,"vpn":0,"relay":0,"proxy":0,"hosting":0,"service":0}},"geometry":{"type":"Point","coordinates":[-70.2553,43.6615]}},{"type":"Feature","properties":{"country_code":"USA","city":"Prescott","geoname_id":"5268045","h3_hexagon":599650312600420351,"downloaders":{"size":13,"mobile":0,"satellite":0,"tor":0,"tor_exit_nodes":0,"vpn":0,"relay":0,"proxy":0,"hosting":0,"service":0},"uploaders":{"size":9,"mobile":0,"satellite":0,"tor":0,"tor_exit_nodes":0,"vpn":0,"relay":0,"proxy":0,"hosting":0,"service":0}},"geometry":{"type":"Point","coordinates":[-92.80215,44.74886]}},{"type":"Feature","properties":{"country_code":"USA","city":"Prichard","geoname_id":"4819067","h3_hexagon":599728371483541503,"downloaders":{"size":13,"mobile":0,"satellite":0,"tor":0,"tor_exit_nodes":0,"vpn":0,"relay":0,"proxy":0,"hosting":0,"service":0},"uploaders":{"size":13,"mobile":0,"satellite":0,"tor":0,"tor_exit_nodes":0,"vpn":0,"relay":0,"proxy":0,"hosting":0,"service":0}},"geometry":{"type":"Point","coordinates":[-82.59849,38.24008]}},{"type":"Feature","properties":{"country_code":"DEU","city":"Langenzenn","geoname_id":"2880862","h3_hexagon":599535897892880383,"downloaders":{"size":13,"mobile":0,"satellite":0,"tor":0,"tor_exit_nodes":0,"vpn":0,"relay":0,"proxy":0,"hosting":0,"service":0},"uploaders":{"size":7,"mobile":0,"satellite":0,"tor":0,"tor_exit_nodes":0,"vpn":0,"relay":0,"proxy":0,"hosting":0,"service":0}},"geometry":{"type":"Point","coordinates":[10.7923,49.49463]}},{"type":"Feature","properties":{"country_code":"ROU","city":"Orăştie","geoname_id":"671757","h3_hexagon":599522194799722495,"downloaders":{"size":13,"mobile":0,"satellite":0,"tor":0,"tor_exit_nodes":0,"vpn":0,"relay":0,"proxy":0,"hosting":13,"service":0},"uploaders":{"size":12,"mobile":0,"satellite":0,"tor":0,"tor_exit_nodes":0,"vpn":0,"relay":0,"proxy":0,"hosting":12,"service":0}},"geometry":{"type":"Point","coordinates":[23.2,45.83333]}},{"type":"Feature","properties":{"country_code":"USA","city":"Little Rock","geoname_id":"4119403","h3_hexagon":599653528457183231,"downloaders":{"size":12,"mobile":0,"satellite":1,"tor":0,"tor_exit_nodes":0,"vpn":0,"relay":0,"proxy":0,"hosting":0,"service":0},"uploaders":{"size":6,"mobile":0,"satellite":0,"tor":0,"tor_exit_nodes":0,"vpn":0,"relay":0,"proxy":0,"hosting":0,"service":0}},"geometry":{"type":"Point","coordinates":[-92.28959,34.74648]}},{"type":"Feature","properties":{"country_code":"USA","city":"Bloomington","geoname_id":"4254679","h3_hexagon":599654699909513215,"downloaders":{"size":12,"mobile":0,"satellite":0,"tor":0,"tor_exit_nodes":0,"vpn":0,"relay":0,"proxy":0,"hosting":0,"service":0},"uploaders":{"size":11,"mobile":0,"satellite":0,"tor":0,"tor_exit_nodes":0,"vpn":0,"relay":0,"proxy":0,"hosting":0,"service":0}},"geometry":{"type":"Point","coordinates":[-86.52639,39.16533]}},{"type":"Feature","properties":{"country_code":"USA","city":"Spring","geoname_id":"4733624","h3_hexagon":600182451532201983,"downloaders":{"size":12,"mobile":6,"satellite":0,"tor":0,"tor_exit_nodes":0,"vpn":0,"relay":0,"proxy":0,"hosting":1,"service":0},"uploaders":{"size":3,"mobile":0,"satellite":0,"tor":0,"tor_exit_nodes":0,"vpn":0,"relay":0,"proxy":0,"hosting":0,"service":0}},"geometry":{"type":"Point","coordinates":[-95.41716,30.07994]}},{"type":"Feature","properties":{"country_code":"USA","city":"Charleston","geoname_id":"4612805","h3_hexagon":600188768355352575,"downloaders":{"size":12,"mobile":12,"satellite":0,"tor":0,"tor_exit_nodes":0,"vpn":0,"relay":0,"proxy":0,"hosting":0,"service":0},"uploaders":{"size":11,"mobile":11,"satellite":0,"tor":0,"tor_exit_nodes":0,"vpn":0,"relay":0,"proxy":0,"hosting":0,"service":0}},"geometry":{"type":"Point","coordinates":[-84.75827,35.2873]}},{"type":"Feature","properties":{"country_code":"USA","city":"De Pere","geoname_id":"5250201","h3_hexagon":599669468154560511,"downloaders":{"size":12,"mobile":0,"satellite":0,"tor":0,"tor_exit_nodes":0,"vpn":0,"relay":0,"proxy":0,"hosting":0,"service":0},"uploaders":{"size":12,"mobile":0,"satellite":0,"tor":0,"tor_exit_nodes":0,"vpn":0,"relay":0,"proxy":0,"hosting":0,"service":0}},"geometry":{"type":"Point","coordinates":[-88.06038,44.44888]}},{"type":"Feature","properties":{"country_code":"USA","city":"Norristown","geoname_id":"5203506","h3_hexagon":599729482806329343,"downloaders":{"size":12,"mobile":0,"satellite":0,"tor":0,"tor_exit_nodes":0,"vpn":0,"relay":0,"proxy":0,"hosting":0,"service":0},"uploaders":{"size":3,"mobile":0,"satellite":0,"tor":0,"tor_exit_nodes":0,"vpn":0,"relay":0,"proxy":0,"hosting":0,"service":0}},"geometry":{"type":"Point","coordinates":[-75.3399,40.1215]}},{"type":"Feature","properties":{"country_code":"USA","city":"McClellan Park","geoname_id":"7315199","h3_hexagon":599685924321755135,"downloaders":{"size":12,"mobile":0,"satellite":0,"tor":0,"tor_exit_nodes":0,"vpn":0,"relay":0,"proxy":0,"hosting":0,"service":0},"uploaders":{"size":4,"mobile":0,"satellite":0,"tor":0,"tor_exit_nodes":0,"vpn":0,"relay":0,"proxy":0,"hosting":0,"service":0}},"geometry":{"type":"Point","coordinates":[-121.4016,38.66219]}},{"type":"Feature","properties":{"country_code":"USA","city":"Novi","geoname_id":"5004062","h3_hexagon":599670147833135103,"downloaders":{"size":11,"mobile":0,"satellite":0,"tor":0,"tor_exit_nodes":0,"vpn":0,"relay":0,"proxy":0,"hosting":0,"service":0},"uploaders":{"size":3,"mobile":0,"satellite":0,"tor":0,"tor_exit_nodes":0,"vpn":0,"relay":0,"proxy":0,"hosting":0,"service":0}},"geometry":{"type":"Point","coordinates":[-83.47549,42.48059]}},{"type":"Feature","properties":{"country_code":"USA","city":"Tullytown","geoname_id":"5216241","h3_hexagon":599718950472777727,"downloaders":{"size":11,"mobile":0,"satellite":0,"tor":0,"tor_exit_nodes":0,"vpn":0,"relay":0,"proxy":0,"hosting":0,"service":0},"uploaders":{"size":3,"mobile":0,"satellite":0,"tor":0,"tor_exit_nodes":0,"vpn":0,"relay":0,"proxy":0,"hosting":0,"service":0}},"geometry":{"type":"Point","coordinates":[-74.81461,40.13928]}},{"type":"Feature","properties":{"country_code":"NLD","city":"Wemeldinge","geoname_id":"2744839","h3_hexagon":599425917739073535,"downloaders":{"size":11,"mobile":0,"satellite":0,"tor":0,"tor_exit_nodes":0,"vpn":0,"relay":0,"proxy":0,"hosting":0,"service":0},"uploaders":{"size":8,"mobile":0,"satellite":0,"tor":0,"tor_exit_nodes":0,"vpn":0,"relay":0,"proxy":0,"hosting":0,"service":0}},"geometry":{"type":"Point","coordinates":[3.99722,51.51833]}},{"type":"Feature","properties":{"country_code":"USA","city":"Mission Hills","geoname_id":"5373650","h3_hexagon":599701369024151551,"downloaders":{"size":11,"mobile":0,"satellite":0,"tor":0,"tor_exit_nodes":0,"vpn":9,"relay":0,"proxy":0,"hosting":0,"service":0},"uploaders":{"size":9,"mobile":0,"satellite":0,"tor":0,"tor_exit_nodes":0,"vpn":9,"relay":0,"proxy":0,"hosting":0,"service":0}},"geometry":{"type":"Point","coordinates":[-120.43683,34.68609]}},{"type":"Feature","properties":{"country_code":"SVK","city":"Malá Maňa","geoname_id":"3058884","h3_hexagon":599506698557718527,"downloaders":{"size":11,"mobile":0,"satellite":0,"tor":0,"tor_exit_nodes":0,"vpn":0,"relay":0,"proxy":0,"hosting":0,"service":0},"uploaders":{"size":10,"mobile":0,"satellite":0,"tor":0,"tor_exit_nodes":0,"vpn":0,"relay":0,"proxy":0,"hosting":0,"service":0}},"geometry":{"type":"Point","coordinates":[18.26453,48.1452]}},{"type":"Feature","properties":{"country_code":"USA","city":"Newton","geoname_id":"4868907","h3_hexagon":599655386030538751,"downloaders":{"size":11,"mobile":0,"satellite":0,"tor":0,"tor_exit_nodes":0,"vpn":0,"relay":0,"proxy":0,"hosting":0,"service":0},"uploaders":{"size":8,"mobile":0,"satellite":0,"tor":0,"tor_exit_nodes":0,"vpn":0,"relay":0,"proxy":0,"hosting":0,"service":0}},"geometry":{"type":"Point","coordinates":[-93.04798,41.69971]}},{"type":"Feature","properties":{"country_code":"NZL","city":"Paraparaumu","geoname_id":"2184904","h3_hexagon":602271493560205311,"downloaders":{"size":11,"mobile":0,"satellite":0,"tor":0,"tor_exit_nodes":0,"vpn":0,"relay":0,"proxy":0,"hosting":10,"service":0},"uploaders":{"size":10,"mobile":0,"satellite":0,"tor":0,"tor_exit_nodes":0,"vpn":0,"relay":0,"proxy":0,"hosting":10,"service":0}},"geometry":{"type":"Point","coordinates":[175.01667,-40.91667]}},{"type":"Feature","properties":{"country_code":"SRB","city":"Vršac","geoname_id":"784136","h3_hexagon":599522329017450495,"downloaders":{"size":11,"mobile":0,"satellite":0,"tor":0,"tor_exit_nodes":0,"vpn":0,"relay":0,"proxy":0,"hosting":0,"service":0},"uploaders":{"size":6,"mobile":0,"satellite":0,"tor":0,"tor_exit_nodes":0,"vpn":0,"relay":0,"proxy":0,"hosting":0,"service":0}},"geometry":{"type":"Point","coordinates":[21.30361,45.11667]}},{"type":"Feature","properties":{"country_code":"USA","city":"Lake Lorraine","geoname_id":"4161296","h3_hexagon":600180713144188927,"downloaders":{"size":11,"mobile":0,"satellite":0,"tor":0,"tor_exit_nodes":0,"vpn":0,"relay":0,"proxy":0,"hosting":0,"service":0},"uploaders":{"size":11,"mobile":0,"satellite":0,"tor":0,"tor_exit_nodes":0,"vpn":0,"relay":0,"proxy":0,"hosting":0,"service":0}},"geometry":{"type":"Point","coordinates":[-86.56523,30.44159]}},{"type":"Feature","properties":{"country_code":"USA","city":"Gilbert","geoname_id":"5295903","h3_hexagon":600261580935921663,"downloaders":{"size":11,"mobile":0,"satellite":0,"tor":0,"tor_exit_nodes":0,"vpn":0,"relay":0,"proxy":0,"hosting":0,"service":0},"uploaders":{"size":11,"mobile":0,"satellite":0,"tor":0,"tor_exit_nodes":0,"vpn":0,"relay":0,"proxy":0,"hosting":0,"service":0}},"geometry":{"type":"Point","coordinates":[-111.78903,33.35283]}},{"type":"Feature","properties":{"country_code":"USA","city":"Belleville","geoname_id":"4985601","h3_hexagon":599729872574611455,"downloaders":{"size":10,"mobile":10,"satellite":0,"tor":0,"tor_exit_nodes":0,"vpn":0,"relay":0,"proxy":0,"hosting":0,"service":0},"uploaders":{"size":10,"mobile":10,"satellite":0,"tor":0,"tor_exit_nodes":0,"vpn":0,"relay":0,"proxy":0,"hosting":0,"service":0}},"geometry":{"type":"Point","coordinates":[-83.4854,42.1949]}},{"type":"Feature","properties":{"country_code":"UGA","city":"Kampala","geoname_id":"232422","h3_hexagon":600857306858520575,"downloaders":{"size":10,"mobile":5,"satellite":0,"tor":0,"tor_exit_nodes":0,"vpn":0,"relay":0,"proxy":0,"hosting":0,"service":0},"uploaders":{"size":5,"mobile":3,"satellite":0,"tor":0,"tor_exit_nodes":0,"vpn":0,"relay":0,"proxy":0,"hosting":0,"service":0}},"geometry":{"type":"Point","coordinates":[32.58219,0.31628]}},{"type":"Feature","properties":{"country_code":"USA","city":"Northport","geoname_id":"4080555","h3_hexagon":600191317418442751,"downloaders":{"size":10,"mobile":10,"satellite":0,"tor":0,"tor_exit_nodes":0,"vpn":0,"relay":0,"proxy":0,"hosting":0,"service":0},"uploaders":{"size":10,"mobile":10,"satellite":0,"tor":0,"tor_exit_nodes":0,"vpn":0,"relay":0,"proxy":0,"hosting":0,"service":0}},"geometry":{"type":"Point","coordinates":[-87.57723,33.22901]}},{"type":"Feature","properties":{"country_code":"USA","city":"Frisco","geoname_id":"4692559","h3_hexagon":599661001700278271,"downloaders":{"size":10,"mobile":5,"satellite":0,"tor":0,"tor_exit_nodes":0,"vpn":0,"relay":0,"proxy":0,"hosting":0,"service":0},"uploaders":{"size":3,"mobile":3,"satellite":0,"tor":0,"tor_exit_nodes":0,"vpn":0,"relay":0,"proxy":0,"hosting":0,"service":0}},"geometry":{"type":"Point","coordinates":[-96.82361,33.15067]}},{"type":"Feature","properties":{"country_code":"USA","city":"Camp Hill","geoname_id":"5182928","h3_hexagon":599729619171540991,"downloaders":{"size":10,"mobile":0,"satellite":0,"tor":0,"tor_exit_nodes":0,"vpn":0,"relay":0,"proxy":0,"hosting":0,"service":0},"uploaders":{"size":9,"mobile":0,"satellite":0,"tor":0,"tor_exit_nodes":0,"vpn":0,"relay":0,"proxy":0,"hosting":0,"service":0}},"geometry":{"type":"Point","coordinates":[-76.91997,40.23981]}},{"type":"Feature","properties":{"country_code":"USA","city":"Sharpsburg","geoname_id":"5211708","h3_hexagon":599726696446296063,"downloaders":{"size":10,"mobile":0,"satellite":0,"tor":0,"tor_exit_nodes":0,"vpn":0,"relay":0,"proxy":0,"hosting":0,"service":0},"uploaders":{"size":6,"mobile":0,"satellite":0,"tor":0,"tor_exit_nodes":0,"vpn":0,"relay":0,"proxy":0,"hosting":0,"service":0}},"geometry":{"type":"Point","coordinates":[-79.92644,40.49451]}},{"type":"Feature","properties":{"country_code":"USA","city":"Holley","geoname_id":"5121016","h3_hexagon":599745760732381183,"downloaders":{"size":10,"mobile":0,"satellite":0,"tor":0,"tor_exit_nodes":0,"vpn":0,"relay":0,"proxy":0,"hosting":0,"service":0},"uploaders":{"size":6,"mobile":0,"satellite":0,"tor":0,"tor_exit_nodes":0,"vpn":0,"relay":0,"proxy":0,"hosting":0,"service":0}},"geometry":{"type":"Point","coordinates":[-78.02668,43.22645]}},{"type":"Feature","properties":{"country_code":"CZE","city":"Frenštát pod Radhoštěm","geoname_id":"3076132","h3_hexagon":599506801636933631,"downloaders":{"size":10,"mobile":0,"satellite":0,"tor":0,"tor_exit_nodes":0,"vpn":0,"relay":0,"proxy":0,"hosting":0,"service":0},"uploaders":{"size":9,"mobile":0,"satellite":0,"tor":0,"tor_exit_nodes":0,"vpn":0,"relay":0,"proxy":0,"hosting":0,"service":0}},"geometry":{"type":"Point","coordinates":[18.21078,49.54835]}},{"type":"Feature","properties":{"country_code":"USA","city":"Pueblo West","geoname_id":"5435477","h3_hexagon":599656604727508991,"downloaders":{"size":10,"mobile":0,"satellite":0,"tor":0,"tor_exit_nodes":0,"vpn":0,"relay":0,"proxy":0,"hosting":0,"service":0},"uploaders":{"size":10,"mobile":0,"satellite":0,"tor":0,"tor_exit_nodes":0,"vpn":0,"relay":0,"proxy":0,"hosting":0,"service":0}},"geometry":{"type":"Point","coordinates":[-104.72275,38.35]}},{"type":"Feature","properties":{"country_code":"USA","city":"Somerset","geoname_id":"5273620","h3_hexagon":599670496799227903,"downloaders":{"size":10,"mobile":0,"satellite":0,"tor":0,"tor_exit_nodes":0,"vpn":0,"relay":0,"proxy":0,"hosting":0,"service":0},"uploaders":{"size":3,"mobile":0,"satellite":0,"tor":0,"tor_exit_nodes":0,"vpn":0,"relay":0,"proxy":0,"hosting":0,"service":0}},"geometry":{"type":"Point","coordinates":[-92.67354,45.12441]}},{"type":"Feature","properties":{"country_code":"USA","city":"Concrete","geoname_id":"5790718","h3_hexagon":599696977420091391,"downloaders":{"size":10,"mobile":0,"satellite":0,"tor":0,"tor_exit_nodes":0,"vpn":0,"relay":0,"proxy":0,"hosting":0,"service":0},"uploaders":{"size":9,"mobile":0,"satellite":0,"tor":0,"tor_exit_nodes":0,"vpn":0,"relay":0,"proxy":0,"hosting":0,"service":0}},"geometry":{"type":"Point","coordinates":[-121.74625,48.53928]}},{"type":"Feature","properties":{"country_code":"ZAF","city":"Cape Town","geoname_id":"3369157","h3_hexagon":602025916993896447,"downloaders":{"size":9,"mobile":0,"satellite":0,"tor":0,"tor_exit_nodes":0,"vpn":0,"relay":0,"proxy":0,"hosting":0,"service":0},"uploaders":{"size":9,"mobile":0,"satellite":0,"tor":0,"tor_exit_nodes":0,"vpn":0,"relay":0,"proxy":0,"hosting":0,"service":0}},"geometry":{"type":"Point","coordinates":[18.6833,-33.8667]}},{"type":"Feature","properties":{"country_code":"NOR","city":"Lakselv","geoname_id":"779082","h3_hexagon":598999003358560255,"downloaders":{"size":9,"mobile":0,"satellite":0,"tor":0,"tor_exit_nodes":0,"vpn":0,"relay":0,"proxy":0,"hosting":0,"service":0},"uploaders":{"size":9,"mobile":0,"satellite":0,"tor":0,"tor_exit_nodes":0,"vpn":0,"relay":0,"proxy":0,"hosting":0,"service":0}},"geometry":{"type":"Point","coordinates":[24.97182,70.05133]}},{"type":"Feature","properties":{"country_code":"DEU","city":"Dillingen","geoname_id":"2936977","h3_hexagon":599535336325906431,"downloaders":{"size":9,"mobile":0,"satellite":0,"tor":0,"tor_exit_nodes":0,"vpn":0,"relay":0,"proxy":0,"hosting":0,"service":0},"uploaders":{"size":4,"mobile":0,"satellite":0,"tor":0,"tor_exit_nodes":0,"vpn":0,"relay":0,"proxy":0,"hosting":0,"service":0}},"geometry":{"type":"Point","coordinates":[6.72781,49.35557]}},{"type":"Feature","properties":{"country_code":"BGR","city":"Godech","geoname_id":"731384","h3_hexagon":599519989334015999,"downloaders":{"size":9,"mobile":0,"satellite":0,"tor":0,"tor_exit_nodes":0,"vpn":0,"relay":0,"proxy":0,"hosting":0,"service":0},"uploaders":{"size":8,"mobile":0,"satellite":0,"tor":0,"tor_exit_nodes":0,"vpn":0,"relay":0,"proxy":0,"hosting":0,"service":0}},"geometry":{"type":"Point","coordinates":[23.04852,43.01682]}},{"type":"Feature","properties":{"country_code":"USA","city":"Wichita Falls","geoname_id":"4741752","h3_hexagon":599662488832704511,"downloaders":{"size":9,"mobile":0,"satellite":0,"tor":0,"tor_exit_nodes":0,"vpn":0,"relay":0,"proxy":0,"hosting":0,"service":0},"uploaders":{"size":7,"mobile":0,"satellite":0,"tor":0,"tor_exit_nodes":0,"vpn":0,"relay":0,"proxy":0,"hosting":0,"service":0}},"geometry":{"type":"Point","coordinates":[-98.49339,33.91371]}},{"type":"Feature","properties":{"country_code":"IDN","city":"Bandung","geoname_id":"1650357","h3_hexagon":601443064162025471,"downloaders":{"size":8,"mobile":0,"satellite":0,"tor":0,"tor_exit_nodes":0,"vpn":0,"relay":0,"proxy":0,"hosting":0,"service":0},"uploaders":{"size":3,"mobile":0,"satellite":0,"tor":0,"tor_exit_nodes":0,"vpn":0,"relay":0,"proxy":0,"hosting":0,"service":0}},"geometry":{"type":"Point","coordinates":[107.60694,-6.92222]}},{"type":"Feature","properties":{"country_code":"POL","city":"Dąbrowa Górnicza","geoname_id":"3100796","h3_hexagon":599509701813600255,"downloaders":{"size":8,"mobile":0,"satellite":0,"tor":0,"tor_exit_nodes":0,"vpn":0,"relay":0,"proxy":0,"hosting":0,"service":0},"uploaders":{"size":4,"mobile":0,"satellite":0,"tor":0,"tor_exit_nodes":0,"vpn":0,"relay":0,"proxy":0,"hosting":0,"service":0}},"geometry":{"type":"Point","coordinates":[19.20479,50.33394]}},{"type":"Feature","properties":{"country_code":"ARG","city":"Tandil","geoname_id":"3427833","h3_hexagon":602394629198839807,"downloaders":{"size":8,"mobile":0,"satellite":0,"tor":0,"tor_exit_nodes":0,"vpn":0,"relay":0,"proxy":0,"hosting":0,"service":0},"uploaders":{"size":3,"mobile":0,"satellite":0,"tor":0,"tor_exit_nodes":0,"vpn":0,"relay":0,"proxy":0,"hosting":0,"service":0}},"geometry":{"type":"Point","coordinates":[-59.1369,-37.3287]}},{"type":"Feature","properties":{"country_code":"PHL","city":"Zamboanga","geoname_id":"1679432","h3_hexagon":600814294908534783,"downloaders":{"size":8,"mobile":0,"satellite":0,"tor":0,"tor_exit_nodes":0,"vpn":0,"relay":0,"proxy":0,"hosting":0,"service":0},"uploaders":{"size":5,"mobile":0,"satellite":0,"tor":0,"tor_exit_nodes":0,"vpn":0,"relay":0,"proxy":0,"hosting":0,"service":0}},"geometry":{"type":"Point","coordinates":[122.07389,6.91028]}},{"type":"Feature","properties":{"country_code":"JPN","city":"Naha","geoname_id":"1856035","h3_hexagon":600283191063871487,"downloaders":{"size":7,"mobile":7,"satellite":0,"tor":0,"tor_exit_nodes":0,"vpn":0,"relay":0,"proxy":0,"hosting":0,"service":0},"uploaders":{"size":4,"mobile":4,"satellite":0,"tor":0,"tor_exit_nodes":0,"vpn":0,"relay":0,"proxy":0,"hosting":0,"service":0}},"geometry":{"type":"Point","coordinates":[127.67851,26.213]}},{"type":"Feature","properties":{"country_code":"NOR","city":"Tønsberg","geoname_id":"3134331","h3_hexagon":599147538360041471,"downloaders":{"size":7,"mobile":0,"satellite":0,"tor":0,"tor_exit_nodes":0,"vpn":3,"relay":0,"proxy":0,"hosting":0,"service":0},"uploaders":{"size":3,"mobile":0,"satellite":0,"tor":0,"tor_exit_nodes":0,"vpn":3,"relay":0,"proxy":0,"hosting":0,"service":0}},"geometry":{"type":"Point","coordinates":[10.40762,59.26754]}},{"type":"Feature","properties":{"country_code":"DEU","city":"Landstuhl","geoname_id":"2881477","h3_hexagon":599533288700248063,"downloaders":{"size":6,"mobile":0,"satellite":0,"tor":3,"tor_exit_nodes":0,"vpn":0,"relay":0,"proxy":0,"hosting":0,"service":0},"uploaders":{"size":3,"mobile":0,"satellite":0,"tor":3,"tor_exit_nodes":0,"vpn":0,"relay":0,"proxy":0,"hosting":0,"service":0}},"geometry":{"type":"Point","coordinates":[7.57021,49.41306]}},{"type":"Feature","properties":{"country_code":"USA","city":"Corona","geoname_id":"5339631","h3_hexagon":599711075650240511,"downloaders":{"size":6,"mobile":1,"satellite":0,"tor":0,"tor_exit_nodes":0,"vpn":0,"relay":0,"proxy":0,"hosting":0,"service":0},"uploaders":{"size":4,"mobile":0,"satellite":0,"tor":0,"tor_exit_nodes":0,"vpn":0,"relay":0,"proxy":0,"hosting":0,"service":0}},"geometry":{"type":"Point","coordinates":[-117.56644,33.87529]}},{"type":"Feature","properties":{"country_code":"USA","city":"Bath","geoname_id":"4957570","h3_hexagon":599721233247895551,"downloaders":{"size":6,"mobile":0,"satellite":0,"tor":0,"tor_exit_nodes":0,"vpn":0,"relay":0,"proxy":0,"hosting":0,"service":0},"uploaders":{"size":6,"mobile":0,"satellite":0,"tor":0,"tor_exit_nodes":0,"vpn":0,"relay":0,"proxy":0,"hosting":0,"service":0}},"geometry":{"type":"Point","coordinates":[-69.8206,43.91064]}},{"type":"Feature","properties":{"country_code":"USA","city":"Amarillo","geoname_id":"5516233","h3_hexagon":599661638429179903,"downloaders":{"size":6,"mobile":4,"satellite":0,"tor":0,"tor_exit_nodes":0,"vpn":0,"relay":0,"proxy":0,"hosting":0,"service":0},"uploaders":{"size":3,"mobile":3,"satellite":0,"tor":0,"tor_exit_nodes":0,"vpn":0,"relay":0,"proxy":0,"hosting":0,"service":0}},"geometry":{"type":"Point","coordinates":[-101.8313,35.222]}},{"type":"Feature","properties":{"country_code":"USA","city":"Phoenixville","geoname_id":"5205849","h3_hexagon":599729477437620223,"downloaders":{"size":6,"mobile":0,"satellite":0,"tor":0,"tor_exit_nodes":0,"vpn":0,"relay":0,"proxy":0,"hosting":3,"service":0},"uploaders":{"size":3,"mobile":0,"satellite":0,"tor":0,"tor_exit_nodes":0,"vpn":0,"relay":0,"proxy":0,"hosting":3,"service":0}},"geometry":{"type":"Point","coordinates":[-75.51491,40.13038]}},{"type":"Feature","properties":{"country_code":"USA","city":"Nashua","geoname_id":"5090046","h3_hexagon":599720942263861247,"downloaders":{"size":6,"mobile":0,"satellite":0,"tor":0,"tor_exit_nodes":0,"vpn":3,"relay":0,"proxy":0,"hosting":0,"service":0},"uploaders":{"size":3,"mobile":0,"satellite":0,"tor":0,"tor_exit_nodes":0,"vpn":3,"relay":0,"proxy":0,"hosting":0,"service":0}},"geometry":{"type":"Point","coordinates":[-71.46757,42.76537]}},{"type":"Feature","properties":{"country_code":"NOR","city":"Grimstad","geoname_id":"3155041","h3_hexagon":599147983962898431,"downloaders":{"size":6,"mobile":0,"satellite":0,"tor":0,"tor_exit_nodes":0,"vpn":0,"relay":0,"proxy":0,"hosting":0,"service":0},"uploaders":{"size":4,"mobile":0,"satellite":0,"tor":0,"tor_exit_nodes":0,"vpn":0,"relay":0,"proxy":0,"hosting":0,"service":0}},"geometry":{"type":"Point","coordinates":[8.59343,58.3405]}},{"type":"Feature","properties":{"country_code":"DNK","city":"Slagelse","geoname_id":"2613460","h3_hexagon":599524429256458239,"downloaders":{"size":6,"mobile":0,"satellite":0,"tor":0,"tor_exit_nodes":0,"vpn":0,"relay":0,"proxy":0,"hosting":0,"service":0},"uploaders":{"size":3,"mobile":0,"satellite":0,"tor":0,"tor_exit_nodes":0,"vpn":0,"relay":0,"proxy":0,"hosting":0,"service":0}},"geometry":{"type":"Point","coordinates":[11.35459,55.40276]}},{"type":"Feature","properties":{"country_code":"FRA","city":"Porto-Vecchio","geoname_id":"2985947","h3_hexagon":599518758825885695,"downloaders":{"size":5,"mobile":0,"satellite":0,"tor":0,"tor_exit_nodes":0,"vpn":0,"relay":0,"proxy":0,"hosting":0,"service":0},"uploaders":{"size":3,"mobile":0,"satellite":0,"tor":0,"tor_exit_nodes":0,"vpn":0,"relay":0,"proxy":0,"hosting":0,"service":0}},"geometry":{"type":"Point","coordinates":[9.27947,41.59101]}},{"type":"Feature","properties":{"country_code":"USA","city":"Clearwater","geoname_id":"4151316","h3_hexagon":600176841231171583,"downloaders":{"size":5,"mobile":0,"satellite":0,"tor":0,"tor_exit_nodes":0,"vpn":0,"relay":0,"proxy":0,"hosting":0,"service":0},"uploaders":{"size":5,"mobile":0,"satellite":0,"tor":0,"tor_exit_nodes":0,"vpn":0,"relay":0,"proxy":0,"hosting":0,"service":0}},"geometry":{"type":"Point","coordinates":[-82.6746,27.8942]}},{"type":"Feature","properties":{"country_code":"ESP","city":"Ponteareas","geoname_id":"3112761","h3_hexagon":599983727690383359,"downloaders":{"size":5,"mobile":0,"satellite":0,"tor":0,"tor_exit_nodes":0,"vpn":0,"relay":0,"proxy":0,"hosting":0,"service":0},"uploaders":{"size":5,"mobile":0,"satellite":0,"tor":0,"tor_exit_nodes":0,"vpn":0,"relay":0,"proxy":0,"hosting":0,"service":0}},"geometry":{"type":"Point","coordinates":[-8.50398,42.17476]}},{"type":"Feature","properties":{"country_code":"AUT","city":"Steyr","geoname_id":"2764359","h3_hexagon":599507940877008895,"downloaders":{"size":5,"mobile":0,"satellite":0,"tor":0,"tor_exit_nodes":0,"vpn":0,"relay":0,"proxy":0,"hosting":0,"service":0},"uploaders":{"size":4,"mobile":0,"satellite":0,"tor":0,"tor_exit_nodes":0,"vpn":0,"relay":0,"proxy":0,"hosting":0,"service":0}},"geometry":{"type":"Point","coordinates":[14.42127,48.04274]}},{"type":"Feature","properties":{"country_code":"ITA","city":"Venarotta","geoname_id":"3164616","h3_hexagon":599515658933239807,"downloaders":{"size":5,"mobile":0,"satellite":0,"tor":0,"tor_exit_nodes":0,"vpn":3,"relay":0,"proxy":0,"hosting":0,"service":0},"uploaders":{"size":3,"mobile":0,"satellite":0,"tor":0,"tor_exit_nodes":0,"vpn":3,"relay":0,"proxy":0,"hosting":0,"service":0}},"geometry":{"type":"Point","coordinates":[13.49157,42.88266]}},{"type":"Feature","properties":{"country_code":"BEL","city":"Riemst","geoname_id":"2788088","h3_hexagon":599535138757410815,"downloaders":{"size":4,"mobile":0,"satellite":0,"tor":0,"tor_exit_nodes":0,"vpn":0,"relay":0,"proxy":0,"hosting":0,"service":0},"uploaders":{"size":4,"mobile":0,"satellite":0,"tor":0,"tor_exit_nodes":0,"vpn":0,"relay":0,"proxy":0,"hosting":0,"service":0}},"geometry":{"type":"Point","coordinates":[5.60131,50.80995]}},{"type":"Feature","properties":{"country_code":"USA","city":"Cedarburg","geoname_id":"5248171","h3_hexagon":599671237681086463,"downloaders":{"size":4,"mobile":0,"satellite":0,"tor":0,"tor_exit_nodes":0,"vpn":0,"relay":0,"proxy":0,"hosting":0,"service":0},"uploaders":{"size":4,"mobile":0,"satellite":0,"tor":0,"tor_exit_nodes":0,"vpn":0,"relay":0,"proxy":0,"hosting":0,"service":0}},"geometry":{"type":"Point","coordinates":[-87.98759,43.29667]}},{"type":"Feature","properties":{"country_code":"USA","city":"Hays","geoname_id":"4272782","h3_hexagon":599664096224215039,"downloaders":{"size":4,"mobile":0,"satellite":0,"tor":0,"tor_exit_nodes":0,"vpn":0,"relay":0,"proxy":0,"hosting":0,"service":0},"uploaders":{"size":4,"mobile":0,"satellite":0,"tor":0,"tor_exit_nodes":0,"vpn":0,"relay":0,"proxy":0,"hosting":0,"service":0}},"geometry":{"type":"Point","coordinates":[-99.32677,38.87918]}},{"type":"Feature","properties":{"country_code":"USA","city":"The Colony","geoname_id":"4736388","h3_hexagon":599661029617565695,"downloaders":{"size":4,"mobile":4,"satellite":0,"tor":0,"tor_exit_nodes":0,"vpn":0,"relay":0,"proxy":0,"hosting":0,"service":0},"uploaders":{"size":4,"mobile":4,"satellite":0,"tor":0,"tor_exit_nodes":0,"vpn":0,"relay":0,"proxy":0,"hosting":0,"service":0}},"geometry":{"type":"Point","coordinates":[-96.88639,33.08901]}},{"type":"Feature","properties":{"country_code":"USA","city":"Broadway","geoname_id":"4749117","h3_hexagon":599726532163796991,"downloaders":{"size":3,"mobile":0,"satellite":0,"tor":0,"tor_exit_nodes":0,"vpn":3,"relay":0,"proxy":0,"hosting":0,"service":0},"uploaders":{"size":3,"mobile":0,"satellite":0,"tor":0,"tor_exit_nodes":0,"vpn":3,"relay":0,"proxy":0,"hosting":0,"service":0}},"geometry":{"type":"Point","coordinates":[-78.79891,38.61317]}},{"type":"Feature","properties":{"country_code":"SWE","city":"Sveg","geoname_id":"2670061","h3_hexagon":599131364586946559,"downloaders":{"size":3,"mobile":0,"satellite":0,"tor":0,"tor_exit_nodes":0,"vpn":0,"relay":0,"proxy":0,"hosting":0,"service":0},"uploaders":{"size":3,"mobile":0,"satellite":0,"tor":0,"tor_exit_nodes":0,"vpn":0,"relay":0,"proxy":0,"hosting":0,"service":0}},"geometry":{"type":"Point","coordinates":[14.36577,62.03407]}}]}