{"type":"FeatureCollection","id":"Distributed Denial of Secrets: USA","swarm_geo_partition_by":"hexagon","swarm_hexagon_resolution":5,"swarm_size_min":3,"swarm_features_size":27138,"datestamp":"2026-01-29-to-2026-02-04","data_version":"20260521","btiha_size":25,"features":[{"type":"Feature","properties":{"country_code":"KOR","city":"Seoul","geoname_id":"1835848","h3_hexagon":599838696308473855,"downloaders":{"size":3487,"mobile":104,"satellite":0,"tor":0,"tor_exit_nodes":0,"vpn":73,"relay":0,"proxy":1,"hosting":162,"service":23},"uploaders":{"size":11,"mobile":1,"satellite":0,"tor":0,"tor_exit_nodes":0,"vpn":1,"relay":0,"proxy":0,"hosting":2,"service":1}},"geometry":{"type":"Point","coordinates":[126.9784,37.566]}},{"type":"Feature","properties":{"country_code":"NLD","city":"Lelystad","geoname_id":"2751738","h3_hexagon":599425828618502143,"downloaders":{"size":2906,"mobile":0,"satellite":0,"tor":2,"tor_exit_nodes":16,"vpn":643,"relay":0,"proxy":93,"hosting":2902,"service":515},"uploaders":{"size":645,"mobile":0,"satellite":0,"tor":0,"tor_exit_nodes":1,"vpn":279,"relay":0,"proxy":16,"hosting":645,"service":246}},"geometry":{"type":"Point","coordinates":[5.475,52.50833]}},{"type":"Feature","properties":{"country_code":"RUS","city":"Moscow","geoname_id":"524901","h3_hexagon":599289533200072703,"downloaders":{"size":2547,"mobile":18,"satellite":0,"tor":0,"tor_exit_nodes":0,"vpn":130,"relay":3,"proxy":4,"hosting":418,"service":29},"uploaders":{"size":73,"mobile":0,"satellite":0,"tor":0,"tor_exit_nodes":0,"vpn":0,"relay":0,"proxy":0,"hosting":25,"service":0}},"geometry":{"type":"Point","coordinates":[37.61781,55.75204]}},{"type":"Feature","properties":{"country_code":"NLD","city":"Amsterdam","geoname_id":"2759794","h3_hexagon":599425793185021951,"downloaders":{"size":2410,"mobile":11,"satellite":0,"tor":2,"tor_exit_nodes":1,"vpn":1270,"relay":10,"proxy":2,"hosting":2113,"service":1057},"uploaders":{"size":616,"mobile":1,"satellite":0,"tor":0,"tor_exit_nodes":0,"vpn":445,"relay":4,"proxy":0,"hosting":564,"service":437}},"geometry":{"type":"Point","coordinates":[4.88969,52.37403]}},{"type":"Feature","properties":{"country_code":"CHN","city":"Nanjing","geoname_id":"1799962","h3_hexagon":599833147210727423,"downloaders":{"size":2114,"mobile":6,"satellite":0,"tor":0,"tor_exit_nodes":0,"vpn":18,"relay":0,"proxy":0,"hosting":7,"service":0},"uploaders":{"size":61,"mobile":0,"satellite":0,"tor":0,"tor_exit_nodes":0,"vpn":0,"relay":0,"proxy":0,"hosting":1,"service":0}},"geometry":{"type":"Point","coordinates":[118.77778,32.06167]}},{"type":"Feature","properties":{"country_code":"TUR","city":"Istanbul","geoname_id":"745044","h3_hexagon":599520334005141503,"downloaders":{"size":2027,"mobile":25,"satellite":0,"tor":0,"tor_exit_nodes":0,"vpn":15,"relay":0,"proxy":0,"hosting":32,"service":15},"uploaders":{"size":60,"mobile":1,"satellite":0,"tor":0,"tor_exit_nodes":0,"vpn":2,"relay":0,"proxy":0,"hosting":12,"service":2}},"geometry":{"type":"Point","coordinates":[28.94966,41.01384]}},{"type":"Feature","properties":{"country_code":"CAN","city":"Toronto","geoname_id":"6167865","h3_hexagon":599745919646171135,"downloaders":{"size":1623,"mobile":14,"satellite":0,"tor":0,"tor_exit_nodes":14,"vpn":1342,"relay":0,"proxy":0,"hosting":1370,"service":1290},"uploaders":{"size":651,"mobile":0,"satellite":0,"tor":0,"tor_exit_nodes":9,"vpn":575,"relay":0,"proxy":0,"hosting":598,"service":560}},"geometry":{"type":"Point","coordinates":[-79.39864,43.70643]}},{"type":"Feature","properties":{"country_code":"USA","city":"New York City","geoname_id":"5128581","h3_hexagon":599718752904282111,"downloaders":{"size":1480,"mobile":3,"satellite":0,"tor":8,"tor_exit_nodes":0,"vpn":1194,"relay":0,"proxy":0,"hosting":1207,"service":1172},"uploaders":{"size":601,"mobile":0,"satellite":0,"tor":6,"tor_exit_nodes":0,"vpn":534,"relay":0,"proxy":0,"hosting":545,"service":531}},"geometry":{"type":"Point","coordinates":[-74.00597,40.71427]}},{"type":"Feature","properties":{"country_code":"GBR","city":"London","geoname_id":"2643743","h3_hexagon":599423697240981503,"downloaders":{"size":1466,"mobile":78,"satellite":12,"tor":0,"tor_exit_nodes":0,"vpn":337,"relay":0,"proxy":5,"hosting":343,"service":323},"uploaders":{"size":229,"mobile":2,"satellite":0,"tor":0,"tor_exit_nodes":0,"vpn":121,"relay":0,"proxy":0,"hosting":111,"service":120}},"geometry":{"type":"Point","coordinates":[-0.12574,51.50853]}},{"type":"Feature","properties":{"country_code":"RUS","city":"Saint Petersburg","geoname_id":"498817","h3_hexagon":599278232067375103,"downloaders":{"size":1465,"mobile":4,"satellite":0,"tor":0,"tor_exit_nodes":0,"vpn":39,"relay":1,"proxy":0,"hosting":82,"service":3},"uploaders":{"size":17,"mobile":0,"satellite":0,"tor":0,"tor_exit_nodes":0,"vpn":0,"relay":0,"proxy":0,"hosting":1,"service":0}},"geometry":{"type":"Point","coordinates":[30.31413,59.93863]}},{"type":"Feature","properties":{"country_code":"CHN","city":"Shanghai","geoname_id":"1796236","h3_hexagon":599833714146410495,"downloaders":{"size":1173,"mobile":37,"satellite":0,"tor":0,"tor_exit_nodes":0,"vpn":36,"relay":1,"proxy":1,"hosting":230,"service":1},"uploaders":{"size":38,"mobile":0,"satellite":0,"tor":0,"tor_exit_nodes":0,"vpn":0,"relay":1,"proxy":0,"hosting":3,"service":1}},"geometry":{"type":"Point","coordinates":[121.45806,31.22222]}},{"type":"Feature","properties":{"country_code":"USA","city":"Chicago","geoname_id":"4887398","h3_hexagon":599654181292212223,"downloaders":{"size":1065,"mobile":9,"satellite":0,"tor":2,"tor_exit_nodes":0,"vpn":928,"relay":1,"proxy":0,"hosting":909,"service":882},"uploaders":{"size":545,"mobile":7,"satellite":0,"tor":0,"tor_exit_nodes":0,"vpn":489,"relay":0,"proxy":0,"hosting":505,"service":486}},"geometry":{"type":"Point","coordinates":[-87.65005,41.85003]}},{"type":"Feature","properties":{"country_code":"FRA","city":"Paris","geoname_id":"2988507","h3_hexagon":599536505630752767,"downloaders":{"size":922,"mobile":194,"satellite":0,"tor":0,"tor_exit_nodes":0,"vpn":189,"relay":0,"proxy":1,"hosting":402,"service":175},"uploaders":{"size":107,"mobile":25,"satellite":0,"tor":0,"tor_exit_nodes":0,"vpn":45,"relay":0,"proxy":0,"hosting":56,"service":44}},"geometry":{"type":"Point","coordinates":[2.3488,48.85341]}},{"type":"Feature","properties":{"country_code":"USA","city":"Los Angeles","geoname_id":"5368361","h3_hexagon":599711151885910015,"downloaders":{"size":906,"mobile":6,"satellite":0,"tor":0,"tor_exit_nodes":0,"vpn":703,"relay":0,"proxy":0,"hosting":678,"service":688},"uploaders":{"size":339,"mobile":3,"satellite":0,"tor":0,"tor_exit_nodes":0,"vpn":308,"relay":0,"proxy":0,"hosting":286,"service":307}},"geometry":{"type":"Point","coordinates":[-118.24368,34.05223]}},{"type":"Feature","properties":{"country_code":"CHN","city":"Hangzhou","geoname_id":"1808926","h3_hexagon":599833781792145407,"downloaders":{"size":893,"mobile":0,"satellite":0,"tor":0,"tor_exit_nodes":0,"vpn":27,"relay":0,"proxy":0,"hosting":7,"service":0},"uploaders":{"size":8,"mobile":0,"satellite":0,"tor":0,"tor_exit_nodes":0,"vpn":0,"relay":0,"proxy":0,"hosting":1,"service":0}},"geometry":{"type":"Point","coordinates":[120.16142,30.29365]}},{"type":"Feature","properties":{"country_code":"HUN","city":"Budapest","geoname_id":"3054643","h3_hexagon":599506755466035199,"downloaders":{"size":862,"mobile":35,"satellite":0,"tor":0,"tor_exit_nodes":0,"vpn":45,"relay":0,"proxy":1,"hosting":51,"service":19},"uploaders":{"size":22,"mobile":3,"satellite":0,"tor":0,"tor_exit_nodes":0,"vpn":4,"relay":0,"proxy":0,"hosting":2,"service":2}},"geometry":{"type":"Point","coordinates":[19.04045,47.49835]}},{"type":"Feature","properties":{"country_code":"POL","city":"Warsaw","geoname_id":"756135","h3_hexagon":599529866685054975,"downloaders":{"size":830,"mobile":38,"satellite":1,"tor":0,"tor_exit_nodes":0,"vpn":86,"relay":0,"proxy":0,"hosting":103,"service":78},"uploaders":{"size":92,"mobile":18,"satellite":0,"tor":0,"tor_exit_nodes":0,"vpn":43,"relay":0,"proxy":0,"hosting":47,"service":43}},"geometry":{"type":"Point","coordinates":[21.01178,52.22977]}},{"type":"Feature","properties":{"country_code":"CAN","city":"Montréal","geoname_id":"6077243","h3_hexagon":599746916078583807,"downloaders":{"size":803,"mobile":37,"satellite":0,"tor":1,"tor_exit_nodes":3,"vpn":451,"relay":0,"proxy":55,"hosting":417,"service":434},"uploaders":{"size":206,"mobile":10,"satellite":0,"tor":0,"tor_exit_nodes":1,"vpn":150,"relay":0,"proxy":21,"hosting":139,"service":138}},"geometry":{"type":"Point","coordinates":[-73.58781,45.50884]}},{"type":"Feature","properties":{"country_code":"SWE","city":"Stockholm","geoname_id":"2673730","h3_hexagon":599128723182059519,"downloaders":{"size":802,"mobile":1,"satellite":0,"tor":19,"tor_exit_nodes":5,"vpn":655,"relay":1,"proxy":0,"hosting":668,"service":644},"uploaders":{"size":363,"mobile":0,"satellite":0,"tor":1,"tor_exit_nodes":0,"vpn":327,"relay":0,"proxy":0,"hosting":327,"service":319}},"geometry":{"type":"Point","coordinates":[18.06871,59.32938]}},{"type":"Feature","properties":{"country_code":"CHE","city":"Zürich","geoname_id":"2657896","h3_hexagon":599533925429149695,"downloaders":{"size":725,"mobile":42,"satellite":0,"tor":0,"tor_exit_nodes":0,"vpn":584,"relay":0,"proxy":0,"hosting":580,"service":566},"uploaders":{"size":343,"mobile":2,"satellite":0,"tor":0,"tor_exit_nodes":0,"vpn":318,"relay":0,"proxy":0,"hosting":313,"service":305}},"geometry":{"type":"Point","coordinates":[8.55,47.36667]}},{"type":"Feature","properties":{"country_code":"USA","city":"Seattle","geoname_id":"5809844","h3_hexagon":599697093384208383,"downloaders":{"size":710,"mobile":2,"satellite":9,"tor":0,"tor_exit_nodes":0,"vpn":567,"relay":0,"proxy":0,"hosting":594,"service":552},"uploaders":{"size":343,"mobile":1,"satellite":3,"tor":0,"tor_exit_nodes":0,"vpn":279,"relay":0,"proxy":0,"hosting":279,"service":278}},"geometry":{"type":"Point","coordinates":[-122.33207,47.60621]}},{"type":"Feature","properties":{"country_code":"CHN","city":"Shenzhen","geoname_id":"1795565","h3_hexagon":600124212849410047,"downloaders":{"size":695,"mobile":4,"satellite":0,"tor":0,"tor_exit_nodes":0,"vpn":32,"relay":0,"proxy":0,"hosting":8,"service":0},"uploaders":{"size":14,"mobile":1,"satellite":0,"tor":0,"tor_exit_nodes":0,"vpn":0,"relay":0,"proxy":0,"hosting":1,"service":0}},"geometry":{"type":"Point","coordinates":[114.0683,22.54554]}},{"type":"Feature","properties":{"country_code":"TUR","city":"Ankara","geoname_id":"323786","h3_hexagon":599773917464231935,"downloaders":{"size":661,"mobile":10,"satellite":0,"tor":0,"tor_exit_nodes":0,"vpn":0,"relay":0,"proxy":0,"hosting":0,"service":0},"uploaders":{"size":9,"mobile":0,"satellite":0,"tor":0,"tor_exit_nodes":0,"vpn":0,"relay":0,"proxy":0,"hosting":0,"service":0}},"geometry":{"type":"Point","coordinates":[32.85427,39.91987]}},{"type":"Feature","properties":{"country_code":"USA","city":"Miami","geoname_id":"4164138","h3_hexagon":600186088295759871,"downloaders":{"size":628,"mobile":10,"satellite":0,"tor":0,"tor_exit_nodes":0,"vpn":436,"relay":0,"proxy":0,"hosting":598,"service":424},"uploaders":{"size":178,"mobile":9,"satellite":0,"tor":0,"tor_exit_nodes":0,"vpn":159,"relay":0,"proxy":0,"hosting":163,"service":149}},"geometry":{"type":"Point","coordinates":[-80.19366,25.77427]}},{"type":"Feature","properties":{"country_code":"DEU","city":"Frankfurt am Main","geoname_id":"2925533","h3_hexagon":599536111567503359,"downloaders":{"size":581,"mobile":8,"satellite":0,"tor":2,"tor_exit_nodes":3,"vpn":348,"relay":0,"proxy":1,"hosting":518,"service":343},"uploaders":{"size":182,"mobile":3,"satellite":0,"tor":0,"tor_exit_nodes":0,"vpn":138,"relay":0,"proxy":0,"hosting":174,"service":138}},"geometry":{"type":"Point","coordinates":[8.68417,50.11552]}},{"type":"Feature","properties":{"country_code":"CAN","city":"Vancouver","geoname_id":"6173331","h3_hexagon":599697732260593663,"downloaders":{"size":562,"mobile":77,"satellite":0,"tor":1,"tor_exit_nodes":0,"vpn":423,"relay":0,"proxy":0,"hosting":284,"service":398},"uploaders":{"size":218,"mobile":21,"satellite":0,"tor":0,"tor_exit_nodes":0,"vpn":189,"relay":0,"proxy":0,"hosting":129,"service":184}},"geometry":{"type":"Point","coordinates":[-123.11934,49.24966]}},{"type":"Feature","properties":{"country_code":"USA","city":"Santa Clara","geoname_id":"5393015","h3_hexagon":599686042433355775,"downloaders":{"size":496,"mobile":0,"satellite":2,"tor":2,"tor_exit_nodes":1,"vpn":357,"relay":13,"proxy":0,"hosting":286,"service":339},"uploaders":{"size":159,"mobile":0,"satellite":1,"tor":0,"tor_exit_nodes":0,"vpn":116,"relay":1,"proxy":0,"hosting":120,"service":115}},"geometry":{"type":"Point","coordinates":[-121.95524,37.35411]}},{"type":"Feature","properties":{"country_code":"RUS","city":"Novosibirsk","geoname_id":"1496747","h3_hexagon":599184374147055615,"downloaders":{"size":491,"mobile":1,"satellite":0,"tor":0,"tor_exit_nodes":0,"vpn":4,"relay":0,"proxy":0,"hosting":11,"service":0},"uploaders":{"size":12,"mobile":0,"satellite":0,"tor":0,"tor_exit_nodes":0,"vpn":0,"relay":0,"proxy":0,"hosting":0,"service":0}},"geometry":{"type":"Point","coordinates":[82.93175,55.02259]}},{"type":"Feature","properties":{"country_code":"USA","city":"Atlanta","geoname_id":"4180439","h3_hexagon":600188328121204735,"downloaders":{"size":470,"mobile":15,"satellite":2,"tor":0,"tor_exit_nodes":0,"vpn":374,"relay":0,"proxy":0,"hosting":412,"service":373},"uploaders":{"size":197,"mobile":11,"satellite":1,"tor":0,"tor_exit_nodes":0,"vpn":164,"relay":0,"proxy":0,"hosting":173,"service":164}},"geometry":{"type":"Point","coordinates":[-84.38798,33.749]}},{"type":"Feature","properties":{"country_code":"USA","city":"Denver","geoname_id":"5419384","h3_hexagon":599656933292507135,"downloaders":{"size":463,"mobile":5,"satellite":0,"tor":0,"tor_exit_nodes":0,"vpn":415,"relay":0,"proxy":0,"hosting":378,"service":402},"uploaders":{"size":219,"mobile":2,"satellite":0,"tor":0,"tor_exit_nodes":0,"vpn":207,"relay":0,"proxy":0,"hosting":199,"service":200}},"geometry":{"type":"Point","coordinates":[-104.9847,39.73915]}},{"type":"Feature","properties":{"country_code":"ESP","city":"Madrid","geoname_id":"3117735","h3_hexagon":599982373701943295,"downloaders":{"size":445,"mobile":2,"satellite":13,"tor":0,"tor_exit_nodes":0,"vpn":82,"relay":6,"proxy":0,"hosting":99,"service":86},"uploaders":{"size":59,"mobile":0,"satellite":1,"tor":0,"tor_exit_nodes":0,"vpn":29,"relay":3,"proxy":0,"hosting":33,"service":32}},"geometry":{"type":"Point","coordinates":[-3.70256,40.4165]}},{"type":"Feature","properties":{"country_code":"CHN","city":"Xi’an","geoname_id":"1790630","h3_hexagon":600114020892016639,"downloaders":{"size":416,"mobile":159,"satellite":0,"tor":0,"tor_exit_nodes":0,"vpn":1,"relay":0,"proxy":0,"hosting":0,"service":0},"uploaders":{"size":79,"mobile":1,"satellite":0,"tor":0,"tor_exit_nodes":0,"vpn":0,"relay":0,"proxy":0,"hosting":0,"service":0}},"geometry":{"type":"Point","coordinates":[108.92861,34.25833]}},{"type":"Feature","properties":{"country_code":"JPN","city":"Tokyo","geoname_id":"1850147","h3_hexagon":599811782969655295,"downloaders":{"size":407,"mobile":69,"satellite":0,"tor":0,"tor_exit_nodes":0,"vpn":125,"relay":2,"proxy":0,"hosting":153,"service":124},"uploaders":{"size":75,"mobile":1,"satellite":0,"tor":0,"tor_exit_nodes":0,"vpn":69,"relay":0,"proxy":0,"hosting":69,"service":69}},"geometry":{"type":"Point","coordinates":[139.69171,35.6895]}},{"type":"Feature","properties":{"country_code":"BGR","city":"Sofia","geoname_id":"727011","h3_hexagon":599520012956336127,"downloaders":{"size":400,"mobile":3,"satellite":3,"tor":0,"tor_exit_nodes":0,"vpn":40,"relay":1,"proxy":0,"hosting":66,"service":34},"uploaders":{"size":8,"mobile":0,"satellite":0,"tor":0,"tor_exit_nodes":0,"vpn":3,"relay":0,"proxy":0,"hosting":3,"service":3}},"geometry":{"type":"Point","coordinates":[23.32415,42.69751]}},{"type":"Feature","properties":{"country_code":"SGP","city":"Singapore","geoname_id":"1880252","h3_hexagon":600757819309817855,"downloaders":{"size":400,"mobile":3,"satellite":0,"tor":0,"tor_exit_nodes":0,"vpn":278,"relay":8,"proxy":1,"hosting":335,"service":283},"uploaders":{"size":169,"mobile":1,"satellite":0,"tor":0,"tor_exit_nodes":0,"vpn":147,"relay":2,"proxy":0,"hosting":160,"service":149}},"geometry":{"type":"Point","coordinates":[103.85007,1.28967]}},{"type":"Feature","properties":{"country_code":"RUS","city":"Nizhniy Novgorod","geoname_id":"520555","h3_hexagon":599261740466700287,"downloaders":{"size":397,"mobile":1,"satellite":0,"tor":0,"tor_exit_nodes":0,"vpn":7,"relay":0,"proxy":0,"hosting":0,"service":0},"uploaders":{"size":4,"mobile":0,"satellite":0,"tor":0,"tor_exit_nodes":0,"vpn":0,"relay":0,"proxy":0,"hosting":0,"service":0}},"geometry":{"type":"Point","coordinates":[44.00205,56.32867]}},{"type":"Feature","properties":{"country_code":"USA","city":"Ashburn","geoname_id":"4744870","h3_hexagon":599729341072408575,"downloaders":{"size":394,"mobile":0,"satellite":0,"tor":0,"tor_exit_nodes":0,"vpn":196,"relay":0,"proxy":0,"hosting":382,"service":196},"uploaders":{"size":112,"mobile":0,"satellite":0,"tor":0,"tor_exit_nodes":0,"vpn":89,"relay":0,"proxy":0,"hosting":104,"service":89}},"geometry":{"type":"Point","coordinates":[-77.48749,39.04372]}},{"type":"Feature","properties":{"country_code":"UKR","city":"Uzhhorod","geoname_id":"690548","h3_hexagon":599507350319005695,"downloaders":{"size":381,"mobile":0,"satellite":0,"tor":0,"tor_exit_nodes":0,"vpn":0,"relay":0,"proxy":0,"hosting":0,"service":0},"uploaders":{"size":31,"mobile":0,"satellite":0,"tor":0,"tor_exit_nodes":0,"vpn":0,"relay":0,"proxy":0,"hosting":0,"service":0}},"geometry":{"type":"Point","coordinates":[22.2947,48.6242]}},{"type":"Feature","properties":{"country_code":"TUR","city":"Karşıyaka","geoname_id":"308988","h3_hexagon":600094112644857855,"downloaders":{"size":380,"mobile":18,"satellite":0,"tor":0,"tor_exit_nodes":0,"vpn":0,"relay":0,"proxy":0,"hosting":3,"service":0},"uploaders":{"size":6,"mobile":0,"satellite":0,"tor":0,"tor_exit_nodes":0,"vpn":0,"relay":0,"proxy":0,"hosting":0,"service":0}},"geometry":{"type":"Point","coordinates":[27.1142,38.45772]}},{"type":"Feature","properties":{"country_code":"MEX","city":"Mexico City","geoname_id":"3530597","h3_hexagon":600273269689417727,"downloaders":{"size":380,"mobile":2,"satellite":1,"tor":0,"tor_exit_nodes":0,"vpn":4,"relay":0,"proxy":0,"hosting":4,"service":4},"uploaders":{"size":5,"mobile":0,"satellite":0,"tor":0,"tor_exit_nodes":0,"vpn":2,"relay":0,"proxy":0,"hosting":2,"service":2}},"geometry":{"type":"Point","coordinates":[-99.12766,19.42847]}},{"type":"Feature","properties":{"country_code":"FIN","city":"Helsinki","geoname_id":"658225","h3_hexagon":599280485851463679,"downloaders":{"size":379,"mobile":11,"satellite":0,"tor":0,"tor_exit_nodes":0,"vpn":131,"relay":0,"proxy":0,"hosting":338,"service":116},"uploaders":{"size":84,"mobile":4,"satellite":0,"tor":0,"tor_exit_nodes":0,"vpn":73,"relay":0,"proxy":0,"hosting":77,"service":73}},"geometry":{"type":"Point","coordinates":[24.93545,60.16952]}},{"type":"Feature","properties":{"country_code":"AUS","city":"Sydney","geoname_id":"2147714","h3_hexagon":602322242893774847,"downloaders":{"size":365,"mobile":2,"satellite":3,"tor":0,"tor_exit_nodes":0,"vpn":107,"relay":0,"proxy":1,"hosting":138,"service":102},"uploaders":{"size":124,"mobile":0,"satellite":0,"tor":0,"tor_exit_nodes":0,"vpn":52,"relay":0,"proxy":0,"hosting":62,"service":52}},"geometry":{"type":"Point","coordinates":[151.20732,-33.86785]}},{"type":"Feature","properties":{"country_code":"HKG","city":"Hong Kong","geoname_id":"1819729","h3_hexagon":600122469092687871,"downloaders":{"size":364,"mobile":5,"satellite":0,"tor":0,"tor_exit_nodes":0,"vpn":88,"relay":9,"proxy":0,"hosting":119,"service":89},"uploaders":{"size":54,"mobile":0,"satellite":0,"tor":0,"tor_exit_nodes":0,"vpn":36,"relay":1,"proxy":0,"hosting":38,"service":37}},"geometry":{"type":"Point","coordinates":[114.17469,22.27832]}},{"type":"Feature","properties":{"country_code":"AUS","city":"Melbourne","geoname_id":"2158177","h3_hexagon":602328092639231999,"downloaders":{"size":358,"mobile":0,"satellite":3,"tor":0,"tor_exit_nodes":0,"vpn":138,"relay":0,"proxy":0,"hosting":122,"service":115},"uploaders":{"size":139,"mobile":0,"satellite":3,"tor":0,"tor_exit_nodes":0,"vpn":76,"relay":0,"proxy":0,"hosting":66,"service":64}},"geometry":{"type":"Point","coordinates":[144.96332,-37.814]}},{"type":"Feature","properties":{"country_code":"ITA","city":"Milan","geoname_id":"3173435","h3_hexagon":599534678122168319,"downloaders":{"size":356,"mobile":10,"satellite":4,"tor":3,"tor_exit_nodes":0,"vpn":88,"relay":0,"proxy":1,"hosting":137,"service":84},"uploaders":{"size":55,"mobile":2,"satellite":0,"tor":0,"tor_exit_nodes":0,"vpn":22,"relay":0,"proxy":0,"hosting":45,"service":21}},"geometry":{"type":"Point","coordinates":[9.18951,45.46427]}},{"type":"Feature","properties":{"country_code":"ROU","city":"Bucharest","geoname_id":"683506","h3_hexagon":599522920649195519,"downloaders":{"size":340,"mobile":5,"satellite":0,"tor":0,"tor_exit_nodes":0,"vpn":142,"relay":0,"proxy":0,"hosting":146,"service":140},"uploaders":{"size":89,"mobile":1,"satellite":0,"tor":0,"tor_exit_nodes":0,"vpn":36,"relay":0,"proxy":0,"hosting":40,"service":36}},"geometry":{"type":"Point","coordinates":[26.10626,44.43225]}},{"type":"Feature","properties":{"country_code":"USA","city":"Dallas","geoname_id":"4684888","h3_hexagon":599661245439672319,"downloaders":{"size":324,"mobile":12,"satellite":2,"tor":0,"tor_exit_nodes":0,"vpn":274,"relay":0,"proxy":0,"hosting":260,"service":273},"uploaders":{"size":128,"mobile":7,"satellite":1,"tor":0,"tor_exit_nodes":0,"vpn":107,"relay":0,"proxy":0,"hosting":89,"service":107}},"geometry":{"type":"Point","coordinates":[-96.80667,32.78306]}},{"type":"Feature","properties":{"country_code":"TUR","city":"Bursa","geoname_id":"750269","h3_hexagon":599774013027254271,"downloaders":{"size":309,"mobile":3,"satellite":0,"tor":0,"tor_exit_nodes":0,"vpn":1,"relay":0,"proxy":0,"hosting":0,"service":0},"uploaders":{"size":4,"mobile":0,"satellite":0,"tor":0,"tor_exit_nodes":0,"vpn":0,"relay":0,"proxy":0,"hosting":0,"service":0}},"geometry":{"type":"Point","coordinates":[29.06013,40.19559]}},{"type":"Feature","properties":{"country_code":"USA","city":"Leesburg","geoname_id":"4769125","h3_hexagon":599729339998666751,"downloaders":{"size":303,"mobile":0,"satellite":0,"tor":0,"tor_exit_nodes":0,"vpn":73,"relay":0,"proxy":0,"hosting":303,"service":73},"uploaders":{"size":105,"mobile":0,"satellite":0,"tor":0,"tor_exit_nodes":0,"vpn":43,"relay":0,"proxy":0,"hosting":105,"service":43}},"geometry":{"type":"Point","coordinates":[-77.5636,39.11566]}},{"type":"Feature","properties":{"country_code":"CHN","city":"Beijing","geoname_id":"1816670","h3_hexagon":599852468121108479,"downloaders":{"size":303,"mobile":1,"satellite":0,"tor":0,"tor_exit_nodes":0,"vpn":3,"relay":0,"proxy":0,"hosting":20,"service":0},"uploaders":{"size":56,"mobile":0,"satellite":0,"tor":0,"tor_exit_nodes":0,"vpn":0,"relay":0,"proxy":0,"hosting":0,"service":0}},"geometry":{"type":"Point","coordinates":[116.39723,39.9075]}},{"type":"Feature","properties":{"country_code":"DEU","city":"Berlin","geoname_id":"2950159","h3_hexagon":599526122547314687,"downloaders":{"size":291,"mobile":19,"satellite":1,"tor":16,"tor_exit_nodes":16,"vpn":87,"relay":0,"proxy":0,"hosting":79,"service":83},"uploaders":{"size":93,"mobile":6,"satellite":0,"tor":0,"tor_exit_nodes":0,"vpn":54,"relay":0,"proxy":0,"hosting":53,"service":51}},"geometry":{"type":"Point","coordinates":[13.41053,52.52437]}},{"type":"Feature","properties":{"country_code":"USA","city":"Phoenix","geoname_id":"5308655","h3_hexagon":599712593921179647,"downloaders":{"size":291,"mobile":1,"satellite":0,"tor":4,"tor_exit_nodes":0,"vpn":185,"relay":0,"proxy":0,"hosting":194,"service":184},"uploaders":{"size":105,"mobile":0,"satellite":0,"tor":3,"tor_exit_nodes":0,"vpn":76,"relay":0,"proxy":0,"hosting":76,"service":76}},"geometry":{"type":"Point","coordinates":[-112.07404,33.44838]}},{"type":"Feature","properties":{"country_code":"BRA","city":"São Paulo","geoname_id":"3448439","h3_hexagon":601935341502332927,"downloaders":{"size":285,"mobile":6,"satellite":1,"tor":0,"tor_exit_nodes":0,"vpn":40,"relay":2,"proxy":0,"hosting":55,"service":41},"uploaders":{"size":41,"mobile":0,"satellite":0,"tor":0,"tor_exit_nodes":0,"vpn":20,"relay":0,"proxy":0,"hosting":20,"service":20}},"geometry":{"type":"Point","coordinates":[-46.63611,-23.5475]}},{"type":"Feature","properties":{"country_code":"PRT","city":"Lisbon","geoname_id":"2267057","h3_hexagon":599985036581666815,"downloaders":{"size":271,"mobile":8,"satellite":0,"tor":0,"tor_exit_nodes":0,"vpn":65,"relay":0,"proxy":0,"hosting":53,"service":53},"uploaders":{"size":55,"mobile":0,"satellite":0,"tor":0,"tor_exit_nodes":0,"vpn":32,"relay":0,"proxy":0,"hosting":21,"service":21}},"geometry":{"type":"Point","coordinates":[-9.1498,38.72509]}},{"type":"Feature","properties":{"country_code":"FRA","city":"Lille","geoname_id":"2998324","h3_hexagon":599423858302255103,"downloaders":{"size":267,"mobile":20,"satellite":0,"tor":0,"tor_exit_nodes":0,"vpn":13,"relay":0,"proxy":0,"hosting":181,"service":8},"uploaders":{"size":15,"mobile":0,"satellite":0,"tor":0,"tor_exit_nodes":0,"vpn":0,"relay":0,"proxy":0,"hosting":10,"service":0}},"geometry":{"type":"Point","coordinates":[3.05512,50.63391]}},{"type":"Feature","properties":{"country_code":"CZE","city":"Prague","geoname_id":"3067696","h3_hexagon":599510176407486463,"downloaders":{"size":264,"mobile":7,"satellite":0,"tor":0,"tor_exit_nodes":0,"vpn":123,"relay":0,"proxy":0,"hosting":131,"service":118},"uploaders":{"size":50,"mobile":1,"satellite":0,"tor":0,"tor_exit_nodes":0,"vpn":35,"relay":0,"proxy":0,"hosting":36,"service":35}},"geometry":{"type":"Point","coordinates":[14.42076,50.08804]}},{"type":"Feature","properties":{"country_code":"DNK","city":"Copenhagen","geoname_id":"2618425","h3_hexagon":599524487238516735,"downloaders":{"size":251,"mobile":5,"satellite":0,"tor":0,"tor_exit_nodes":0,"vpn":155,"relay":0,"proxy":0,"hosting":154,"service":153},"uploaders":{"size":109,"mobile":0,"satellite":0,"tor":0,"tor_exit_nodes":0,"vpn":87,"relay":0,"proxy":0,"hosting":87,"service":87}},"geometry":{"type":"Point","coordinates":[12.56553,55.67594]}},{"type":"Feature","properties":{"country_code":"LVA","city":"Riga","geoname_id":"456172","h3_hexagon":599530737489674239,"downloaders":{"size":251,"mobile":10,"satellite":0,"tor":0,"tor_exit_nodes":0,"vpn":25,"relay":0,"proxy":0,"hosting":32,"service":17},"uploaders":{"size":33,"mobile":4,"satellite":0,"tor":0,"tor_exit_nodes":0,"vpn":8,"relay":0,"proxy":0,"hosting":5,"service":4}},"geometry":{"type":"Point","coordinates":[24.10589,56.946]}},{"type":"Feature","properties":{"country_code":"NZL","city":"Auckland","geoname_id":"2193733","h3_hexagon":602273987862462463,"downloaders":{"size":229,"mobile":48,"satellite":0,"tor":0,"tor_exit_nodes":0,"vpn":114,"relay":0,"proxy":0,"hosting":120,"service":113},"uploaders":{"size":88,"mobile":21,"satellite":0,"tor":0,"tor_exit_nodes":0,"vpn":39,"relay":0,"proxy":0,"hosting":41,"service":39}},"geometry":{"type":"Point","coordinates":[174.76349,-36.84853]}},{"type":"Feature","properties":{"country_code":"NOR","city":"Oslo","geoname_id":"3143244","h3_hexagon":599147610300743679,"downloaders":{"size":228,"mobile":4,"satellite":0,"tor":0,"tor_exit_nodes":0,"vpn":117,"relay":0,"proxy":0,"hosting":114,"service":113},"uploaders":{"size":71,"mobile":0,"satellite":0,"tor":0,"tor_exit_nodes":0,"vpn":43,"relay":0,"proxy":0,"hosting":41,"service":41}},"geometry":{"type":"Point","coordinates":[10.74609,59.91273]}},{"type":"Feature","properties":{"country_code":"CHN","city":"Jiaxing","geoname_id":"1805953","h3_hexagon":599833803266981887,"downloaders":{"size":221,"mobile":1,"satellite":0,"tor":0,"tor_exit_nodes":0,"vpn":1,"relay":0,"proxy":0,"hosting":0,"service":0},"uploaders":{"size":3,"mobile":0,"satellite":0,"tor":0,"tor_exit_nodes":0,"vpn":0,"relay":0,"proxy":0,"hosting":0,"service":0}},"geometry":{"type":"Point","coordinates":[120.75,30.7522]}},{"type":"Feature","properties":{"country_code":"DEU","city":"Falkenstein","geoname_id":"2927913","h3_hexagon":599510146342715391,"downloaders":{"size":220,"mobile":0,"satellite":0,"tor":0,"tor_exit_nodes":0,"vpn":0,"relay":0,"proxy":0,"hosting":220,"service":0},"uploaders":{"size":22,"mobile":0,"satellite":0,"tor":0,"tor_exit_nodes":0,"vpn":0,"relay":0,"proxy":0,"hosting":22,"service":0}},"geometry":{"type":"Point","coordinates":[12.37129,50.47788]}},{"type":"Feature","properties":{"country_code":"CHE","city":"Zürich","geoname_id":"2657896","h3_hexagon":599533157703745535,"downloaders":{"size":211,"mobile":0,"satellite":0,"tor":0,"tor_exit_nodes":0,"vpn":207,"relay":0,"proxy":0,"hosting":207,"service":207},"uploaders":{"size":117,"mobile":0,"satellite":0,"tor":0,"tor_exit_nodes":0,"vpn":116,"relay":0,"proxy":0,"hosting":116,"service":116}},"geometry":{"type":"Point","coordinates":[8.4488,47.395]}},{"type":"Feature","properties":{"country_code":"POL","city":"Ursynów","geoname_id":"6545326","h3_hexagon":599529753942163455,"downloaders":{"size":206,"mobile":2,"satellite":0,"tor":0,"tor_exit_nodes":0,"vpn":35,"relay":16,"proxy":0,"hosting":50,"service":51},"uploaders":{"size":34,"mobile":0,"satellite":0,"tor":0,"tor_exit_nodes":0,"vpn":22,"relay":1,"proxy":0,"hosting":23,"service":23}},"geometry":{"type":"Point","coordinates":[21.0174,52.1163]}},{"type":"Feature","properties":{"country_code":"TWN","city":"Taipei","geoname_id":"1668341","h3_hexagon":600309204607041535,"downloaders":{"size":201,"mobile":2,"satellite":0,"tor":1,"tor_exit_nodes":1,"vpn":33,"relay":0,"proxy":0,"hosting":24,"service":23},"uploaders":{"size":30,"mobile":0,"satellite":0,"tor":0,"tor_exit_nodes":0,"vpn":12,"relay":0,"proxy":0,"hosting":12,"service":12}},"geometry":{"type":"Point","coordinates":[121.52639,25.05306]}},{"type":"Feature","properties":{"country_code":"SVN","city":"Ljubljana","geoname_id":"3196359","h3_hexagon":599507759414640639,"downloaders":{"size":200,"mobile":1,"satellite":0,"tor":0,"tor_exit_nodes":0,"vpn":21,"relay":0,"proxy":0,"hosting":18,"service":18},"uploaders":{"size":23,"mobile":0,"satellite":0,"tor":0,"tor_exit_nodes":0,"vpn":9,"relay":0,"proxy":0,"hosting":9,"service":9}},"geometry":{"type":"Point","coordinates":[14.50513,46.05108]}},{"type":"Feature","properties":{"country_code":"GBR","city":"Manchester","geoname_id":"2643123","h3_hexagon":599424170761125887,"downloaders":{"size":186,"mobile":6,"satellite":0,"tor":0,"tor_exit_nodes":0,"vpn":100,"relay":0,"proxy":0,"hosting":101,"service":100},"uploaders":{"size":88,"mobile":0,"satellite":0,"tor":0,"tor_exit_nodes":0,"vpn":77,"relay":0,"proxy":0,"hosting":77,"service":77}},"geometry":{"type":"Point","coordinates":[-2.23743,53.48095]}},{"type":"Feature","properties":{"country_code":"FRA","city":"Marseille","geoname_id":"2995469","h3_hexagon":599988658312839167,"downloaders":{"size":183,"mobile":22,"satellite":0,"tor":0,"tor_exit_nodes":0,"vpn":39,"relay":0,"proxy":0,"hosting":56,"service":39},"uploaders":{"size":35,"mobile":0,"satellite":0,"tor":0,"tor_exit_nodes":0,"vpn":23,"relay":0,"proxy":0,"hosting":23,"service":23}},"geometry":{"type":"Point","coordinates":[5.38107,43.29695]}},{"type":"Feature","properties":{"country_code":"AUT","city":"Vienna","geoname_id":"2761369","h3_hexagon":599508008522743807,"downloaders":{"size":173,"mobile":15,"satellite":18,"tor":1,"tor_exit_nodes":1,"vpn":76,"relay":0,"proxy":0,"hosting":82,"service":76},"uploaders":{"size":70,"mobile":7,"satellite":15,"tor":0,"tor_exit_nodes":0,"vpn":45,"relay":0,"proxy":0,"hosting":45,"service":45}},"geometry":{"type":"Point","coordinates":[16.37208,48.20849]}},{"type":"Feature","properties":{"country_code":"SWE","city":"Malmö","geoname_id":"2692969","h3_hexagon":599524502270902271,"downloaders":{"size":169,"mobile":0,"satellite":0,"tor":0,"tor_exit_nodes":0,"vpn":134,"relay":0,"proxy":0,"hosting":134,"service":134},"uploaders":{"size":83,"mobile":0,"satellite":0,"tor":0,"tor_exit_nodes":0,"vpn":75,"relay":0,"proxy":0,"hosting":75,"service":75}},"geometry":{"type":"Point","coordinates":[13.00073,55.60587]}},{"type":"Feature","properties":{"country_code":"ESP","city":"Barcelona","geoname_id":"3128760","h3_hexagon":599986204812771327,"downloaders":{"size":167,"mobile":0,"satellite":0,"tor":0,"tor_exit_nodes":0,"vpn":32,"relay":0,"proxy":0,"hosting":31,"service":31},"uploaders":{"size":41,"mobile":0,"satellite":0,"tor":0,"tor_exit_nodes":0,"vpn":19,"relay":0,"proxy":0,"hosting":19,"service":19}},"geometry":{"type":"Point","coordinates":[2.15899,41.38879]}},{"type":"Feature","properties":{"country_code":"NLD","city":"Rotterdam","geoname_id":"2747891","h3_hexagon":599425957467521023,"downloaders":{"size":158,"mobile":9,"satellite":0,"tor":0,"tor_exit_nodes":0,"vpn":42,"relay":0,"proxy":0,"hosting":72,"service":14},"uploaders":{"size":29,"mobile":0,"satellite":0,"tor":0,"tor_exit_nodes":0,"vpn":6,"relay":0,"proxy":0,"hosting":26,"service":5}},"geometry":{"type":"Point","coordinates":[4.47917,51.9225]}},{"type":"Feature","properties":{"country_code":"BEL","city":"Dilbeek","geoname_id":"2799365","h3_hexagon":599535396455448575,"downloaders":{"size":157,"mobile":4,"satellite":0,"tor":0,"tor_exit_nodes":0,"vpn":36,"relay":0,"proxy":0,"hosting":36,"service":35},"uploaders":{"size":29,"mobile":0,"satellite":0,"tor":0,"tor_exit_nodes":0,"vpn":25,"relay":0,"proxy":0,"hosting":25,"service":25}},"geometry":{"type":"Point","coordinates":[4.25972,50.84799]}},{"type":"Feature","properties":{"country_code":"CHN","city":"Zhengzhou","geoname_id":"1784658","h3_hexagon":600114582458990591,"downloaders":{"size":157,"mobile":0,"satellite":0,"tor":0,"tor_exit_nodes":0,"vpn":2,"relay":0,"proxy":0,"hosting":0,"service":0},"uploaders":{"size":3,"mobile":0,"satellite":0,"tor":0,"tor_exit_nodes":0,"vpn":0,"relay":0,"proxy":0,"hosting":0,"service":0}},"geometry":{"type":"Point","coordinates":[113.64861,34.75778]}},{"type":"Feature","properties":{"country_code":"USA","city":"Chicago","geoname_id":"4887398","h3_hexagon":599654178070986751,"downloaders":{"size":156,"mobile":0,"satellite":0,"tor":0,"tor_exit_nodes":0,"vpn":17,"relay":0,"proxy":0,"hosting":156,"service":17},"uploaders":{"size":70,"mobile":0,"satellite":0,"tor":0,"tor_exit_nodes":0,"vpn":12,"relay":0,"proxy":0,"hosting":70,"service":12}},"geometry":{"type":"Point","coordinates":[-87.6285,41.8798]}},{"type":"Feature","properties":{"country_code":"ITA","city":"Rome","geoname_id":"3169070","h3_hexagon":599515334663208959,"downloaders":{"size":154,"mobile":9,"satellite":0,"tor":0,"tor_exit_nodes":0,"vpn":7,"relay":0,"proxy":0,"hosting":10,"service":5},"uploaders":{"size":12,"mobile":3,"satellite":0,"tor":0,"tor_exit_nodes":0,"vpn":4,"relay":0,"proxy":0,"hosting":4,"service":4}},"geometry":{"type":"Point","coordinates":[12.51133,41.89193]}},{"type":"Feature","properties":{"country_code":"USA","city":"Oakland","geoname_id":"5378538","h3_hexagon":599685771850416127,"downloaders":{"size":149,"mobile":0,"satellite":0,"tor":0,"tor_exit_nodes":0,"vpn":20,"relay":0,"proxy":0,"hosting":24,"service":19},"uploaders":{"size":59,"mobile":0,"satellite":0,"tor":0,"tor_exit_nodes":0,"vpn":6,"relay":0,"proxy":0,"hosting":6,"service":5}},"geometry":{"type":"Point","coordinates":[-122.2708,37.80437]}},{"type":"Feature","properties":{"country_code":"LTU","city":"Vilnius","geoname_id":"593116","h3_hexagon":599528520212807679,"downloaders":{"size":149,"mobile":4,"satellite":0,"tor":0,"tor_exit_nodes":0,"vpn":7,"relay":0,"proxy":0,"hosting":11,"service":4},"uploaders":{"size":16,"mobile":0,"satellite":0,"tor":0,"tor_exit_nodes":0,"vpn":0,"relay":0,"proxy":0,"hosting":0,"service":0}},"geometry":{"type":"Point","coordinates":[25.2798,54.68916]}},{"type":"Feature","properties":{"country_code":"USA","city":"Portland","geoname_id":"5746545","h3_hexagon":599698931630211071,"downloaders":{"size":147,"mobile":4,"satellite":1,"tor":0,"tor_exit_nodes":0,"vpn":2,"relay":1,"proxy":0,"hosting":6,"service":3},"uploaders":{"size":73,"mobile":0,"satellite":0,"tor":0,"tor_exit_nodes":0,"vpn":0,"relay":0,"proxy":0,"hosting":0,"service":0}},"geometry":{"type":"Point","coordinates":[-122.67621,45.52345]}},{"type":"Feature","properties":{"country_code":"SWE","city":"Göteborg","geoname_id":"2711537","h3_hexagon":599526696999190527,"downloaders":{"size":142,"mobile":0,"satellite":0,"tor":0,"tor_exit_nodes":0,"vpn":84,"relay":0,"proxy":0,"hosting":64,"service":82},"uploaders":{"size":39,"mobile":0,"satellite":0,"tor":0,"tor_exit_nodes":0,"vpn":24,"relay":0,"proxy":0,"hosting":21,"service":24}},"geometry":{"type":"Point","coordinates":[11.9668,57.7072]}},{"type":"Feature","properties":{"country_code":"FRA","city":"Lauterbourg","geoname_id":"3005948","h3_hexagon":599533262930444287,"downloaders":{"size":141,"mobile":0,"satellite":0,"tor":0,"tor_exit_nodes":0,"vpn":0,"relay":0,"proxy":0,"hosting":141,"service":0},"uploaders":{"size":3,"mobile":0,"satellite":0,"tor":0,"tor_exit_nodes":0,"vpn":0,"relay":0,"proxy":0,"hosting":3,"service":0}},"geometry":{"type":"Point","coordinates":[8.17846,48.97515]}},{"type":"Feature","properties":{"country_code":"JPN","city":"Osaka","geoname_id":"1853909","h3_hexagon":599794658935046143,"downloaders":{"size":137,"mobile":17,"satellite":0,"tor":0,"tor_exit_nodes":0,"vpn":29,"relay":0,"proxy":0,"hosting":47,"service":28},"uploaders":{"size":14,"mobile":1,"satellite":0,"tor":0,"tor_exit_nodes":0,"vpn":13,"relay":0,"proxy":0,"hosting":13,"service":13}},"geometry":{"type":"Point","coordinates":[135.50107,34.69379]}},{"type":"Feature","properties":{"country_code":"USA","city":"Houston","geoname_id":"4699066","h3_hexagon":600182486965682175,"downloaders":{"size":136,"mobile":12,"satellite":0,"tor":0,"tor_exit_nodes":0,"vpn":43,"relay":0,"proxy":0,"hosting":55,"service":43},"uploaders":{"size":18,"mobile":2,"satellite":0,"tor":0,"tor_exit_nodes":0,"vpn":5,"relay":0,"proxy":0,"hosting":5,"service":5}},"geometry":{"type":"Point","coordinates":[-95.36327,29.76328]}},{"type":"Feature","properties":{"country_code":"POL","city":"Katowice","geoname_id":"3096472","h3_hexagon":599508934088196095,"downloaders":{"size":135,"mobile":0,"satellite":0,"tor":0,"tor_exit_nodes":0,"vpn":2,"relay":0,"proxy":0,"hosting":2,"service":0},"uploaders":{"size":4,"mobile":0,"satellite":0,"tor":0,"tor_exit_nodes":0,"vpn":0,"relay":0,"proxy":0,"hosting":0,"service":0}},"geometry":{"type":"Point","coordinates":[19.02173,50.2597]}},{"type":"Feature","properties":{"country_code":"USA","city":"Boston","geoname_id":"4930956","h3_hexagon":599720948706312191,"downloaders":{"size":132,"mobile":1,"satellite":0,"tor":0,"tor_exit_nodes":0,"vpn":102,"relay":0,"proxy":0,"hosting":102,"service":102},"uploaders":{"size":64,"mobile":0,"satellite":0,"tor":0,"tor_exit_nodes":0,"vpn":55,"relay":0,"proxy":0,"hosting":55,"service":55}},"geometry":{"type":"Point","coordinates":[-71.05977,42.35843]}},{"type":"Feature","properties":{"country_code":"UKR","city":"Kyiv","geoname_id":"703448","h3_hexagon":599513355757027327,"downloaders":{"size":132,"mobile":1,"satellite":3,"tor":0,"tor_exit_nodes":0,"vpn":2,"relay":0,"proxy":0,"hosting":40,"service":2},"uploaders":{"size":13,"mobile":0,"satellite":0,"tor":0,"tor_exit_nodes":0,"vpn":0,"relay":0,"proxy":0,"hosting":1,"service":0}},"geometry":{"type":"Point","coordinates":[30.5238,50.45466]}},{"type":"Feature","properties":{"country_code":"USA","city":"Salt Lake City","geoname_id":"5780993","h3_hexagon":599657607602372607,"downloaders":{"size":131,"mobile":1,"satellite":0,"tor":0,"tor_exit_nodes":0,"vpn":86,"relay":0,"proxy":0,"hosting":87,"service":86},"uploaders":{"size":59,"mobile":0,"satellite":0,"tor":0,"tor_exit_nodes":0,"vpn":46,"relay":0,"proxy":0,"hosting":46,"service":46}},"geometry":{"type":"Point","coordinates":[-111.89105,40.76078]}},{"type":"Feature","properties":{"country_code":"IND","city":"Delhi","geoname_id":"1273294","h3_hexagon":600062944067190783,"downloaders":{"size":131,"mobile":69,"satellite":0,"tor":0,"tor_exit_nodes":0,"vpn":0,"relay":0,"proxy":0,"hosting":0,"service":0},"uploaders":{"size":34,"mobile":29,"satellite":0,"tor":0,"tor_exit_nodes":0,"vpn":0,"relay":0,"proxy":0,"hosting":0,"service":0}},"geometry":{"type":"Point","coordinates":[77.23149,28.65195]}},{"type":"Feature","properties":{"country_code":"AUS","city":"Brisbane","geoname_id":"2174003","h3_hexagon":602330960603643903,"downloaders":{"size":130,"mobile":4,"satellite":1,"tor":0,"tor_exit_nodes":0,"vpn":52,"relay":5,"proxy":0,"hosting":36,"service":36},"uploaders":{"size":35,"mobile":1,"satellite":0,"tor":0,"tor_exit_nodes":0,"vpn":26,"relay":0,"proxy":0,"hosting":8,"service":8}},"geometry":{"type":"Point","coordinates":[153.02809,-27.46794]}},{"type":"Feature","properties":{"country_code":"AUS","city":"Perth","geoname_id":"2063523","h3_hexagon":601919312684384255,"downloaders":{"size":130,"mobile":9,"satellite":0,"tor":0,"tor_exit_nodes":0,"vpn":40,"relay":0,"proxy":0,"hosting":39,"service":39},"uploaders":{"size":45,"mobile":4,"satellite":0,"tor":0,"tor_exit_nodes":0,"vpn":17,"relay":0,"proxy":0,"hosting":17,"service":17}},"geometry":{"type":"Point","coordinates":[115.8614,-31.95224]}},{"type":"Feature","properties":{"country_code":"IRQ","city":"Baghdad","geoname_id":"98182","h3_hexagon":599763988573585407,"downloaders":{"size":129,"mobile":2,"satellite":0,"tor":0,"tor_exit_nodes":0,"vpn":0,"relay":0,"proxy":0,"hosting":0,"service":0},"uploaders":{"size":4,"mobile":0,"satellite":0,"tor":0,"tor_exit_nodes":0,"vpn":0,"relay":0,"proxy":0,"hosting":0,"service":0}},"geometry":{"type":"Point","coordinates":[44.40088,33.34058]}},{"type":"Feature","properties":{"country_code":"MYS","city":"Kuala Lumpur","geoname_id":"1735161","h3_hexagon":600755908049371135,"downloaders":{"size":128,"mobile":11,"satellite":1,"tor":0,"tor_exit_nodes":0,"vpn":4,"relay":0,"proxy":0,"hosting":5,"service":4},"uploaders":{"size":21,"mobile":0,"satellite":0,"tor":0,"tor_exit_nodes":0,"vpn":1,"relay":0,"proxy":0,"hosting":1,"service":1}},"geometry":{"type":"Point","coordinates":[101.68653,3.1412]}},{"type":"Feature","properties":{"country_code":"GRC","city":"Athens","geoname_id":"264371","h3_hexagon":599521529079791615,"downloaders":{"size":128,"mobile":5,"satellite":0,"tor":0,"tor_exit_nodes":0,"vpn":14,"relay":0,"proxy":0,"hosting":14,"service":14},"uploaders":{"size":25,"mobile":2,"satellite":0,"tor":0,"tor_exit_nodes":0,"vpn":12,"relay":0,"proxy":0,"hosting":12,"service":12}},"geometry":{"type":"Point","coordinates":[23.72784,37.98376]}},{"type":"Feature","properties":{"country_code":"IRL","city":"Dublin","geoname_id":"2964574","h3_hexagon":599403993004769279,"downloaders":{"size":126,"mobile":4,"satellite":0,"tor":0,"tor_exit_nodes":0,"vpn":55,"relay":0,"proxy":0,"hosting":66,"service":54},"uploaders":{"size":23,"mobile":0,"satellite":0,"tor":0,"tor_exit_nodes":0,"vpn":19,"relay":0,"proxy":0,"hosting":20,"service":19}},"geometry":{"type":"Point","coordinates":[-6.24889,53.33306]}},{"type":"Feature","properties":{"country_code":"USA","city":"Collingswood","geoname_id":"4501306","h3_hexagon":599718949399035903,"downloaders":{"size":120,"mobile":6,"satellite":0,"tor":0,"tor_exit_nodes":0,"vpn":3,"relay":0,"proxy":0,"hosting":2,"service":2},"uploaders":{"size":36,"mobile":1,"satellite":0,"tor":0,"tor_exit_nodes":0,"vpn":0,"relay":0,"proxy":0,"hosting":0,"service":0}},"geometry":{"type":"Point","coordinates":[-75.07128,39.91817]}},{"type":"Feature","properties":{"country_code":"SWE","city":"Jakobsberg","geoname_id":"2703396","h3_hexagon":599128728550768639,"downloaders":{"size":120,"mobile":9,"satellite":0,"tor":0,"tor_exit_nodes":0,"vpn":29,"relay":0,"proxy":0,"hosting":29,"service":29},"uploaders":{"size":14,"mobile":3,"satellite":0,"tor":0,"tor_exit_nodes":0,"vpn":4,"relay":0,"proxy":0,"hosting":4,"service":4}},"geometry":{"type":"Point","coordinates":[17.83508,59.42268]}},{"type":"Feature","properties":{"country_code":"ESP","city":"Sevilla","geoname_id":"2510911","h3_hexagon":599983460328669183,"downloaders":{"size":119,"mobile":5,"satellite":0,"tor":0,"tor_exit_nodes":0,"vpn":0,"relay":0,"proxy":0,"hosting":0,"service":0},"uploaders":{"size":6,"mobile":0,"satellite":0,"tor":0,"tor_exit_nodes":0,"vpn":0,"relay":0,"proxy":0,"hosting":0,"service":0}},"geometry":{"type":"Point","coordinates":[-5.97317,37.38283]}},{"type":"Feature","properties":{"country_code":"EST","city":"Tallinn","geoname_id":"588409","h3_hexagon":599130146963718143,"downloaders":{"size":117,"mobile":2,"satellite":0,"tor":0,"tor_exit_nodes":0,"vpn":28,"relay":0,"proxy":0,"hosting":56,"service":28},"uploaders":{"size":22,"mobile":0,"satellite":0,"tor":0,"tor_exit_nodes":0,"vpn":16,"relay":0,"proxy":0,"hosting":17,"service":16}},"geometry":{"type":"Point","coordinates":[24.75353,59.43696]}},{"type":"Feature","properties":{"country_code":"CAN","city":"Calgary","geoname_id":"5913490","h3_hexagon":599309485470646271,"downloaders":{"size":116,"mobile":4,"satellite":1,"tor":0,"tor_exit_nodes":0,"vpn":13,"relay":28,"proxy":0,"hosting":29,"service":39},"uploaders":{"size":57,"mobile":1,"satellite":0,"tor":0,"tor_exit_nodes":0,"vpn":6,"relay":24,"proxy":0,"hosting":24,"service":28}},"geometry":{"type":"Point","coordinates":[-114.08529,51.05011]}},{"type":"Feature","properties":{"country_code":"ARG","city":"Buenos Aires","geoname_id":"3435910","h3_hexagon":602407239222820863,"downloaders":{"size":115,"mobile":4,"satellite":13,"tor":0,"tor_exit_nodes":0,"vpn":20,"relay":0,"proxy":0,"hosting":20,"service":20},"uploaders":{"size":17,"mobile":0,"satellite":3,"tor":0,"tor_exit_nodes":0,"vpn":12,"relay":0,"proxy":0,"hosting":12,"service":12}},"geometry":{"type":"Point","coordinates":[-58.37723,-34.61315]}},{"type":"Feature","properties":{"country_code":"DEU","city":"Nürnberg","geoname_id":"2861650","h3_hexagon":599535905409073151,"downloaders":{"size":114,"mobile":1,"satellite":0,"tor":2,"tor_exit_nodes":1,"vpn":6,"relay":0,"proxy":0,"hosting":94,"service":4},"uploaders":{"size":18,"mobile":0,"satellite":0,"tor":0,"tor_exit_nodes":0,"vpn":1,"relay":0,"proxy":0,"hosting":16,"service":1}},"geometry":{"type":"Point","coordinates":[11.07752,49.45421]}},{"type":"Feature","properties":{"country_code":"USA","city":"Washington","geoname_id":"4140963","h3_hexagon":599729186453585919,"downloaders":{"size":113,"mobile":0,"satellite":0,"tor":0,"tor_exit_nodes":0,"vpn":41,"relay":0,"proxy":0,"hosting":72,"service":40},"uploaders":{"size":26,"mobile":0,"satellite":0,"tor":0,"tor_exit_nodes":0,"vpn":10,"relay":0,"proxy":0,"hosting":13,"service":10}},"geometry":{"type":"Point","coordinates":[-77.03637,38.89511]}},{"type":"Feature","properties":{"country_code":"SVK","city":"Bratislava","geoname_id":"3060972","h3_hexagon":599506695336493055,"downloaders":{"size":112,"mobile":0,"satellite":0,"tor":0,"tor_exit_nodes":0,"vpn":55,"relay":0,"proxy":0,"hosting":55,"service":53},"uploaders":{"size":41,"mobile":0,"satellite":0,"tor":0,"tor_exit_nodes":0,"vpn":40,"relay":0,"proxy":0,"hosting":40,"service":40}},"geometry":{"type":"Point","coordinates":[17.10674,48.14816]}},{"type":"Feature","properties":{"country_code":"THA","city":"Bangkok","geoname_id":"1609350","h3_hexagon":600749287357284351,"downloaders":{"size":109,"mobile":18,"satellite":0,"tor":0,"tor_exit_nodes":0,"vpn":12,"relay":0,"proxy":0,"hosting":15,"service":12},"uploaders":{"size":18,"mobile":6,"satellite":0,"tor":0,"tor_exit_nodes":0,"vpn":4,"relay":0,"proxy":0,"hosting":4,"service":4}},"geometry":{"type":"Point","coordinates":[100.50144,13.75398]}},{"type":"Feature","properties":{"country_code":"USA","city":"Turtle Creek","geoname_id":"5216343","h3_hexagon":599726724363583487,"downloaders":{"size":108,"mobile":10,"satellite":0,"tor":0,"tor_exit_nodes":0,"vpn":54,"relay":0,"proxy":0,"hosting":54,"service":54},"uploaders":{"size":53,"mobile":5,"satellite":0,"tor":0,"tor_exit_nodes":0,"vpn":24,"relay":0,"proxy":0,"hosting":24,"service":24}},"geometry":{"type":"Point","coordinates":[-79.82505,40.4059]}},{"type":"Feature","properties":{"country_code":"USA","city":"Kansas City","geoname_id":"4393217","h3_hexagon":599653166606188543,"downloaders":{"size":108,"mobile":6,"satellite":10,"tor":1,"tor_exit_nodes":0,"vpn":22,"relay":0,"proxy":0,"hosting":47,"service":21},"uploaders":{"size":39,"mobile":5,"satellite":4,"tor":0,"tor_exit_nodes":0,"vpn":13,"relay":0,"proxy":0,"hosting":15,"service":13}},"geometry":{"type":"Point","coordinates":[-94.57857,39.09973]}},{"type":"Feature","properties":{"country_code":"JPN","city":"Yokohama","geoname_id":"1848354","h3_hexagon":599811813034426367,"downloaders":{"size":107,"mobile":37,"satellite":0,"tor":0,"tor_exit_nodes":0,"vpn":7,"relay":0,"proxy":0,"hosting":0,"service":3},"uploaders":{"size":4,"mobile":0,"satellite":0,"tor":0,"tor_exit_nodes":0,"vpn":1,"relay":0,"proxy":0,"hosting":0,"service":1}},"geometry":{"type":"Point","coordinates":[139.65,35.43333]}},{"type":"Feature","properties":{"country_code":"MEX","city":"Santiago de Querétaro","geoname_id":"3991164","h3_hexagon":600272041328771071,"downloaders":{"size":106,"mobile":0,"satellite":0,"tor":0,"tor_exit_nodes":0,"vpn":82,"relay":0,"proxy":0,"hosting":82,"service":82},"uploaders":{"size":30,"mobile":0,"satellite":0,"tor":0,"tor_exit_nodes":0,"vpn":27,"relay":0,"proxy":0,"hosting":27,"service":27}},"geometry":{"type":"Point","coordinates":[-100.38806,20.58806]}},{"type":"Feature","properties":{"country_code":"USA","city":"Piscataway","geoname_id":"5102713","h3_hexagon":599718750756798463,"downloaders":{"size":105,"mobile":0,"satellite":0,"tor":0,"tor_exit_nodes":0,"vpn":79,"relay":0,"proxy":0,"hosting":89,"service":79},"uploaders":{"size":49,"mobile":0,"satellite":0,"tor":0,"tor_exit_nodes":0,"vpn":37,"relay":0,"proxy":0,"hosting":42,"service":37}},"geometry":{"type":"Point","coordinates":[-74.39904,40.49927]}},{"type":"Feature","properties":{"country_code":"CHN","city":"Chengdu","geoname_id":"1815286","h3_hexagon":600120305502912511,"downloaders":{"size":103,"mobile":3,"satellite":0,"tor":0,"tor_exit_nodes":0,"vpn":6,"relay":0,"proxy":0,"hosting":4,"service":0},"uploaders":{"size":13,"mobile":0,"satellite":0,"tor":0,"tor_exit_nodes":0,"vpn":1,"relay":0,"proxy":0,"hosting":0,"service":0}},"geometry":{"type":"Point","coordinates":[104.06667,30.66667]}},{"type":"Feature","properties":{"country_code":"PRT","city":"Rio Tinto","geoname_id":"2735083","h3_hexagon":599983845801983999,"downloaders":{"size":103,"mobile":5,"satellite":0,"tor":0,"tor_exit_nodes":0,"vpn":0,"relay":0,"proxy":0,"hosting":0,"service":0},"uploaders":{"size":13,"mobile":0,"satellite":0,"tor":0,"tor_exit_nodes":0,"vpn":0,"relay":0,"proxy":0,"hosting":0,"service":0}},"geometry":{"type":"Point","coordinates":[-8.55953,41.17872]}},{"type":"Feature","properties":{"country_code":"HRV","city":"Zagreb","geoname_id":"3186886","h3_hexagon":599507825986633727,"downloaders":{"size":101,"mobile":3,"satellite":0,"tor":0,"tor_exit_nodes":0,"vpn":13,"relay":0,"proxy":0,"hosting":13,"service":13},"uploaders":{"size":15,"mobile":1,"satellite":0,"tor":0,"tor_exit_nodes":0,"vpn":7,"relay":0,"proxy":0,"hosting":7,"service":7}},"geometry":{"type":"Point","coordinates":[15.97798,45.81444]}},{"type":"Feature","properties":{"country_code":"CZE","city":"Ostrava","geoname_id":"3068799","h3_hexagon":599506918674792447,"downloaders":{"size":99,"mobile":4,"satellite":0,"tor":0,"tor_exit_nodes":0,"vpn":0,"relay":0,"proxy":0,"hosting":0,"service":0},"uploaders":{"size":33,"mobile":0,"satellite":0,"tor":0,"tor_exit_nodes":0,"vpn":0,"relay":0,"proxy":0,"hosting":0,"service":0}},"geometry":{"type":"Point","coordinates":[18.28204,49.83465]}},{"type":"Feature","properties":{"country_code":"CHN","city":"Hefei","geoname_id":"1808722","h3_hexagon":599833494029336575,"downloaders":{"size":99,"mobile":0,"satellite":0,"tor":0,"tor_exit_nodes":0,"vpn":0,"relay":0,"proxy":0,"hosting":0,"service":0},"uploaders":{"size":3,"mobile":0,"satellite":0,"tor":0,"tor_exit_nodes":0,"vpn":0,"relay":0,"proxy":0,"hosting":0,"service":0}},"geometry":{"type":"Point","coordinates":[117.28083,31.86389]}},{"type":"Feature","properties":{"country_code":"TUR","city":"Mersin","geoname_id":"304531","h3_hexagon":599781752558321663,"downloaders":{"size":99,"mobile":29,"satellite":0,"tor":0,"tor_exit_nodes":0,"vpn":0,"relay":0,"proxy":0,"hosting":0,"service":0},"uploaders":{"size":9,"mobile":9,"satellite":0,"tor":0,"tor_exit_nodes":0,"vpn":0,"relay":0,"proxy":0,"hosting":0,"service":0}},"geometry":{"type":"Point","coordinates":[34.63886,36.81196]}},{"type":"Feature","properties":{"country_code":"JPN","city":"Minato City","geoname_id":"13353696","h3_hexagon":599811815181910015,"downloaders":{"size":98,"mobile":2,"satellite":0,"tor":0,"tor_exit_nodes":0,"vpn":63,"relay":0,"proxy":0,"hosting":91,"service":63},"uploaders":{"size":33,"mobile":0,"satellite":0,"tor":0,"tor_exit_nodes":0,"vpn":25,"relay":0,"proxy":0,"hosting":33,"service":25}},"geometry":{"type":"Point","coordinates":[139.7515,35.6581]}},{"type":"Feature","properties":{"country_code":"IND","city":"Chennai","geoname_id":"1264527","h3_hexagon":600694833614422015,"downloaders":{"size":98,"mobile":29,"satellite":0,"tor":0,"tor_exit_nodes":0,"vpn":0,"relay":2,"proxy":0,"hosting":2,"service":2},"uploaders":{"size":42,"mobile":13,"satellite":0,"tor":0,"tor_exit_nodes":0,"vpn":0,"relay":0,"proxy":0,"hosting":0,"service":0}},"geometry":{"type":"Point","coordinates":[80.27847,13.08784]}},{"type":"Feature","properties":{"country_code":"BEL","city":"Charleroi","geoname_id":"2800481","h3_hexagon":599535561811689471,"downloaders":{"size":97,"mobile":0,"satellite":0,"tor":0,"tor_exit_nodes":0,"vpn":1,"relay":0,"proxy":0,"hosting":0,"service":0},"uploaders":{"size":4,"mobile":0,"satellite":0,"tor":0,"tor_exit_nodes":0,"vpn":0,"relay":0,"proxy":0,"hosting":0,"service":0}},"geometry":{"type":"Point","coordinates":[4.44448,50.41136]}},{"type":"Feature","properties":{"country_code":"USA","city":"Buffalo","geoname_id":"5110629","h3_hexagon":599729084448112639,"downloaders":{"size":96,"mobile":0,"satellite":0,"tor":0,"tor_exit_nodes":0,"vpn":41,"relay":0,"proxy":0,"hosting":85,"service":41},"uploaders":{"size":39,"mobile":0,"satellite":0,"tor":0,"tor_exit_nodes":0,"vpn":21,"relay":0,"proxy":0,"hosting":37,"service":21}},"geometry":{"type":"Point","coordinates":[-78.87837,42.88645]}},{"type":"Feature","properties":{"country_code":"FRA","city":"Eaubonne","geoname_id":"3020601","h3_hexagon":599536509925720063,"downloaders":{"size":96,"mobile":22,"satellite":0,"tor":0,"tor_exit_nodes":0,"vpn":43,"relay":0,"proxy":0,"hosting":43,"service":43},"uploaders":{"size":15,"mobile":1,"satellite":0,"tor":0,"tor_exit_nodes":0,"vpn":13,"relay":0,"proxy":0,"hosting":13,"service":13}},"geometry":{"type":"Point","coordinates":[2.28249,48.99712]}},{"type":"Feature","properties":{"country_code":"NLD","city":"Breda","geoname_id":"2758401","h3_hexagon":599535414709059583,"downloaders":{"size":95,"mobile":0,"satellite":0,"tor":1,"tor_exit_nodes":1,"vpn":39,"relay":0,"proxy":0,"hosting":91,"service":39},"uploaders":{"size":25,"mobile":0,"satellite":0,"tor":0,"tor_exit_nodes":0,"vpn":14,"relay":0,"proxy":0,"hosting":25,"service":14}},"geometry":{"type":"Point","coordinates":[4.77596,51.58656]}},{"type":"Feature","properties":{"country_code":"LTU","city":"Kaunas","geoname_id":"598316","h3_hexagon":599528563162480639,"downloaders":{"size":95,"mobile":6,"satellite":0,"tor":0,"tor_exit_nodes":0,"vpn":1,"relay":0,"proxy":0,"hosting":0,"service":0},"uploaders":{"size":10,"mobile":1,"satellite":0,"tor":0,"tor_exit_nodes":0,"vpn":0,"relay":0,"proxy":0,"hosting":0,"service":0}},"geometry":{"type":"Point","coordinates":[23.90909,54.90156]}},{"type":"Feature","properties":{"country_code":"CHL","city":"Santiago","geoname_id":"3871336","h3_hexagon":602123720915419135,"downloaders":{"size":94,"mobile":2,"satellite":1,"tor":0,"tor_exit_nodes":0,"vpn":36,"relay":0,"proxy":0,"hosting":6,"service":4},"uploaders":{"size":4,"mobile":0,"satellite":0,"tor":0,"tor_exit_nodes":0,"vpn":0,"relay":0,"proxy":0,"hosting":0,"service":0}},"geometry":{"type":"Point","coordinates":[-70.64827,-33.45694]}},{"type":"Feature","properties":{"country_code":"USA","city":"Hialeah","geoname_id":"4158476","h3_hexagon":600186129097949183,"downloaders":{"size":93,"mobile":0,"satellite":0,"tor":0,"tor_exit_nodes":0,"vpn":93,"relay":0,"proxy":0,"hosting":93,"service":93},"uploaders":{"size":45,"mobile":0,"satellite":0,"tor":0,"tor_exit_nodes":0,"vpn":45,"relay":0,"proxy":0,"hosting":45,"service":45}},"geometry":{"type":"Point","coordinates":[-80.3889,25.9098]}},{"type":"Feature","properties":{"country_code":"CAN","city":"Surrey","geoname_id":"6159905","h3_hexagon":599697751587946495,"downloaders":{"size":93,"mobile":15,"satellite":0,"tor":0,"tor_exit_nodes":0,"vpn":1,"relay":0,"proxy":0,"hosting":1,"service":1},"uploaders":{"size":11,"mobile":9,"satellite":0,"tor":0,"tor_exit_nodes":0,"vpn":0,"relay":0,"proxy":0,"hosting":0,"service":0}},"geometry":{"type":"Point","coordinates":[-122.82509,49.10635]}},{"type":"Feature","properties":{"country_code":"BRA","city":"Rio de Janeiro","geoname_id":"3451190","h3_hexagon":601945261803044863,"downloaders":{"size":90,"mobile":1,"satellite":0,"tor":0,"tor_exit_nodes":0,"vpn":0,"relay":0,"proxy":0,"hosting":2,"service":0},"uploaders":{"size":15,"mobile":0,"satellite":0,"tor":0,"tor_exit_nodes":0,"vpn":0,"relay":0,"proxy":0,"hosting":0,"service":0}},"geometry":{"type":"Point","coordinates":[-43.18223,-22.90642]}},{"type":"Feature","properties":{"country_code":"AUS","city":"Adelaide","geoname_id":"2078025","h3_hexagon":602234852120461311,"downloaders":{"size":89,"mobile":2,"satellite":0,"tor":0,"tor_exit_nodes":0,"vpn":24,"relay":0,"proxy":0,"hosting":15,"service":15},"uploaders":{"size":27,"mobile":0,"satellite":0,"tor":0,"tor_exit_nodes":0,"vpn":1,"relay":0,"proxy":0,"hosting":0,"service":0}},"geometry":{"type":"Point","coordinates":[138.59863000000001,-34.92866]}},{"type":"Feature","properties":{"country_code":"CAN","city":"Edmonton","geoname_id":"5946768","h3_hexagon":599311682346418175,"downloaders":{"size":88,"mobile":39,"satellite":0,"tor":0,"tor_exit_nodes":0,"vpn":1,"relay":0,"proxy":0,"hosting":0,"service":0},"uploaders":{"size":33,"mobile":19,"satellite":0,"tor":0,"tor_exit_nodes":0,"vpn":0,"relay":0,"proxy":0,"hosting":0,"service":0}},"geometry":{"type":"Point","coordinates":[-113.46871,53.55014]}},{"type":"Feature","properties":{"country_code":"TWN","city":"Taichung","geoname_id":"1668399","h3_hexagon":600309337751027711,"downloaders":{"size":84,"mobile":1,"satellite":0,"tor":0,"tor_exit_nodes":0,"vpn":15,"relay":0,"proxy":0,"hosting":0,"service":12},"uploaders":{"size":7,"mobile":0,"satellite":0,"tor":0,"tor_exit_nodes":0,"vpn":4,"relay":0,"proxy":0,"hosting":0,"service":4}},"geometry":{"type":"Point","coordinates":[120.6839,24.1469]}},{"type":"Feature","properties":{"country_code":"DNK","city":"Ballerup","geoname_id":"2624341","h3_hexagon":599524491533484031,"downloaders":{"size":83,"mobile":0,"satellite":0,"tor":0,"tor_exit_nodes":0,"vpn":70,"relay":0,"proxy":0,"hosting":70,"service":70},"uploaders":{"size":49,"mobile":0,"satellite":0,"tor":0,"tor_exit_nodes":0,"vpn":45,"relay":0,"proxy":0,"hosting":45,"service":45}},"geometry":{"type":"Point","coordinates":[12.36328,55.73165]}},{"type":"Feature","properties":{"country_code":"USA","city":"Austin","geoname_id":"4671654","h3_hexagon":600256260545183743,"downloaders":{"size":80,"mobile":22,"satellite":0,"tor":0,"tor_exit_nodes":0,"vpn":0,"relay":0,"proxy":0,"hosting":0,"service":0},"uploaders":{"size":37,"mobile":7,"satellite":0,"tor":0,"tor_exit_nodes":0,"vpn":0,"relay":0,"proxy":0,"hosting":0,"service":0}},"geometry":{"type":"Point","coordinates":[-97.74306,30.26715]}},{"type":"Feature","properties":{"country_code":"UKR","city":"Lviv","geoname_id":"702550","h3_hexagon":599514662500827135,"downloaders":{"size":80,"mobile":1,"satellite":0,"tor":0,"tor_exit_nodes":0,"vpn":2,"relay":0,"proxy":0,"hosting":2,"service":1},"uploaders":{"size":4,"mobile":0,"satellite":0,"tor":0,"tor_exit_nodes":0,"vpn":0,"relay":0,"proxy":0,"hosting":0,"service":0}},"geometry":{"type":"Point","coordinates":[24.02324,49.83826]}},{"type":"Feature","properties":{"country_code":"ISL","city":"Reykjavík","geoname_id":"3413829","h3_hexagon":599108344635981823,"downloaders":{"size":78,"mobile":2,"satellite":0,"tor":0,"tor_exit_nodes":0,"vpn":20,"relay":0,"proxy":0,"hosting":1,"service":20},"uploaders":{"size":32,"mobile":1,"satellite":0,"tor":0,"tor_exit_nodes":0,"vpn":7,"relay":0,"proxy":0,"hosting":0,"service":7}},"geometry":{"type":"Point","coordinates":[-21.89541,64.13548]}},{"type":"Feature","properties":{"country_code":"ESP","city":"Valencia","geoname_id":"2509954","h3_hexagon":599987280702078975,"downloaders":{"size":78,"mobile":0,"satellite":0,"tor":0,"tor_exit_nodes":0,"vpn":0,"relay":0,"proxy":0,"hosting":0,"service":0},"uploaders":{"size":12,"mobile":0,"satellite":0,"tor":0,"tor_exit_nodes":0,"vpn":0,"relay":0,"proxy":0,"hosting":0,"service":0}},"geometry":{"type":"Point","coordinates":[-0.37966,39.47391]}},{"type":"Feature","properties":{"country_code":"IND","city":"Hyderabad","geoname_id":"1269843","h3_hexagon":600678757551833087,"downloaders":{"size":77,"mobile":22,"satellite":0,"tor":0,"tor_exit_nodes":0,"vpn":0,"relay":0,"proxy":0,"hosting":0,"service":0},"uploaders":{"size":13,"mobile":5,"satellite":0,"tor":0,"tor_exit_nodes":0,"vpn":0,"relay":0,"proxy":0,"hosting":0,"service":0}},"geometry":{"type":"Point","coordinates":[78.45636,17.38405]}},{"type":"Feature","properties":{"country_code":"ITA","city":"Naples","geoname_id":"3172394","h3_hexagon":599515530084220927,"downloaders":{"size":77,"mobile":4,"satellite":0,"tor":0,"tor_exit_nodes":0,"vpn":0,"relay":0,"proxy":0,"hosting":1,"service":0},"uploaders":{"size":12,"mobile":0,"satellite":0,"tor":0,"tor_exit_nodes":0,"vpn":0,"relay":0,"proxy":0,"hosting":0,"service":0}},"geometry":{"type":"Point","coordinates":[14.26811,40.85216]}},{"type":"Feature","properties":{"country_code":"FRA","city":"Lyon","geoname_id":"2996944","h3_hexagon":599534014549721087,"downloaders":{"size":75,"mobile":26,"satellite":0,"tor":0,"tor_exit_nodes":0,"vpn":0,"relay":0,"proxy":0,"hosting":1,"service":0},"uploaders":{"size":17,"mobile":15,"satellite":0,"tor":0,"tor_exit_nodes":0,"vpn":0,"relay":0,"proxy":0,"hosting":0,"service":0}},"geometry":{"type":"Point","coordinates":[4.84789,45.74906]}},{"type":"Feature","properties":{"country_code":"NLD","city":"Amsterdam","geoname_id":"2759794","h3_hexagon":599425825397276671,"downloaders":{"size":74,"mobile":0,"satellite":0,"tor":0,"tor_exit_nodes":0,"vpn":9,"relay":0,"proxy":0,"hosting":72,"service":0},"uploaders":{"size":6,"mobile":0,"satellite":0,"tor":0,"tor_exit_nodes":0,"vpn":0,"relay":0,"proxy":0,"hosting":6,"service":0}},"geometry":{"type":"Point","coordinates":[4.9056,52.389]}},{"type":"Feature","properties":{"country_code":"BEL","city":"Antwerpen","geoname_id":"2803138","h3_hexagon":599535431888928767,"downloaders":{"size":74,"mobile":0,"satellite":0,"tor":0,"tor_exit_nodes":0,"vpn":2,"relay":0,"proxy":0,"hosting":2,"service":2},"uploaders":{"size":11,"mobile":0,"satellite":0,"tor":0,"tor_exit_nodes":0,"vpn":0,"relay":0,"proxy":0,"hosting":0,"service":0}},"geometry":{"type":"Point","coordinates":[4.40026,51.22047]}},{"type":"Feature","properties":{"country_code":"IND","city":"Bengaluru","geoname_id":"1277333","h3_hexagon":600668999386136575,"downloaders":{"size":74,"mobile":25,"satellite":0,"tor":0,"tor_exit_nodes":0,"vpn":0,"relay":0,"proxy":0,"hosting":0,"service":0},"uploaders":{"size":8,"mobile":1,"satellite":0,"tor":0,"tor_exit_nodes":0,"vpn":0,"relay":0,"proxy":0,"hosting":0,"service":0}},"geometry":{"type":"Point","coordinates":[77.59369,12.97194]}},{"type":"Feature","properties":{"country_code":"RUS","city":"Smolensk","geoname_id":"491687","h3_hexagon":599288871775109119,"downloaders":{"size":73,"mobile":0,"satellite":0,"tor":0,"tor_exit_nodes":0,"vpn":1,"relay":0,"proxy":0,"hosting":0,"service":0},"uploaders":{"size":3,"mobile":0,"satellite":0,"tor":0,"tor_exit_nodes":0,"vpn":0,"relay":0,"proxy":0,"hosting":0,"service":0}},"geometry":{"type":"Point","coordinates":[32.05088,54.77826]}},{"type":"Feature","properties":{"country_code":"UZB","city":"Tashkent","geoname_id":"1512569","h3_hexagon":599552803957899263,"downloaders":{"size":72,"mobile":0,"satellite":0,"tor":0,"tor_exit_nodes":0,"vpn":6,"relay":0,"proxy":0,"hosting":55,"service":6},"uploaders":{"size":4,"mobile":0,"satellite":0,"tor":0,"tor_exit_nodes":0,"vpn":0,"relay":0,"proxy":0,"hosting":4,"service":0}},"geometry":{"type":"Point","coordinates":[69.21627,41.26465]}},{"type":"Feature","properties":{"country_code":"ZAF","city":"Johannesburg","geoname_id":"993800","h3_hexagon":602299504263167999,"downloaders":{"size":70,"mobile":2,"satellite":0,"tor":0,"tor_exit_nodes":0,"vpn":15,"relay":0,"proxy":0,"hosting":32,"service":15},"uploaders":{"size":16,"mobile":0,"satellite":0,"tor":0,"tor_exit_nodes":0,"vpn":10,"relay":0,"proxy":0,"hosting":10,"service":10}},"geometry":{"type":"Point","coordinates":[28.04363,-26.20227]}},{"type":"Feature","properties":{"country_code":"NLD","city":"Hoofddorp","geoname_id":"2753801","h3_hexagon":599425795332505599,"downloaders":{"size":69,"mobile":0,"satellite":0,"tor":0,"tor_exit_nodes":0,"vpn":0,"relay":0,"proxy":0,"hosting":55,"service":0},"uploaders":{"size":21,"mobile":0,"satellite":0,"tor":0,"tor_exit_nodes":0,"vpn":0,"relay":0,"proxy":0,"hosting":14,"service":0}},"geometry":{"type":"Point","coordinates":[4.68889,52.3025]}},{"type":"Feature","properties":{"country_code":"ROU","city":"Cluj-Napoca","geoname_id":"681290","h3_hexagon":599507288041979903,"downloaders":{"size":68,"mobile":0,"satellite":0,"tor":0,"tor_exit_nodes":0,"vpn":0,"relay":0,"proxy":0,"hosting":0,"service":0},"uploaders":{"size":24,"mobile":0,"satellite":0,"tor":0,"tor_exit_nodes":0,"vpn":0,"relay":0,"proxy":0,"hosting":0,"service":0}},"geometry":{"type":"Point","coordinates":[23.6,46.76667]}},{"type":"Feature","properties":{"country_code":"USA","city":"Detroit","geoname_id":"4990729","h3_hexagon":599729908008091647,"downloaders":{"size":67,"mobile":1,"satellite":28,"tor":0,"tor_exit_nodes":0,"vpn":12,"relay":0,"proxy":0,"hosting":14,"service":12},"uploaders":{"size":30,"mobile":0,"satellite":25,"tor":0,"tor_exit_nodes":0,"vpn":1,"relay":0,"proxy":0,"hosting":1,"service":1}},"geometry":{"type":"Point","coordinates":[-83.04575,42.33143]}},{"type":"Feature","properties":{"country_code":"GBR","city":"Rochdale","geoname_id":"2639272","h3_hexagon":599423112051687423,"downloaders":{"size":66,"mobile":1,"satellite":0,"tor":10,"tor_exit_nodes":0,"vpn":1,"relay":0,"proxy":0,"hosting":0,"service":0},"uploaders":{"size":12,"mobile":0,"satellite":0,"tor":6,"tor_exit_nodes":0,"vpn":1,"relay":0,"proxy":0,"hosting":0,"service":0}},"geometry":{"type":"Point","coordinates":[-2.1833,53.5833]}},{"type":"Feature","properties":{"country_code":"ARE","city":"Dubai","geoname_id":"292223","h3_hexagon":600168500404682751,"downloaders":{"size":66,"mobile":0,"satellite":0,"tor":0,"tor_exit_nodes":0,"vpn":17,"relay":0,"proxy":0,"hosting":20,"service":17},"uploaders":{"size":6,"mobile":0,"satellite":0,"tor":0,"tor_exit_nodes":0,"vpn":0,"relay":0,"proxy":0,"hosting":0,"service":0}},"geometry":{"type":"Point","coordinates":[55.30927,25.07725]}},{"type":"Feature","properties":{"country_code":"URY","city":"Montevideo","geoname_id":"3441575","h3_hexagon":602408251761360895,"downloaders":{"size":66,"mobile":0,"satellite":0,"tor":0,"tor_exit_nodes":0,"vpn":0,"relay":0,"proxy":0,"hosting":0,"service":0},"uploaders":{"size":24,"mobile":0,"satellite":0,"tor":0,"tor_exit_nodes":0,"vpn":0,"relay":0,"proxy":0,"hosting":0,"service":0}},"geometry":{"type":"Point","coordinates":[-56.18816,-34.90328]}},{"type":"Feature","properties":{"country_code":"USA","city":"Trenton","geoname_id":"5105496","h3_hexagon":599718983758774271,"downloaders":{"size":66,"mobile":0,"satellite":0,"tor":0,"tor_exit_nodes":0,"vpn":62,"relay":0,"proxy":0,"hosting":62,"service":62},"uploaders":{"size":19,"mobile":0,"satellite":0,"tor":0,"tor_exit_nodes":0,"vpn":19,"relay":0,"proxy":0,"hosting":19,"service":19}},"geometry":{"type":"Point","coordinates":[-74.74294,40.21705]}},{"type":"Feature","properties":{"country_code":"UKR","city":"Odesa","geoname_id":"698740","h3_hexagon":599512961693777919,"downloaders":{"size":66,"mobile":0,"satellite":0,"tor":0,"tor_exit_nodes":0,"vpn":0,"relay":0,"proxy":0,"hosting":0,"service":0},"uploaders":{"size":10,"mobile":0,"satellite":0,"tor":0,"tor_exit_nodes":0,"vpn":0,"relay":0,"proxy":0,"hosting":0,"service":0}},"geometry":{"type":"Point","coordinates":[30.74383,46.48572]}},{"type":"Feature","properties":{"country_code":"TWN","city":"Kaohsiung","geoname_id":"1673820","h3_hexagon":600310330962214911,"downloaders":{"size":64,"mobile":1,"satellite":0,"tor":0,"tor_exit_nodes":0,"vpn":4,"relay":0,"proxy":0,"hosting":0,"service":0},"uploaders":{"size":11,"mobile":0,"satellite":0,"tor":0,"tor_exit_nodes":0,"vpn":0,"relay":0,"proxy":0,"hosting":0,"service":0}},"geometry":{"type":"Point","coordinates":[120.31333,22.61626]}},{"type":"Feature","properties":{"country_code":"USA","city":"Nashville","geoname_id":"4644585","h3_hexagon":599652550278381567,"downloaders":{"size":64,"mobile":1,"satellite":0,"tor":0,"tor_exit_nodes":0,"vpn":44,"relay":0,"proxy":0,"hosting":44,"service":44},"uploaders":{"size":27,"mobile":0,"satellite":0,"tor":0,"tor_exit_nodes":0,"vpn":17,"relay":0,"proxy":0,"hosting":17,"service":17}},"geometry":{"type":"Point","coordinates":[-86.7821,36.165]}},{"type":"Feature","properties":{"country_code":"POL","city":"Gdańsk","geoname_id":"3099434","h3_hexagon":599524775001325567,"downloaders":{"size":63,"mobile":0,"satellite":0,"tor":0,"tor_exit_nodes":0,"vpn":5,"relay":0,"proxy":0,"hosting":4,"service":4},"uploaders":{"size":7,"mobile":0,"satellite":0,"tor":0,"tor_exit_nodes":0,"vpn":1,"relay":0,"proxy":0,"hosting":1,"service":1}},"geometry":{"type":"Point","coordinates":[18.64912,54.35227]}},{"type":"Feature","properties":{"country_code":"USA","city":"Charlotte","geoname_id":"4460243","h3_hexagon":600189883973107711,"downloaders":{"size":63,"mobile":17,"satellite":0,"tor":0,"tor_exit_nodes":0,"vpn":7,"relay":0,"proxy":0,"hosting":4,"service":5},"uploaders":{"size":20,"mobile":3,"satellite":0,"tor":0,"tor_exit_nodes":0,"vpn":1,"relay":0,"proxy":0,"hosting":1,"service":1}},"geometry":{"type":"Point","coordinates":[-80.84313,35.22709]}},{"type":"Feature","properties":{"country_code":"SRB","city":"Belgrade","geoname_id":"792680","h3_hexagon":599508383258640383,"downloaders":{"size":61,"mobile":12,"satellite":0,"tor":0,"tor_exit_nodes":0,"vpn":13,"relay":0,"proxy":0,"hosting":41,"service":13},"uploaders":{"size":3,"mobile":0,"satellite":0,"tor":0,"tor_exit_nodes":0,"vpn":2,"relay":0,"proxy":0,"hosting":3,"service":2}},"geometry":{"type":"Point","coordinates":[20.46513,44.80401]}},{"type":"Feature","properties":{"country_code":"VNM","city":"Ho Chi Minh City","geoname_id":"1566083","h3_hexagon":600768027373338623,"downloaders":{"size":61,"mobile":4,"satellite":0,"tor":0,"tor_exit_nodes":0,"vpn":0,"relay":0,"proxy":0,"hosting":0,"service":0},"uploaders":{"size":23,"mobile":0,"satellite":0,"tor":0,"tor_exit_nodes":0,"vpn":0,"relay":0,"proxy":0,"hosting":0,"service":0}},"geometry":{"type":"Point","coordinates":[106.62965,10.82302]}},{"type":"Feature","properties":{"country_code":"DEU","city":"Munich","geoname_id":"2867714","h3_hexagon":599533816981225471,"downloaders":{"size":59,"mobile":6,"satellite":0,"tor":0,"tor_exit_nodes":0,"vpn":2,"relay":0,"proxy":0,"hosting":0,"service":0},"uploaders":{"size":24,"mobile":2,"satellite":0,"tor":0,"tor_exit_nodes":0,"vpn":0,"relay":0,"proxy":0,"hosting":0,"service":0}},"geometry":{"type":"Point","coordinates":[11.57549,48.13743]}},{"type":"Feature","properties":{"country_code":"PER","city":"San Isidro","geoname_id":"3929631","h3_hexagon":601483627980652543,"downloaders":{"size":58,"mobile":1,"satellite":1,"tor":0,"tor_exit_nodes":0,"vpn":4,"relay":0,"proxy":0,"hosting":4,"service":4},"uploaders":{"size":11,"mobile":0,"satellite":0,"tor":0,"tor_exit_nodes":0,"vpn":2,"relay":0,"proxy":0,"hosting":2,"service":2}},"geometry":{"type":"Point","coordinates":[-77.04258,-12.09655]}},{"type":"Feature","properties":{"country_code":"ROU","city":"Iaşi","geoname_id":"675810","h3_hexagon":599512387241902079,"downloaders":{"size":58,"mobile":0,"satellite":0,"tor":0,"tor_exit_nodes":0,"vpn":0,"relay":0,"proxy":0,"hosting":0,"service":0},"uploaders":{"size":12,"mobile":0,"satellite":0,"tor":0,"tor_exit_nodes":0,"vpn":0,"relay":0,"proxy":0,"hosting":0,"service":0}},"geometry":{"type":"Point","coordinates":[27.6,47.16667]}},{"type":"Feature","properties":{"country_code":"CAN","city":"Beauharnois","geoname_id":"5896495","h3_hexagon":599746925742260223,"downloaders":{"size":55,"mobile":0,"satellite":0,"tor":0,"tor_exit_nodes":0,"vpn":0,"relay":0,"proxy":0,"hosting":53,"service":0},"uploaders":{"size":7,"mobile":0,"satellite":0,"tor":0,"tor_exit_nodes":0,"vpn":0,"relay":0,"proxy":0,"hosting":7,"service":0}},"geometry":{"type":"Point","coordinates":[-73.8725,45.31341]}},{"type":"Feature","properties":{"country_code":"NOR","city":"Bergen","geoname_id":"3161732","h3_hexagon":599145950295883775,"downloaders":{"size":54,"mobile":0,"satellite":0,"tor":0,"tor_exit_nodes":0,"vpn":12,"relay":0,"proxy":0,"hosting":0,"service":0},"uploaders":{"size":29,"mobile":0,"satellite":0,"tor":0,"tor_exit_nodes":0,"vpn":11,"relay":0,"proxy":0,"hosting":0,"service":0}},"geometry":{"type":"Point","coordinates":[5.32415,60.39299]}},{"type":"Feature","properties":{"country_code":"USA","city":"Minneapolis","geoname_id":"5037649","h3_hexagon":599670509684129791,"downloaders":{"size":53,"mobile":2,"satellite":0,"tor":0,"tor_exit_nodes":0,"vpn":2,"relay":4,"proxy":0,"hosting":6,"service":6},"uploaders":{"size":12,"mobile":1,"satellite":0,"tor":0,"tor_exit_nodes":0,"vpn":0,"relay":0,"proxy":0,"hosting":0,"service":0}},"geometry":{"type":"Point","coordinates":[-93.26384,44.97997]}},{"type":"Feature","properties":{"country_code":"USA","city":"Columbus","geoname_id":"4509177","h3_hexagon":599727890447204351,"downloaders":{"size":52,"mobile":6,"satellite":0,"tor":0,"tor_exit_nodes":0,"vpn":14,"relay":0,"proxy":0,"hosting":25,"service":13},"uploaders":{"size":9,"mobile":0,"satellite":0,"tor":0,"tor_exit_nodes":0,"vpn":1,"relay":0,"proxy":0,"hosting":1,"service":1}},"geometry":{"type":"Point","coordinates":[-82.99879,39.96118]}},{"type":"Feature","properties":{"country_code":"USA","city":"Kent","geoname_id":"5799625","h3_hexagon":599697129891430399,"downloaders":{"size":52,"mobile":0,"satellite":0,"tor":0,"tor_exit_nodes":0,"vpn":2,"relay":2,"proxy":0,"hosting":29,"service":4},"uploaders":{"size":11,"mobile":0,"satellite":0,"tor":0,"tor_exit_nodes":0,"vpn":0,"relay":1,"proxy":0,"hosting":1,"service":1}},"geometry":{"type":"Point","coordinates":[-122.23484,47.38093]}},{"type":"Feature","properties":{"country_code":"GBR","city":"Plumstead","geoname_id":"2640201","h3_hexagon":599423945275342847,"downloaders":{"size":52,"mobile":3,"satellite":0,"tor":0,"tor_exit_nodes":0,"vpn":0,"relay":0,"proxy":0,"hosting":38,"service":0},"uploaders":{"size":5,"mobile":0,"satellite":0,"tor":0,"tor_exit_nodes":0,"vpn":0,"relay":0,"proxy":0,"hosting":5,"service":0}},"geometry":{"type":"Point","coordinates":[0.08333,51.48333]}},{"type":"Feature","properties":{"country_code":"POL","city":"Białystok","geoname_id":"776069","h3_hexagon":599529688443912191,"downloaders":{"size":52,"mobile":0,"satellite":0,"tor":0,"tor_exit_nodes":0,"vpn":0,"relay":0,"proxy":0,"hosting":0,"service":0},"uploaders":{"size":9,"mobile":0,"satellite":0,"tor":0,"tor_exit_nodes":0,"vpn":0,"relay":0,"proxy":0,"hosting":0,"service":0}},"geometry":{"type":"Point","coordinates":[23.16433,53.13333]}},{"type":"Feature","properties":{"country_code":"USA","city":"Catonsville","geoname_id":"4350635","h3_hexagon":599729219739582463,"downloaders":{"size":51,"mobile":10,"satellite":0,"tor":0,"tor_exit_nodes":0,"vpn":29,"relay":0,"proxy":0,"hosting":29,"service":29},"uploaders":{"size":16,"mobile":5,"satellite":0,"tor":0,"tor_exit_nodes":0,"vpn":2,"relay":0,"proxy":0,"hosting":2,"service":2}},"geometry":{"type":"Point","coordinates":[-76.73192,39.27205]}},{"type":"Feature","properties":{"country_code":"PHL","city":"Manila","geoname_id":"1701668","h3_hexagon":600831342707474431,"downloaders":{"size":51,"mobile":5,"satellite":0,"tor":0,"tor_exit_nodes":0,"vpn":0,"relay":0,"proxy":0,"hosting":1,"service":0},"uploaders":{"size":15,"mobile":0,"satellite":0,"tor":0,"tor_exit_nodes":0,"vpn":0,"relay":0,"proxy":0,"hosting":0,"service":0}},"geometry":{"type":"Point","coordinates":[120.9822,14.6042]}},{"type":"Feature","properties":{"country_code":"FRA","city":"Bordeaux","geoname_id":"3031582","h3_hexagon":599408345954123775,"downloaders":{"size":51,"mobile":11,"satellite":0,"tor":0,"tor_exit_nodes":0,"vpn":3,"relay":0,"proxy":0,"hosting":3,"service":3},"uploaders":{"size":5,"mobile":0,"satellite":0,"tor":0,"tor_exit_nodes":0,"vpn":1,"relay":0,"proxy":0,"hosting":1,"service":1}},"geometry":{"type":"Point","coordinates":[-0.58046,44.84124]}},{"type":"Feature","properties":{"country_code":"USA","city":"Raleigh","geoname_id":"4487042","h3_hexagon":599732370098094079,"downloaders":{"size":51,"mobile":12,"satellite":0,"tor":0,"tor_exit_nodes":0,"vpn":15,"relay":0,"proxy":0,"hosting":15,"service":15},"uploaders":{"size":28,"mobile":10,"satellite":0,"tor":0,"tor_exit_nodes":0,"vpn":3,"relay":0,"proxy":0,"hosting":3,"service":3}},"geometry":{"type":"Point","coordinates":[-78.63861,35.7721]}},{"type":"Feature","properties":{"country_code":"CAN","city":"Willowdale","geoname_id":"8558534","h3_hexagon":599745918572429311,"downloaders":{"size":51,"mobile":5,"satellite":0,"tor":0,"tor_exit_nodes":0,"vpn":0,"relay":0,"proxy":0,"hosting":0,"service":0},"uploaders":{"size":4,"mobile":0,"satellite":0,"tor":0,"tor_exit_nodes":0,"vpn":0,"relay":0,"proxy":0,"hosting":0,"service":0}},"geometry":{"type":"Point","coordinates":[-79.39909,43.76672]}},{"type":"Feature","properties":{"country_code":"USA","city":"Albuquerque","geoname_id":"5454711","h3_hexagon":600260272044638207,"downloaders":{"size":50,"mobile":2,"satellite":0,"tor":0,"tor_exit_nodes":0,"vpn":30,"relay":0,"proxy":0,"hosting":30,"service":30},"uploaders":{"size":6,"mobile":0,"satellite":0,"tor":0,"tor_exit_nodes":0,"vpn":1,"relay":0,"proxy":0,"hosting":1,"service":1}},"geometry":{"type":"Point","coordinates":[-106.65114,35.08449]}},{"type":"Feature","properties":{"country_code":"SAU","city":"Dammam","geoname_id":"110336","h3_hexagon":600446483572981759,"downloaders":{"size":50,"mobile":7,"satellite":0,"tor":0,"tor_exit_nodes":0,"vpn":0,"relay":0,"proxy":0,"hosting":0,"service":0},"uploaders":{"size":5,"mobile":0,"satellite":0,"tor":0,"tor_exit_nodes":0,"vpn":0,"relay":0,"proxy":0,"hosting":0,"service":0}},"geometry":{"type":"Point","coordinates":[50.10326,26.43442]}},{"type":"Feature","properties":{"country_code":"USA","city":"Omaha","geoname_id":"5074472","h3_hexagon":599648226320056319,"downloaders":{"size":49,"mobile":0,"satellite":0,"tor":0,"tor_exit_nodes":0,"vpn":32,"relay":0,"proxy":0,"hosting":32,"service":32},"uploaders":{"size":16,"mobile":0,"satellite":0,"tor":0,"tor_exit_nodes":0,"vpn":10,"relay":0,"proxy":0,"hosting":10,"service":10}},"geometry":{"type":"Point","coordinates":[-95.94043,41.25626]}},{"type":"Feature","properties":{"country_code":"USA","city":"Dallas","geoname_id":"4684888","h3_hexagon":599661243292188671,"downloaders":{"size":49,"mobile":0,"satellite":0,"tor":0,"tor_exit_nodes":0,"vpn":49,"relay":0,"proxy":0,"hosting":49,"service":49},"uploaders":{"size":17,"mobile":0,"satellite":0,"tor":0,"tor_exit_nodes":0,"vpn":17,"relay":0,"proxy":0,"hosting":17,"service":17}},"geometry":{"type":"Point","coordinates":[-96.7776,32.7673]}},{"type":"Feature","properties":{"country_code":"SAU","city":"Riyadh","geoname_id":"108410","h3_hexagon":600444799945801727,"downloaders":{"size":48,"mobile":14,"satellite":0,"tor":0,"tor_exit_nodes":0,"vpn":0,"relay":0,"proxy":0,"hosting":0,"service":0},"uploaders":{"size":3,"mobile":2,"satellite":0,"tor":0,"tor_exit_nodes":0,"vpn":0,"relay":0,"proxy":0,"hosting":0,"service":0}},"geometry":{"type":"Point","coordinates":[46.72185,24.68773]}},{"type":"Feature","properties":{"country_code":"IND","city":"Mumbai","geoname_id":"1275339","h3_hexagon":600677175930126335,"downloaders":{"size":48,"mobile":6,"satellite":0,"tor":0,"tor_exit_nodes":0,"vpn":0,"relay":1,"proxy":0,"hosting":3,"service":1},"uploaders":{"size":6,"mobile":1,"satellite":0,"tor":0,"tor_exit_nodes":0,"vpn":0,"relay":0,"proxy":0,"hosting":0,"service":0}},"geometry":{"type":"Point","coordinates":[72.88261,19.07283]}},{"type":"Feature","properties":{"country_code":"BGD","city":"Dhaka","geoname_id":"1185241","h3_hexagon":600050875209089023,"downloaders":{"size":48,"mobile":0,"satellite":2,"tor":0,"tor_exit_nodes":0,"vpn":8,"relay":0,"proxy":0,"hosting":0,"service":1},"uploaders":{"size":15,"mobile":0,"satellite":1,"tor":0,"tor_exit_nodes":0,"vpn":1,"relay":0,"proxy":0,"hosting":0,"service":1}},"geometry":{"type":"Point","coordinates":[90.40744,23.7104]}},{"type":"Feature","properties":{"country_code":"BGR","city":"Burgas","geoname_id":"732770","h3_hexagon":599522698384637951,"downloaders":{"size":47,"mobile":0,"satellite":0,"tor":0,"tor_exit_nodes":0,"vpn":0,"relay":0,"proxy":0,"hosting":0,"service":0},"uploaders":{"size":5,"mobile":0,"satellite":0,"tor":0,"tor_exit_nodes":0,"vpn":0,"relay":0,"proxy":0,"hosting":0,"service":0}},"geometry":{"type":"Point","coordinates":[27.46886,42.50651]}},{"type":"Feature","properties":{"country_code":"CHN","city":"Chongqing","geoname_id":"1814906","h3_hexagon":600106399472549887,"downloaders":{"size":47,"mobile":4,"satellite":0,"tor":0,"tor_exit_nodes":0,"vpn":1,"relay":0,"proxy":0,"hosting":0,"service":0},"uploaders":{"size":4,"mobile":0,"satellite":0,"tor":0,"tor_exit_nodes":0,"vpn":0,"relay":0,"proxy":0,"hosting":0,"service":0}},"geometry":{"type":"Point","coordinates":[106.55771,29.56026]}},{"type":"Feature","properties":{"country_code":"SVN","city":"Maribor","geoname_id":"3195506","h3_hexagon":599507861420113919,"downloaders":{"size":45,"mobile":1,"satellite":0,"tor":0,"tor_exit_nodes":0,"vpn":0,"relay":0,"proxy":0,"hosting":0,"service":0},"uploaders":{"size":4,"mobile":0,"satellite":0,"tor":0,"tor_exit_nodes":0,"vpn":0,"relay":0,"proxy":0,"hosting":0,"service":0}},"geometry":{"type":"Point","coordinates":[15.64593,46.55583]}},{"type":"Feature","properties":{"country_code":"USA","city":"Sacramento","geoname_id":"5389489","h3_hexagon":599685922174271487,"downloaders":{"size":45,"mobile":1,"satellite":0,"tor":0,"tor_exit_nodes":0,"vpn":0,"relay":0,"proxy":0,"hosting":0,"service":0},"uploaders":{"size":24,"mobile":0,"satellite":0,"tor":0,"tor_exit_nodes":0,"vpn":0,"relay":0,"proxy":0,"hosting":0,"service":0}},"geometry":{"type":"Point","coordinates":[-121.4944,38.58157]}},{"type":"Feature","properties":{"country_code":"USA","city":"San Diego","geoname_id":"5391811","h3_hexagon":599711305430990847,"downloaders":{"size":45,"mobile":5,"satellite":0,"tor":0,"tor_exit_nodes":0,"vpn":4,"relay":0,"proxy":0,"hosting":0,"service":0},"uploaders":{"size":12,"mobile":0,"satellite":0,"tor":0,"tor_exit_nodes":0,"vpn":1,"relay":0,"proxy":0,"hosting":0,"service":0}},"geometry":{"type":"Point","coordinates":[-117.16472,32.71571]}},{"type":"Feature","properties":{"country_code":"CHN","city":"Shijiazhuang","geoname_id":"1795270","h3_hexagon":599851527523270655,"downloaders":{"size":44,"mobile":0,"satellite":0,"tor":0,"tor_exit_nodes":0,"vpn":0,"relay":0,"proxy":0,"hosting":0,"service":0},"uploaders":{"size":12,"mobile":0,"satellite":0,"tor":0,"tor_exit_nodes":0,"vpn":0,"relay":0,"proxy":0,"hosting":0,"service":0}},"geometry":{"type":"Point","coordinates":[114.47861,38.04139]}},{"type":"Feature","properties":{"country_code":"POL","city":"Kielce","geoname_id":"769250","h3_hexagon":599509726509662207,"downloaders":{"size":44,"mobile":0,"satellite":0,"tor":0,"tor_exit_nodes":0,"vpn":0,"relay":0,"proxy":0,"hosting":0,"service":0},"uploaders":{"size":6,"mobile":0,"satellite":0,"tor":0,"tor_exit_nodes":0,"vpn":0,"relay":0,"proxy":0,"hosting":0,"service":0}},"geometry":{"type":"Point","coordinates":[20.62752,50.87033]}},{"type":"Feature","properties":{"country_code":"USA","city":"Reston","geoname_id":"4781530","h3_hexagon":599729352883568639,"downloaders":{"size":43,"mobile":9,"satellite":0,"tor":0,"tor_exit_nodes":0,"vpn":0,"relay":0,"proxy":0,"hosting":10,"service":0},"uploaders":{"size":10,"mobile":2,"satellite":0,"tor":0,"tor_exit_nodes":0,"vpn":0,"relay":0,"proxy":0,"hosting":0,"service":0}},"geometry":{"type":"Point","coordinates":[-77.3411,38.96872]}},{"type":"Feature","properties":{"country_code":"DEU","city":"Hamburg","geoname_id":"2911298","h3_hexagon":599525598561304575,"downloaders":{"size":43,"mobile":0,"satellite":0,"tor":0,"tor_exit_nodes":0,"vpn":7,"relay":0,"proxy":0,"hosting":7,"service":7},"uploaders":{"size":6,"mobile":0,"satellite":0,"tor":0,"tor_exit_nodes":0,"vpn":5,"relay":0,"proxy":0,"hosting":5,"service":5}},"geometry":{"type":"Point","coordinates":[9.99302,53.55073]}},{"type":"Feature","properties":{"country_code":"VNM","city":"Hanoi","geoname_id":"1581130","h3_hexagon":600128614117146623,"downloaders":{"size":43,"mobile":8,"satellite":0,"tor":0,"tor_exit_nodes":0,"vpn":1,"relay":0,"proxy":0,"hosting":3,"service":0},"uploaders":{"size":13,"mobile":2,"satellite":0,"tor":0,"tor_exit_nodes":0,"vpn":0,"relay":0,"proxy":0,"hosting":0,"service":0}},"geometry":{"type":"Point","coordinates":[105.84117,21.0245]}},{"type":"Feature","properties":{"country_code":"USA","city":"St. Louis","geoname_id":"4407066","h3_hexagon":599651706317307903,"downloaders":{"size":42,"mobile":13,"satellite":0,"tor":0,"tor_exit_nodes":0,"vpn":13,"relay":0,"proxy":1,"hosting":26,"service":13},"uploaders":{"size":13,"mobile":11,"satellite":0,"tor":0,"tor_exit_nodes":0,"vpn":2,"relay":0,"proxy":0,"hosting":2,"service":2}},"geometry":{"type":"Point","coordinates":[-90.19789,38.62727]}},{"type":"Feature","properties":{"country_code":"NLD","city":"Arnhem","geoname_id":"2759661","h3_hexagon":599425817881083903,"downloaders":{"size":42,"mobile":4,"satellite":0,"tor":0,"tor_exit_nodes":0,"vpn":1,"relay":0,"proxy":0,"hosting":0,"service":0},"uploaders":{"size":11,"mobile":0,"satellite":0,"tor":0,"tor_exit_nodes":0,"vpn":0,"relay":0,"proxy":0,"hosting":0,"service":0}},"geometry":{"type":"Point","coordinates":[5.91111,51.98]}},{"type":"Feature","properties":{"country_code":"NOR","city":"Kristiansand","geoname_id":"3149318","h3_hexagon":599147973225480191,"downloaders":{"size":41,"mobile":0,"satellite":0,"tor":0,"tor_exit_nodes":0,"vpn":3,"relay":0,"proxy":0,"hosting":4,"service":3},"uploaders":{"size":4,"mobile":0,"satellite":0,"tor":0,"tor_exit_nodes":0,"vpn":0,"relay":0,"proxy":0,"hosting":1,"service":0}},"geometry":{"type":"Point","coordinates":[7.9956,58.14671]}},{"type":"Feature","properties":{"country_code":"USA","city":"Milwaukee","geoname_id":"5263045","h3_hexagon":599671252713471999,"downloaders":{"size":41,"mobile":32,"satellite":0,"tor":0,"tor_exit_nodes":0,"vpn":3,"relay":0,"proxy":0,"hosting":2,"service":2},"uploaders":{"size":9,"mobile":7,"satellite":0,"tor":0,"tor_exit_nodes":0,"vpn":0,"relay":0,"proxy":0,"hosting":0,"service":0}},"geometry":{"type":"Point","coordinates":[-87.90647,43.0389]}},{"type":"Feature","properties":{"country_code":"DEU","city":"Hagen","geoname_id":"2912621","h3_hexagon":599525367706812415,"downloaders":{"size":40,"mobile":0,"satellite":0,"tor":0,"tor_exit_nodes":0,"vpn":0,"relay":0,"proxy":0,"hosting":0,"service":0},"uploaders":{"size":10,"mobile":0,"satellite":0,"tor":0,"tor_exit_nodes":0,"vpn":0,"relay":0,"proxy":0,"hosting":0,"service":0}},"geometry":{"type":"Point","coordinates":[7.47168,51.36081]}},{"type":"Feature","properties":{"country_code":"HUN","city":"Dunakeszi","geoname_id":"3053476","h3_hexagon":599506753318551551,"downloaders":{"size":40,"mobile":0,"satellite":0,"tor":0,"tor_exit_nodes":0,"vpn":1,"relay":0,"proxy":0,"hosting":0,"service":0},"uploaders":{"size":12,"mobile":0,"satellite":0,"tor":0,"tor_exit_nodes":0,"vpn":0,"relay":0,"proxy":0,"hosting":0,"service":0}},"geometry":{"type":"Point","coordinates":[19.13864,47.63641]}},{"type":"Feature","properties":{"country_code":"DEU","city":"Berlin","geoname_id":"2950159","h3_hexagon":599526121473572863,"downloaders":{"size":40,"mobile":0,"satellite":0,"tor":0,"tor_exit_nodes":0,"vpn":15,"relay":0,"proxy":0,"hosting":15,"service":15},"uploaders":{"size":9,"mobile":0,"satellite":0,"tor":0,"tor_exit_nodes":0,"vpn":4,"relay":0,"proxy":0,"hosting":4,"service":4}},"geometry":{"type":"Point","coordinates":[13.3846,52.5323]}},{"type":"Feature","properties":{"country_code":"CHE","city":"Bellinzona","geoname_id":"2661567","h3_hexagon":599534929377755135,"downloaders":{"size":40,"mobile":0,"satellite":0,"tor":0,"tor_exit_nodes":0,"vpn":38,"relay":0,"proxy":0,"hosting":38,"service":37},"uploaders":{"size":17,"mobile":0,"satellite":0,"tor":0,"tor_exit_nodes":0,"vpn":17,"relay":0,"proxy":0,"hosting":17,"service":17}},"geometry":{"type":"Point","coordinates":[9.01703,46.19278]}},{"type":"Feature","properties":{"country_code":"HKG","city":"Tung Chung","geoname_id":"11101593","h3_hexagon":600124216070635519,"downloaders":{"size":40,"mobile":0,"satellite":0,"tor":0,"tor_exit_nodes":0,"vpn":12,"relay":0,"proxy":0,"hosting":18,"service":8},"uploaders":{"size":7,"mobile":0,"satellite":0,"tor":0,"tor_exit_nodes":0,"vpn":2,"relay":0,"proxy":0,"hosting":4,"service":2}},"geometry":{"type":"Point","coordinates":[113.94243,22.28783]}},{"type":"Feature","properties":{"country_code":"PAK","city":"Karachi","geoname_id":"1174872","h3_hexagon":600155521013514239,"downloaders":{"size":39,"mobile":1,"satellite":0,"tor":0,"tor_exit_nodes":0,"vpn":0,"relay":0,"proxy":0,"hosting":2,"service":0},"uploaders":{"size":3,"mobile":0,"satellite":0,"tor":0,"tor_exit_nodes":0,"vpn":0,"relay":0,"proxy":0,"hosting":0,"service":0}},"geometry":{"type":"Point","coordinates":[67.0104,24.8608]}},{"type":"Feature","properties":{"country_code":"FRA","city":"Châtillon","geoname_id":"3026083","h3_hexagon":599536504557010943,"downloaders":{"size":39,"mobile":5,"satellite":0,"tor":0,"tor_exit_nodes":0,"vpn":11,"relay":0,"proxy":0,"hosting":9,"service":9},"uploaders":{"size":11,"mobile":2,"satellite":0,"tor":0,"tor_exit_nodes":0,"vpn":8,"relay":0,"proxy":0,"hosting":8,"service":8}},"geometry":{"type":"Point","coordinates":[2.29346,48.8024]}},{"type":"Feature","properties":{"country_code":"USA","city":"Las Vegas","geoname_id":"5506956","h3_hexagon":599709288943845375,"downloaders":{"size":39,"mobile":0,"satellite":0,"tor":0,"tor_exit_nodes":0,"vpn":13,"relay":0,"proxy":0,"hosting":15,"service":13},"uploaders":{"size":6,"mobile":0,"satellite":0,"tor":0,"tor_exit_nodes":0,"vpn":2,"relay":0,"proxy":0,"hosting":6,"service":2}},"geometry":{"type":"Point","coordinates":[-115.13722,36.17497]}},{"type":"Feature","properties":{"country_code":"HUN","city":"Pécs","geoname_id":"3046526","h3_hexagon":599508592638296063,"downloaders":{"size":38,"mobile":0,"satellite":0,"tor":0,"tor_exit_nodes":0,"vpn":0,"relay":0,"proxy":0,"hosting":0,"service":0},"uploaders":{"size":7,"mobile":0,"satellite":0,"tor":0,"tor_exit_nodes":0,"vpn":0,"relay":0,"proxy":0,"hosting":0,"service":0}},"geometry":{"type":"Point","coordinates":[18.22814,46.07617]}},{"type":"Feature","properties":{"country_code":"USA","city":"Richmond","geoname_id":"4781708","h3_hexagon":599727353576292351,"downloaders":{"size":38,"mobile":0,"satellite":0,"tor":0,"tor_exit_nodes":0,"vpn":3,"relay":0,"proxy":0,"hosting":0,"service":0},"uploaders":{"size":12,"mobile":0,"satellite":0,"tor":0,"tor_exit_nodes":0,"vpn":2,"relay":0,"proxy":0,"hosting":0,"service":0}},"geometry":{"type":"Point","coordinates":[-77.46026,37.55376]}},{"type":"Feature","properties":{"country_code":"JOR","city":"Amman","geoname_id":"250441","h3_hexagon":599782752211959807,"downloaders":{"size":38,"mobile":6,"satellite":0,"tor":0,"tor_exit_nodes":0,"vpn":0,"relay":0,"proxy":0,"hosting":0,"service":0},"uploaders":{"size":6,"mobile":1,"satellite":0,"tor":0,"tor_exit_nodes":0,"vpn":0,"relay":0,"proxy":0,"hosting":0,"service":0}},"geometry":{"type":"Point","coordinates":[35.94503,31.95522]}},{"type":"Feature","properties":{"country_code":"SWE","city":"Norrköping","geoname_id":"2688368","h3_hexagon":599131796231159807,"downloaders":{"size":38,"mobile":0,"satellite":0,"tor":0,"tor_exit_nodes":0,"vpn":0,"relay":0,"proxy":0,"hosting":0,"service":0},"uploaders":{"size":20,"mobile":0,"satellite":0,"tor":0,"tor_exit_nodes":0,"vpn":0,"relay":0,"proxy":0,"hosting":0,"service":0}},"geometry":{"type":"Point","coordinates":[16.1826,58.59419]}},{"type":"Feature","properties":{"country_code":"TUR","city":"Sivas","geoname_id":"300619","h3_hexagon":599772351948652543,"downloaders":{"size":38,"mobile":0,"satellite":0,"tor":0,"tor_exit_nodes":0,"vpn":0,"relay":0,"proxy":0,"hosting":0,"service":0},"uploaders":{"size":4,"mobile":0,"satellite":0,"tor":0,"tor_exit_nodes":0,"vpn":0,"relay":0,"proxy":0,"hosting":0,"service":0}},"geometry":{"type":"Point","coordinates":[37.01611,39.74833]}},{"type":"Feature","properties":{"country_code":"SWE","city":"Umeå","geoname_id":"602150","h3_hexagon":599136405804810239,"downloaders":{"size":37,"mobile":0,"satellite":0,"tor":0,"tor_exit_nodes":0,"vpn":0,"relay":0,"proxy":0,"hosting":0,"service":0},"uploaders":{"size":10,"mobile":0,"satellite":0,"tor":0,"tor_exit_nodes":0,"vpn":0,"relay":0,"proxy":0,"hosting":0,"service":0}},"geometry":{"type":"Point","coordinates":[20.25972,63.82842]}},{"type":"Feature","properties":{"country_code":"EGY","city":"Alexandria","geoname_id":"361058","h3_hexagon":600093356730613759,"downloaders":{"size":37,"mobile":0,"satellite":0,"tor":0,"tor_exit_nodes":0,"vpn":1,"relay":0,"proxy":0,"hosting":0,"service":0},"uploaders":{"size":3,"mobile":0,"satellite":0,"tor":0,"tor_exit_nodes":0,"vpn":0,"relay":0,"proxy":0,"hosting":0,"service":0}},"geometry":{"type":"Point","coordinates":[29.91582,31.20176]}},{"type":"Feature","properties":{"country_code":"USA","city":"Vancouver","geoname_id":"5814616","h3_hexagon":599698934851436543,"downloaders":{"size":37,"mobile":0,"satellite":0,"tor":0,"tor_exit_nodes":0,"vpn":1,"relay":0,"proxy":0,"hosting":0,"service":0},"uploaders":{"size":12,"mobile":0,"satellite":0,"tor":0,"tor_exit_nodes":0,"vpn":0,"relay":0,"proxy":0,"hosting":0,"service":0}},"geometry":{"type":"Point","coordinates":[-122.66149,45.63873]}},{"type":"Feature","properties":{"country_code":"USA","city":"McAllen","geoname_id":"4709796","h3_hexagon":600257725129031679,"downloaders":{"size":36,"mobile":0,"satellite":0,"tor":0,"tor_exit_nodes":0,"vpn":22,"relay":0,"proxy":0,"hosting":22,"service":22},"uploaders":{"size":10,"mobile":0,"satellite":0,"tor":0,"tor_exit_nodes":0,"vpn":4,"relay":0,"proxy":0,"hosting":4,"service":4}},"geometry":{"type":"Point","coordinates":[-98.23001,26.20341]}},{"type":"Feature","properties":{"country_code":"USA","city":"Bothell","geoname_id":"5787829","h3_hexagon":599697096605433855,"downloaders":{"size":36,"mobile":2,"satellite":0,"tor":0,"tor_exit_nodes":0,"vpn":4,"relay":0,"proxy":0,"hosting":0,"service":0},"uploaders":{"size":10,"mobile":0,"satellite":0,"tor":0,"tor_exit_nodes":0,"vpn":1,"relay":0,"proxy":0,"hosting":0,"service":0}},"geometry":{"type":"Point","coordinates":[-122.2054,47.76232]}},{"type":"Feature","properties":{"country_code":"ITA","city":"Florence","geoname_id":"3176959","h3_hexagon":599517649650581503,"downloaders":{"size":35,"mobile":0,"satellite":0,"tor":0,"tor_exit_nodes":0,"vpn":0,"relay":3,"proxy":0,"hosting":3,"service":3},"uploaders":{"size":3,"mobile":0,"satellite":0,"tor":0,"tor_exit_nodes":0,"vpn":0,"relay":0,"proxy":0,"hosting":0,"service":0}},"geometry":{"type":"Point","coordinates":[11.24626,43.77925]}},{"type":"Feature","properties":{"country_code":"ARG","city":"Córdoba","geoname_id":"3860259","h3_hexagon":602114794899636223,"downloaders":{"size":35,"mobile":0,"satellite":0,"tor":0,"tor_exit_nodes":0,"vpn":0,"relay":0,"proxy":0,"hosting":0,"service":0},"uploaders":{"size":12,"mobile":0,"satellite":0,"tor":0,"tor_exit_nodes":0,"vpn":0,"relay":0,"proxy":0,"hosting":0,"service":0}},"geometry":{"type":"Point","coordinates":[-64.18853,-31.40648]}},{"type":"Feature","properties":{"country_code":"UKR","city":"Kyiv","geoname_id":"703448","h3_hexagon":599513367568187391,"downloaders":{"size":35,"mobile":0,"satellite":0,"tor":0,"tor_exit_nodes":0,"vpn":10,"relay":0,"proxy":0,"hosting":10,"service":10},"uploaders":{"size":3,"mobile":0,"satellite":0,"tor":0,"tor_exit_nodes":0,"vpn":3,"relay":0,"proxy":0,"hosting":3,"service":3}},"geometry":{"type":"Point","coordinates":[30.583,50.5211]}},{"type":"Feature","properties":{"country_code":"FRA","city":"Ramonville-Saint-Agne","geoname_id":"2984493","h3_hexagon":599988109630767103,"downloaders":{"size":35,"mobile":8,"satellite":0,"tor":0,"tor_exit_nodes":0,"vpn":0,"relay":0,"proxy":0,"hosting":0,"service":0},"uploaders":{"size":3,"mobile":0,"satellite":0,"tor":0,"tor_exit_nodes":0,"vpn":0,"relay":0,"proxy":0,"hosting":0,"service":0}},"geometry":{"type":"Point","coordinates":[1.47491,43.54618]}},{"type":"Feature","properties":{"country_code":"BRA","city":"Campinas","geoname_id":"3467865","h3_hexagon":601935591684177919,"downloaders":{"size":35,"mobile":10,"satellite":0,"tor":0,"tor_exit_nodes":0,"vpn":0,"relay":0,"proxy":0,"hosting":0,"service":0},"uploaders":{"size":11,"mobile":8,"satellite":0,"tor":0,"tor_exit_nodes":0,"vpn":0,"relay":0,"proxy":0,"hosting":0,"service":0}},"geometry":{"type":"Point","coordinates":[-47.06083,-22.90556]}},{"type":"Feature","properties":{"country_code":"IND","city":"Kolkata","geoname_id":"1275004","h3_hexagon":600050965403402239,"downloaders":{"size":35,"mobile":14,"satellite":0,"tor":0,"tor_exit_nodes":0,"vpn":0,"relay":0,"proxy":0,"hosting":0,"service":0},"uploaders":{"size":6,"mobile":1,"satellite":0,"tor":0,"tor_exit_nodes":0,"vpn":0,"relay":0,"proxy":0,"hosting":0,"service":0}},"geometry":{"type":"Point","coordinates":[88.36304,22.56263]}},{"type":"Feature","properties":{"country_code":"USA","city":"Bowling Green","geoname_id":"5147968","h3_hexagon":599727848571273215,"downloaders":{"size":34,"mobile":3,"satellite":0,"tor":0,"tor_exit_nodes":0,"vpn":0,"relay":0,"proxy":0,"hosting":0,"service":0},"uploaders":{"size":12,"mobile":1,"satellite":0,"tor":0,"tor_exit_nodes":0,"vpn":0,"relay":0,"proxy":0,"hosting":0,"service":0}},"geometry":{"type":"Point","coordinates":[-83.65132,41.37477]}},{"type":"Feature","properties":{"country_code":"USA","city":"Jacksonville","geoname_id":"4160021","h3_hexagon":600191514986938367,"downloaders":{"size":34,"mobile":15,"satellite":0,"tor":1,"tor_exit_nodes":0,"vpn":0,"relay":0,"proxy":0,"hosting":1,"service":0},"uploaders":{"size":17,"mobile":10,"satellite":0,"tor":0,"tor_exit_nodes":0,"vpn":0,"relay":0,"proxy":0,"hosting":0,"service":0}},"geometry":{"type":"Point","coordinates":[-81.65565,30.33218]}},{"type":"Feature","properties":{"country_code":"CAN","city":"Mississauga","geoname_id":"6075357","h3_hexagon":599745921793654783,"downloaders":{"size":34,"mobile":1,"satellite":0,"tor":0,"tor_exit_nodes":0,"vpn":0,"relay":0,"proxy":0,"hosting":0,"service":0},"uploaders":{"size":8,"mobile":0,"satellite":0,"tor":0,"tor_exit_nodes":0,"vpn":0,"relay":0,"proxy":0,"hosting":0,"service":0}},"geometry":{"type":"Point","coordinates":[-79.6583,43.5789]}},{"type":"Feature","properties":{"country_code":"AUT","city":"Langenzersdorf","geoname_id":"2772998","h3_hexagon":599506949813305343,"downloaders":{"size":34,"mobile":0,"satellite":0,"tor":0,"tor_exit_nodes":0,"vpn":31,"relay":0,"proxy":0,"hosting":31,"service":31},"uploaders":{"size":25,"mobile":0,"satellite":0,"tor":0,"tor_exit_nodes":0,"vpn":25,"relay":0,"proxy":0,"hosting":25,"service":25}},"geometry":{"type":"Point","coordinates":[16.36143,48.30432]}},{"type":"Feature","properties":{"country_code":"LUX","city":"Luxembourg","geoname_id":"2960316","h3_hexagon":599535365316935679,"downloaders":{"size":34,"mobile":0,"satellite":0,"tor":0,"tor_exit_nodes":0,"vpn":2,"relay":0,"proxy":5,"hosting":7,"service":1},"uploaders":{"size":6,"mobile":0,"satellite":0,"tor":0,"tor_exit_nodes":0,"vpn":1,"relay":0,"proxy":0,"hosting":0,"service":0}},"geometry":{"type":"Point","coordinates":[6.13268,49.60982]}},{"type":"Feature","properties":{"country_code":"USA","city":"Bloomington","geoname_id":"5018739","h3_hexagon":599650334075256831,"downloaders":{"size":34,"mobile":4,"satellite":0,"tor":0,"tor_exit_nodes":0,"vpn":0,"relay":0,"proxy":0,"hosting":0,"service":0},"uploaders":{"size":23,"mobile":0,"satellite":0,"tor":0,"tor_exit_nodes":0,"vpn":0,"relay":0,"proxy":0,"hosting":0,"service":0}},"geometry":{"type":"Point","coordinates":[-93.29828,44.8408]}},{"type":"Feature","properties":{"country_code":"CHN","city":"Ningbo","geoname_id":"1799397","h3_hexagon":600301752838782975,"downloaders":{"size":34,"mobile":0,"satellite":0,"tor":0,"tor_exit_nodes":0,"vpn":1,"relay":0,"proxy":0,"hosting":2,"service":0},"uploaders":{"size":8,"mobile":0,"satellite":0,"tor":0,"tor_exit_nodes":0,"vpn":0,"relay":0,"proxy":0,"hosting":0,"service":0}},"geometry":{"type":"Point","coordinates":[121.54945,29.87819]}},{"type":"Feature","properties":{"country_code":"CAN","city":"Brampton","geoname_id":"5907364","h3_hexagon":599745920719912959,"downloaders":{"size":34,"mobile":1,"satellite":0,"tor":0,"tor_exit_nodes":0,"vpn":4,"relay":0,"proxy":0,"hosting":0,"service":0},"uploaders":{"size":11,"mobile":1,"satellite":0,"tor":0,"tor_exit_nodes":0,"vpn":1,"relay":0,"proxy":0,"hosting":0,"service":0}},"geometry":{"type":"Point","coordinates":[-79.76633,43.68341]}},{"type":"Feature","properties":{"country_code":"USA","city":"Miami","geoname_id":"4164138","h3_hexagon":600186133392916479,"downloaders":{"size":33,"mobile":0,"satellite":0,"tor":0,"tor_exit_nodes":0,"vpn":33,"relay":0,"proxy":0,"hosting":33,"service":33},"uploaders":{"size":7,"mobile":0,"satellite":0,"tor":0,"tor_exit_nodes":0,"vpn":7,"relay":0,"proxy":0,"hosting":7,"service":7}},"geometry":{"type":"Point","coordinates":[-80.3549,25.8141]}},{"type":"Feature","properties":{"country_code":"GBR","city":"Loughborough","geoname_id":"2643567","h3_hexagon":599423179697422335,"downloaders":{"size":33,"mobile":0,"satellite":0,"tor":0,"tor_exit_nodes":0,"vpn":0,"relay":0,"proxy":0,"hosting":0,"service":0},"uploaders":{"size":17,"mobile":0,"satellite":0,"tor":0,"tor_exit_nodes":0,"vpn":0,"relay":0,"proxy":0,"hosting":0,"service":0}},"geometry":{"type":"Point","coordinates":[-1.2,52.76667]}},{"type":"Feature","properties":{"country_code":"GBR","city":"Edinburgh","geoname_id":"2650225","h3_hexagon":599426421323988991,"downloaders":{"size":33,"mobile":9,"satellite":0,"tor":0,"tor_exit_nodes":0,"vpn":12,"relay":0,"proxy":0,"hosting":0,"service":11},"uploaders":{"size":11,"mobile":0,"satellite":0,"tor":0,"tor_exit_nodes":0,"vpn":10,"relay":0,"proxy":0,"hosting":0,"service":10}},"geometry":{"type":"Point","coordinates":[-3.19648,55.95206]}},{"type":"Feature","properties":{"country_code":"USA","city":"Colorado Springs","geoname_id":"5417598","h3_hexagon":599656904301477887,"downloaders":{"size":33,"mobile":0,"satellite":0,"tor":0,"tor_exit_nodes":0,"vpn":0,"relay":4,"proxy":0,"hosting":4,"service":4},"uploaders":{"size":12,"mobile":0,"satellite":0,"tor":0,"tor_exit_nodes":0,"vpn":0,"relay":1,"proxy":0,"hosting":1,"service":1}},"geometry":{"type":"Point","coordinates":[-104.82136,38.83388]}},{"type":"Feature","properties":{"country_code":"USA","city":"East Orange","geoname_id":"5097441","h3_hexagon":599718741093122047,"downloaders":{"size":33,"mobile":0,"satellite":0,"tor":0,"tor_exit_nodes":0,"vpn":1,"relay":0,"proxy":0,"hosting":26,"service":0},"uploaders":{"size":13,"mobile":0,"satellite":0,"tor":0,"tor_exit_nodes":0,"vpn":0,"relay":0,"proxy":0,"hosting":12,"service":0}},"geometry":{"type":"Point","coordinates":[-74.20487,40.76732]}},{"type":"Feature","properties":{"country_code":"FRA","city":"Longjumeau","geoname_id":"2997712","h3_hexagon":599536507778236415,"downloaders":{"size":33,"mobile":19,"satellite":0,"tor":0,"tor_exit_nodes":0,"vpn":0,"relay":0,"proxy":0,"hosting":0,"service":0},"uploaders":{"size":11,"mobile":11,"satellite":0,"tor":0,"tor_exit_nodes":0,"vpn":0,"relay":0,"proxy":0,"hosting":0,"service":0}},"geometry":{"type":"Point","coordinates":[2.29431,48.69307]}},{"type":"Feature","properties":{"country_code":"ITA","city":"Bologna","geoname_id":"3181928","h3_hexagon":599517535833948159,"downloaders":{"size":32,"mobile":1,"satellite":0,"tor":0,"tor_exit_nodes":0,"vpn":0,"relay":0,"proxy":0,"hosting":0,"service":0},"uploaders":{"size":10,"mobile":0,"satellite":0,"tor":0,"tor_exit_nodes":0,"vpn":0,"relay":0,"proxy":0,"hosting":0,"service":0}},"geometry":{"type":"Point","coordinates":[11.33875,44.49381]}},{"type":"Feature","properties":{"country_code":"NZL","city":"Wellington","geoname_id":"2179537","h3_hexagon":602271330351448063,"downloaders":{"size":32,"mobile":5,"satellite":0,"tor":0,"tor_exit_nodes":0,"vpn":0,"relay":0,"proxy":0,"hosting":13,"service":0},"uploaders":{"size":14,"mobile":0,"satellite":0,"tor":0,"tor_exit_nodes":0,"vpn":0,"relay":0,"proxy":0,"hosting":8,"service":0}},"geometry":{"type":"Point","coordinates":[174.77557,-41.28664]}},{"type":"Feature","properties":{"country_code":"USA","city":"Orlando","geoname_id":"4167147","h3_hexagon":600186634830348287,"downloaders":{"size":32,"mobile":3,"satellite":0,"tor":0,"tor_exit_nodes":0,"vpn":1,"relay":0,"proxy":0,"hosting":0,"service":0},"uploaders":{"size":13,"mobile":0,"satellite":0,"tor":0,"tor_exit_nodes":0,"vpn":1,"relay":0,"proxy":0,"hosting":0,"service":0}},"geometry":{"type":"Point","coordinates":[-81.37924,28.53834]}},{"type":"Feature","properties":{"country_code":"USA","city":"San Antonio","geoname_id":"4726206","h3_hexagon":600256113442553855,"downloaders":{"size":32,"mobile":2,"satellite":0,"tor":0,"tor_exit_nodes":0,"vpn":0,"relay":0,"proxy":0,"hosting":0,"service":0},"uploaders":{"size":12,"mobile":1,"satellite":0,"tor":0,"tor_exit_nodes":0,"vpn":0,"relay":0,"proxy":0,"hosting":0,"service":0}},"geometry":{"type":"Point","coordinates":[-98.49363,29.42412]}},{"type":"Feature","properties":{"country_code":"EGY","city":"Port Said","geoname_id":"358619","h3_hexagon":600076427043274751,"downloaders":{"size":32,"mobile":0,"satellite":0,"tor":0,"tor_exit_nodes":0,"vpn":0,"relay":0,"proxy":0,"hosting":0,"service":0},"uploaders":{"size":5,"mobile":0,"satellite":0,"tor":0,"tor_exit_nodes":0,"vpn":0,"relay":0,"proxy":0,"hosting":0,"service":0}},"geometry":{"type":"Point","coordinates":[32.3019,31.26531]}},{"type":"Feature","properties":{"country_code":"CAN","city":"Québec","geoname_id":"6325494","h3_hexagon":599747056738762751,"downloaders":{"size":32,"mobile":3,"satellite":0,"tor":0,"tor_exit_nodes":0,"vpn":0,"relay":0,"proxy":0,"hosting":0,"service":0},"uploaders":{"size":8,"mobile":0,"satellite":0,"tor":0,"tor_exit_nodes":0,"vpn":0,"relay":0,"proxy":0,"hosting":0,"service":0}},"geometry":{"type":"Point","coordinates":[-71.21454,46.81228]}},{"type":"Feature","properties":{"country_code":"ITA","city":"Palermo","geoname_id":"2523920","h3_hexagon":599517103115993087,"downloaders":{"size":32,"mobile":0,"satellite":0,"tor":0,"tor_exit_nodes":0,"vpn":20,"relay":0,"proxy":0,"hosting":22,"service":20},"uploaders":{"size":10,"mobile":0,"satellite":0,"tor":0,"tor_exit_nodes":0,"vpn":10,"relay":0,"proxy":0,"hosting":10,"service":10}},"geometry":{"type":"Point","coordinates":[13.3636,38.1166]}},{"type":"Feature","properties":{"country_code":"USA","city":"Washington","geoname_id":"4140963","h3_hexagon":599729188601069567,"downloaders":{"size":32,"mobile":0,"satellite":0,"tor":0,"tor_exit_nodes":0,"vpn":0,"relay":0,"proxy":0,"hosting":0,"service":0},"uploaders":{"size":9,"mobile":0,"satellite":0,"tor":0,"tor_exit_nodes":0,"vpn":0,"relay":0,"proxy":0,"hosting":0,"service":0}},"geometry":{"type":"Point","coordinates":[-77.0504,38.9014]}},{"type":"Feature","properties":{"country_code":"BEL","city":"Zaventem","geoname_id":"2783310","h3_hexagon":599535397529190399,"downloaders":{"size":32,"mobile":0,"satellite":0,"tor":0,"tor_exit_nodes":0,"vpn":32,"relay":0,"proxy":0,"hosting":32,"service":32},"uploaders":{"size":14,"mobile":0,"satellite":0,"tor":0,"tor_exit_nodes":0,"vpn":14,"relay":0,"proxy":0,"hosting":14,"service":14}},"geometry":{"type":"Point","coordinates":[4.47298,50.88365]}},{"type":"Feature","properties":{"country_code":"IND","city":"Dhanbad","geoname_id":"1272979","h3_hexagon":600045949955342335,"downloaders":{"size":31,"mobile":25,"satellite":0,"tor":0,"tor_exit_nodes":0,"vpn":0,"relay":0,"proxy":0,"hosting":0,"service":0},"uploaders":{"size":6,"mobile":6,"satellite":0,"tor":0,"tor_exit_nodes":0,"vpn":0,"relay":0,"proxy":0,"hosting":0,"service":0}},"geometry":{"type":"Point","coordinates":[86.42992,23.79759]}},{"type":"Feature","properties":{"country_code":"POL","city":"Toruń","geoname_id":"3083271","h3_hexagon":599530040631230463,"downloaders":{"size":31,"mobile":0,"satellite":0,"tor":0,"tor_exit_nodes":0,"vpn":10,"relay":0,"proxy":0,"hosting":10,"service":10},"uploaders":{"size":9,"mobile":0,"satellite":0,"tor":0,"tor_exit_nodes":0,"vpn":9,"relay":0,"proxy":0,"hosting":9,"service":9}},"geometry":{"type":"Point","coordinates":[18.59814,53.01375]}},{"type":"Feature","properties":{"country_code":"ZAF","city":"Cape Town","geoname_id":"3369157","h3_hexagon":602025915920154623,"downloaders":{"size":31,"mobile":1,"satellite":0,"tor":0,"tor_exit_nodes":0,"vpn":2,"relay":0,"proxy":0,"hosting":5,"service":0},"uploaders":{"size":3,"mobile":0,"satellite":0,"tor":0,"tor_exit_nodes":0,"vpn":0,"relay":0,"proxy":0,"hosting":0,"service":0}},"geometry":{"type":"Point","coordinates":[18.42322,-33.92584]}},{"type":"Feature","properties":{"country_code":"USA","city":"Lowell","geoname_id":"4942618","h3_hexagon":599720954075021311,"downloaders":{"size":31,"mobile":0,"satellite":0,"tor":0,"tor_exit_nodes":0,"vpn":0,"relay":0,"proxy":0,"hosting":0,"service":0},"uploaders":{"size":15,"mobile":0,"satellite":0,"tor":0,"tor_exit_nodes":0,"vpn":0,"relay":0,"proxy":0,"hosting":0,"service":0}},"geometry":{"type":"Point","coordinates":[-71.31617,42.63342]}},{"type":"Feature","properties":{"country_code":"USA","city":"Redmond","geoname_id":"5808079","h3_hexagon":599697095531692031,"downloaders":{"size":31,"mobile":0,"satellite":0,"tor":0,"tor_exit_nodes":0,"vpn":0,"relay":0,"proxy":0,"hosting":0,"service":0},"uploaders":{"size":16,"mobile":0,"satellite":0,"tor":0,"tor_exit_nodes":0,"vpn":0,"relay":0,"proxy":0,"hosting":0,"service":0}},"geometry":{"type":"Point","coordinates":[-122.12151,47.67399]}},{"type":"Feature","properties":{"country_code":"USA","city":"Oklahoma City","geoname_id":"4544349","h3_hexagon":599660555023679487,"downloaders":{"size":31,"mobile":13,"satellite":0,"tor":0,"tor_exit_nodes":0,"vpn":2,"relay":0,"proxy":0,"hosting":1,"service":1},"uploaders":{"size":3,"mobile":0,"satellite":0,"tor":0,"tor_exit_nodes":0,"vpn":0,"relay":0,"proxy":0,"hosting":0,"service":0}},"geometry":{"type":"Point","coordinates":[-97.51643,35.46756]}},{"type":"Feature","properties":{"country_code":"DEU","city":"Friedrichshafen","geoname_id":"2924585","h3_hexagon":599533916839215103,"downloaders":{"size":31,"mobile":0,"satellite":0,"tor":0,"tor_exit_nodes":0,"vpn":0,"relay":0,"proxy":0,"hosting":0,"service":0},"uploaders":{"size":9,"mobile":0,"satellite":0,"tor":0,"tor_exit_nodes":0,"vpn":0,"relay":0,"proxy":0,"hosting":0,"service":0}},"geometry":{"type":"Point","coordinates":[9.47554,47.65689]}},{"type":"Feature","properties":{"country_code":"NLD","city":"Roosendaal","geoname_id":"2747930","h3_hexagon":599535413635317759,"downloaders":{"size":31,"mobile":0,"satellite":0,"tor":0,"tor_exit_nodes":0,"vpn":4,"relay":0,"proxy":0,"hosting":16,"service":4},"uploaders":{"size":8,"mobile":0,"satellite":0,"tor":0,"tor_exit_nodes":0,"vpn":0,"relay":0,"proxy":0,"hosting":3,"service":0}},"geometry":{"type":"Point","coordinates":[4.46528,51.53083]}},{"type":"Feature","properties":{"country_code":"USA","city":"Westminster","geoname_id":"5443910","h3_hexagon":599656163419619327,"downloaders":{"size":30,"mobile":0,"satellite":0,"tor":0,"tor_exit_nodes":0,"vpn":0,"relay":0,"proxy":0,"hosting":0,"service":0},"uploaders":{"size":21,"mobile":0,"satellite":0,"tor":0,"tor_exit_nodes":0,"vpn":0,"relay":0,"proxy":0,"hosting":0,"service":0}},"geometry":{"type":"Point","coordinates":[-105.0372,39.83665]}},{"type":"Feature","properties":{"country_code":"ROU","city":"Timişoara","geoname_id":"665087","h3_hexagon":599508245819686911,"downloaders":{"size":30,"mobile":0,"satellite":0,"tor":0,"tor_exit_nodes":0,"vpn":0,"relay":0,"proxy":0,"hosting":0,"service":0},"uploaders":{"size":4,"mobile":0,"satellite":0,"tor":0,"tor_exit_nodes":0,"vpn":0,"relay":0,"proxy":0,"hosting":0,"service":0}},"geometry":{"type":"Point","coordinates":[21.22571,45.75372]}},{"type":"Feature","properties":{"country_code":"USA","city":"Saratoga Springs","geoname_id":"5136334","h3_hexagon":599744686990557183,"downloaders":{"size":30,"mobile":0,"satellite":0,"tor":0,"tor_exit_nodes":0,"vpn":0,"relay":0,"proxy":0,"hosting":0,"service":0},"uploaders":{"size":13,"mobile":0,"satellite":0,"tor":0,"tor_exit_nodes":0,"vpn":0,"relay":0,"proxy":0,"hosting":0,"service":0}},"geometry":{"type":"Point","coordinates":[-73.78457,43.08313]}},{"type":"Feature","properties":{"country_code":"NOR","city":"Trondheim","geoname_id":"3133880","h3_hexagon":599120969692348415,"downloaders":{"size":30,"mobile":0,"satellite":0,"tor":0,"tor_exit_nodes":0,"vpn":1,"relay":0,"proxy":0,"hosting":0,"service":0},"uploaders":{"size":5,"mobile":0,"satellite":0,"tor":0,"tor_exit_nodes":0,"vpn":0,"relay":0,"proxy":0,"hosting":0,"service":0}},"geometry":{"type":"Point","coordinates":[10.39506,63.43049]}},{"type":"Feature","properties":{"country_code":"USA","city":"Rancho Santa Margarita","geoname_id":"5386082","h3_hexagon":599711061691596799,"downloaders":{"size":30,"mobile":0,"satellite":0,"tor":0,"tor_exit_nodes":0,"vpn":1,"relay":0,"proxy":0,"hosting":0,"service":0},"uploaders":{"size":14,"mobile":0,"satellite":0,"tor":0,"tor_exit_nodes":0,"vpn":0,"relay":0,"proxy":0,"hosting":0,"service":0}},"geometry":{"type":"Point","coordinates":[-117.6031,33.64086]}},{"type":"Feature","properties":{"country_code":"NLD","city":"Zwolle","geoname_id":"2743477","h3_hexagon":599425811438632959,"downloaders":{"size":30,"mobile":0,"satellite":0,"tor":0,"tor_exit_nodes":0,"vpn":28,"relay":0,"proxy":1,"hosting":29,"service":28},"uploaders":{"size":16,"mobile":0,"satellite":0,"tor":0,"tor_exit_nodes":0,"vpn":16,"relay":0,"proxy":0,"hosting":16,"service":16}},"geometry":{"type":"Point","coordinates":[6.09444,52.5125]}},{"type":"Feature","properties":{"country_code":"MEX","city":"Chihuahua","geoname_id":"4014338","h3_hexagon":600247263662440447,"downloaders":{"size":30,"mobile":0,"satellite":0,"tor":0,"tor_exit_nodes":0,"vpn":0,"relay":0,"proxy":0,"hosting":0,"service":0},"uploaders":{"size":4,"mobile":0,"satellite":0,"tor":0,"tor_exit_nodes":0,"vpn":0,"relay":0,"proxy":0,"hosting":0,"service":0}},"geometry":{"type":"Point","coordinates":[-106.08889,28.63528]}},{"type":"Feature","properties":{"country_code":"USA","city":"Manchester","geoname_id":"5089178","h3_hexagon":599720945485086719,"downloaders":{"size":30,"mobile":0,"satellite":0,"tor":0,"tor_exit_nodes":0,"vpn":0,"relay":0,"proxy":0,"hosting":0,"service":0},"uploaders":{"size":14,"mobile":0,"satellite":0,"tor":0,"tor_exit_nodes":0,"vpn":0,"relay":0,"proxy":0,"hosting":0,"service":0}},"geometry":{"type":"Point","coordinates":[-71.45479,42.99564]}},{"type":"Feature","properties":{"country_code":"DEU","city":"Böblingen","geoname_id":"2947444","h3_hexagon":599535823804694527,"downloaders":{"size":29,"mobile":2,"satellite":0,"tor":0,"tor_exit_nodes":0,"vpn":0,"relay":0,"proxy":0,"hosting":0,"service":0},"uploaders":{"size":5,"mobile":0,"satellite":0,"tor":0,"tor_exit_nodes":0,"vpn":0,"relay":0,"proxy":0,"hosting":0,"service":0}},"geometry":{"type":"Point","coordinates":[9.01171,48.68212]}},{"type":"Feature","properties":{"country_code":"GBR","city":"Birkenhead","geoname_id":"2655613","h3_hexagon":599424123516485631,"downloaders":{"size":29,"mobile":12,"satellite":0,"tor":0,"tor_exit_nodes":0,"vpn":0,"relay":0,"proxy":0,"hosting":0,"service":0},"uploaders":{"size":6,"mobile":6,"satellite":0,"tor":0,"tor_exit_nodes":0,"vpn":0,"relay":0,"proxy":0,"hosting":0,"service":0}},"geometry":{"type":"Point","coordinates":[-3.01479,53.39337]}},{"type":"Feature","properties":{"country_code":"ITA","city":"Varese","geoname_id":"3164699","h3_hexagon":599534926156529663,"downloaders":{"size":29,"mobile":0,"satellite":0,"tor":0,"tor_exit_nodes":0,"vpn":20,"relay":0,"proxy":0,"hosting":0,"service":0},"uploaders":{"size":20,"mobile":0,"satellite":0,"tor":0,"tor_exit_nodes":0,"vpn":14,"relay":0,"proxy":0,"hosting":0,"service":0}},"geometry":{"type":"Point","coordinates":[8.82511,45.82058]}},{"type":"Feature","properties":{"country_code":"ITA","city":"Desio","geoname_id":"3177608","h3_hexagon":599534675974684671,"downloaders":{"size":28,"mobile":2,"satellite":0,"tor":0,"tor_exit_nodes":0,"vpn":0,"relay":0,"proxy":0,"hosting":0,"service":0},"uploaders":{"size":12,"mobile":0,"satellite":0,"tor":0,"tor_exit_nodes":0,"vpn":0,"relay":0,"proxy":0,"hosting":0,"service":0}},"geometry":{"type":"Point","coordinates":[9.20249,45.61831]}},{"type":"Feature","properties":{"country_code":"ARE","city":"Abu Dhabi","geoname_id":"292968","h3_hexagon":600168431685206015,"downloaders":{"size":28,"mobile":2,"satellite":0,"tor":0,"tor_exit_nodes":0,"vpn":0,"relay":0,"proxy":0,"hosting":0,"service":0},"uploaders":{"size":5,"mobile":0,"satellite":0,"tor":0,"tor_exit_nodes":0,"vpn":0,"relay":0,"proxy":0,"hosting":0,"service":0}},"geometry":{"type":"Point","coordinates":[54.39696,24.45118]}},{"type":"Feature","properties":{"country_code":"IND","city":"Rasapūdipalem","geoname_id":"1258393","h3_hexagon":600044384439762943,"downloaders":{"size":28,"mobile":17,"satellite":0,"tor":0,"tor_exit_nodes":0,"vpn":0,"relay":0,"proxy":0,"hosting":0,"service":0},"uploaders":{"size":14,"mobile":7,"satellite":0,"tor":0,"tor_exit_nodes":0,"vpn":0,"relay":0,"proxy":0,"hosting":0,"service":0}},"geometry":{"type":"Point","coordinates":[83.31622,17.73308]}},{"type":"Feature","properties":{"country_code":"USA","city":"Centreville","geoname_id":"4751839","h3_hexagon":599729348588601343,"downloaders":{"size":28,"mobile":0,"satellite":0,"tor":0,"tor_exit_nodes":0,"vpn":0,"relay":0,"proxy":0,"hosting":15,"service":0},"uploaders":{"size":5,"mobile":0,"satellite":0,"tor":0,"tor_exit_nodes":0,"vpn":0,"relay":0,"proxy":0,"hosting":2,"service":0}},"geometry":{"type":"Point","coordinates":[-77.42888,38.84039]}},{"type":"Feature","properties":{"country_code":"AUS","city":"Canberra","geoname_id":"2172517","h3_hexagon":602329154569895935,"downloaders":{"size":28,"mobile":3,"satellite":0,"tor":0,"tor_exit_nodes":0,"vpn":0,"relay":0,"proxy":0,"hosting":0,"service":0},"uploaders":{"size":13,"mobile":0,"satellite":0,"tor":0,"tor_exit_nodes":0,"vpn":0,"relay":0,"proxy":0,"hosting":0,"service":0}},"geometry":{"type":"Point","coordinates":[149.12807,-35.28346]}},{"type":"Feature","properties":{"country_code":"FRA","city":"Antibes","geoname_id":"3037456","h3_hexagon":599988766760763391,"downloaders":{"size":27,"mobile":5,"satellite":0,"tor":0,"tor_exit_nodes":0,"vpn":0,"relay":0,"proxy":0,"hosting":0,"service":0},"uploaders":{"size":3,"mobile":0,"satellite":0,"tor":0,"tor_exit_nodes":0,"vpn":0,"relay":0,"proxy":0,"hosting":0,"service":0}},"geometry":{"type":"Point","coordinates":[7.12487,43.58127]}},{"type":"Feature","properties":{"country_code":"NOR","city":"Stavanger","geoname_id":"3137115","h3_hexagon":599146059817549823,"downloaders":{"size":27,"mobile":0,"satellite":0,"tor":0,"tor_exit_nodes":0,"vpn":1,"relay":0,"proxy":0,"hosting":0,"service":0},"uploaders":{"size":3,"mobile":0,"satellite":0,"tor":0,"tor_exit_nodes":0,"vpn":0,"relay":0,"proxy":0,"hosting":0,"service":0}},"geometry":{"type":"Point","coordinates":[5.73332,58.97005]}},{"type":"Feature","properties":{"country_code":"BGD","city":"Kafrul","geoname_id":"1199503","h3_hexagon":600050847291801599,"downloaders":{"size":27,"mobile":0,"satellite":0,"tor":0,"tor_exit_nodes":0,"vpn":0,"relay":0,"proxy":0,"hosting":0,"service":0},"uploaders":{"size":17,"mobile":0,"satellite":0,"tor":0,"tor_exit_nodes":0,"vpn":0,"relay":0,"proxy":0,"hosting":0,"service":0}},"geometry":{"type":"Point","coordinates":[90.37359,23.78822]}},{"type":"Feature","properties":{"country_code":"UKR","city":"Bila Tserkva","geoname_id":"712165","h3_hexagon":599513352535801855,"downloaders":{"size":27,"mobile":0,"satellite":0,"tor":0,"tor_exit_nodes":0,"vpn":0,"relay":0,"proxy":0,"hosting":0,"service":0},"uploaders":{"size":6,"mobile":0,"satellite":0,"tor":0,"tor_exit_nodes":0,"vpn":0,"relay":0,"proxy":0,"hosting":0,"service":0}},"geometry":{"type":"Point","coordinates":[30.12851,49.8004]}},{"type":"Feature","properties":{"country_code":"USA","city":"Norfolk","geoname_id":"4776222","h3_hexagon":599734536909094911,"downloaders":{"size":27,"mobile":0,"satellite":0,"tor":0,"tor_exit_nodes":0,"vpn":0,"relay":0,"proxy":0,"hosting":0,"service":0},"uploaders":{"size":13,"mobile":0,"satellite":0,"tor":0,"tor_exit_nodes":0,"vpn":0,"relay":0,"proxy":0,"hosting":0,"service":0}},"geometry":{"type":"Point","coordinates":[-76.28522,36.84681]}},{"type":"Feature","properties":{"country_code":"DEU","city":"Wiesbaden","geoname_id":"2809346","h3_hexagon":599536104051310591,"downloaders":{"size":26,"mobile":0,"satellite":0,"tor":0,"tor_exit_nodes":0,"vpn":0,"relay":0,"proxy":0,"hosting":0,"service":0},"uploaders":{"size":9,"mobile":0,"satellite":0,"tor":0,"tor_exit_nodes":0,"vpn":0,"relay":0,"proxy":0,"hosting":0,"service":0}},"geometry":{"type":"Point","coordinates":[8.24435,50.08601]}},{"type":"Feature","properties":{"country_code":"USA","city":"Palo Alto","geoname_id":"5380748","h3_hexagon":599686043507097599,"downloaders":{"size":26,"mobile":0,"satellite":0,"tor":0,"tor_exit_nodes":0,"vpn":0,"relay":0,"proxy":0,"hosting":0,"service":0},"uploaders":{"size":12,"mobile":0,"satellite":0,"tor":0,"tor_exit_nodes":0,"vpn":0,"relay":0,"proxy":0,"hosting":0,"service":0}},"geometry":{"type":"Point","coordinates":[-122.14302,37.44188]}},{"type":"Feature","properties":{"country_code":"NLD","city":"Utrecht","geoname_id":"2745912","h3_hexagon":599425773857669119,"downloaders":{"size":26,"mobile":1,"satellite":0,"tor":0,"tor_exit_nodes":0,"vpn":0,"relay":0,"proxy":0,"hosting":0,"service":0},"uploaders":{"size":4,"mobile":0,"satellite":0,"tor":0,"tor_exit_nodes":0,"vpn":0,"relay":0,"proxy":0,"hosting":0,"service":0}},"geometry":{"type":"Point","coordinates":[5.12222,52.09083]}},{"type":"Feature","properties":{"country_code":"SGP","city":"Ulu Bedok","geoname_id":"1880159","h3_hexagon":600758219815518207,"downloaders":{"size":26,"mobile":0,"satellite":0,"tor":0,"tor_exit_nodes":0,"vpn":1,"relay":0,"proxy":0,"hosting":6,"service":1},"uploaders":{"size":7,"mobile":0,"satellite":0,"tor":0,"tor_exit_nodes":0,"vpn":0,"relay":0,"proxy":0,"hosting":0,"service":0}},"geometry":{"type":"Point","coordinates":[103.93333,1.33333]}},{"type":"Feature","properties":{"country_code":"USA","city":"Rochester","geoname_id":"5134086","h3_hexagon":599745738183802879,"downloaders":{"size":26,"mobile":0,"satellite":0,"tor":0,"tor_exit_nodes":0,"vpn":0,"relay":0,"proxy":0,"hosting":0,"service":0},"uploaders":{"size":14,"mobile":0,"satellite":0,"tor":0,"tor_exit_nodes":0,"vpn":0,"relay":0,"proxy":0,"hosting":0,"service":0}},"geometry":{"type":"Point","coordinates":[-77.61556,43.15478]}},{"type":"Feature","properties":{"country_code":"PHL","city":"Cebu City","geoname_id":"1717512","h3_hexagon":600813016082022399,"downloaders":{"size":25,"mobile":7,"satellite":0,"tor":0,"tor_exit_nodes":0,"vpn":1,"relay":0,"proxy":0,"hosting":0,"service":0},"uploaders":{"size":11,"mobile":1,"satellite":0,"tor":0,"tor_exit_nodes":0,"vpn":1,"relay":0,"proxy":0,"hosting":0,"service":0}},"geometry":{"type":"Point","coordinates":[123.89071,10.31672]}},{"type":"Feature","properties":{"country_code":"USA","city":"Boardman","geoname_id":"5714964","h3_hexagon":599692150950592511,"downloaders":{"size":25,"mobile":0,"satellite":0,"tor":0,"tor_exit_nodes":0,"vpn":0,"relay":0,"proxy":0,"hosting":25,"service":0},"uploaders":{"size":5,"mobile":0,"satellite":0,"tor":0,"tor_exit_nodes":0,"vpn":0,"relay":0,"proxy":0,"hosting":5,"service":0}},"geometry":{"type":"Point","coordinates":[-119.70058,45.83986]}},{"type":"Feature","properties":{"country_code":"USA","city":"Silver Spring","geoname_id":"4369596","h3_hexagon":599729185379844095,"downloaders":{"size":25,"mobile":0,"satellite":0,"tor":0,"tor_exit_nodes":0,"vpn":0,"relay":0,"proxy":0,"hosting":0,"service":0},"uploaders":{"size":17,"mobile":0,"satellite":0,"tor":0,"tor_exit_nodes":0,"vpn":0,"relay":0,"proxy":0,"hosting":0,"service":0}},"geometry":{"type":"Point","coordinates":[-77.02609,38.99067]}},{"type":"Feature","properties":{"country_code":"JPN","city":"Fuchū","geoname_id":"11611632","h3_hexagon":599811891417579519,"downloaders":{"size":25,"mobile":15,"satellite":0,"tor":0,"tor_exit_nodes":0,"vpn":0,"relay":0,"proxy":0,"hosting":0,"service":0},"uploaders":{"size":9,"mobile":9,"satellite":0,"tor":0,"tor_exit_nodes":0,"vpn":0,"relay":0,"proxy":0,"hosting":0,"service":0}},"geometry":{"type":"Point","coordinates":[139.48216,35.67452]}},{"type":"Feature","properties":{"country_code":"NLD","city":"Medemblik","geoname_id":"2751073","h3_hexagon":599425745940381695,"downloaders":{"size":25,"mobile":0,"satellite":0,"tor":0,"tor_exit_nodes":0,"vpn":24,"relay":0,"proxy":0,"hosting":24,"service":23},"uploaders":{"size":8,"mobile":0,"satellite":0,"tor":0,"tor_exit_nodes":0,"vpn":8,"relay":0,"proxy":0,"hosting":8,"service":7}},"geometry":{"type":"Point","coordinates":[5.10556,52.77167]}},{"type":"Feature","properties":{"country_code":"USA","city":"Royal Oak","geoname_id":"5007804","h3_hexagon":599729906934349823,"downloaders":{"size":24,"mobile":1,"satellite":0,"tor":0,"tor_exit_nodes":0,"vpn":0,"relay":0,"proxy":0,"hosting":0,"service":0},"uploaders":{"size":11,"mobile":1,"satellite":0,"tor":0,"tor_exit_nodes":0,"vpn":0,"relay":0,"proxy":0,"hosting":0,"service":0}},"geometry":{"type":"Point","coordinates":[-83.14465,42.48948]}},{"type":"Feature","properties":{"country_code":"BRA","city":"Recife","geoname_id":"3390760","h3_hexagon":601257186567389183,"downloaders":{"size":24,"mobile":0,"satellite":0,"tor":0,"tor_exit_nodes":0,"vpn":0,"relay":0,"proxy":0,"hosting":0,"service":0},"uploaders":{"size":10,"mobile":0,"satellite":0,"tor":0,"tor_exit_nodes":0,"vpn":0,"relay":0,"proxy":0,"hosting":0,"service":0}},"geometry":{"type":"Point","coordinates":[-34.88111,-8.05389]}},{"type":"Feature","properties":{"country_code":"DEU","city":"Hannover","geoname_id":"2910831","h3_hexagon":599525301134819327,"downloaders":{"size":24,"mobile":0,"satellite":0,"tor":0,"tor_exit_nodes":0,"vpn":1,"relay":0,"proxy":0,"hosting":0,"service":0},"uploaders":{"size":3,"mobile":0,"satellite":0,"tor":0,"tor_exit_nodes":0,"vpn":0,"relay":0,"proxy":0,"hosting":0,"service":0}},"geometry":{"type":"Point","coordinates":[9.73322,52.37052]}},{"type":"Feature","properties":{"country_code":"USA","city":"Floral Park","geoname_id":"5117438","h3_hexagon":599718723913252863,"downloaders":{"size":24,"mobile":0,"satellite":0,"tor":0,"tor_exit_nodes":0,"vpn":0,"relay":0,"proxy":0,"hosting":0,"service":0},"uploaders":{"size":14,"mobile":0,"satellite":0,"tor":0,"tor_exit_nodes":0,"vpn":0,"relay":0,"proxy":0,"hosting":0,"service":0}},"geometry":{"type":"Point","coordinates":[-73.70485,40.72371]}},{"type":"Feature","properties":{"country_code":"DEU","city":"Düsseldorf","geoname_id":"2934246","h3_hexagon":599535458732474367,"downloaders":{"size":24,"mobile":1,"satellite":0,"tor":0,"tor_exit_nodes":0,"vpn":3,"relay":0,"proxy":0,"hosting":6,"service":3},"uploaders":{"size":3,"mobile":0,"satellite":0,"tor":0,"tor_exit_nodes":0,"vpn":0,"relay":0,"proxy":0,"hosting":0,"service":0}},"geometry":{"type":"Point","coordinates":[6.7743,51.2249]}},{"type":"Feature","properties":{"country_code":"NLD","city":"Heerhugowaard","geoname_id":"2754659","h3_hexagon":599425749161607167,"downloaders":{"size":24,"mobile":0,"satellite":0,"tor":0,"tor_exit_nodes":0,"vpn":17,"relay":0,"proxy":0,"hosting":18,"service":17},"uploaders":{"size":8,"mobile":0,"satellite":0,"tor":0,"tor_exit_nodes":0,"vpn":8,"relay":0,"proxy":0,"hosting":8,"service":8}},"geometry":{"type":"Point","coordinates":[4.84862,52.67144]}},{"type":"Feature","properties":{"country_code":"DNK","city":"Århus","geoname_id":"2624652","h3_hexagon":599526495135727615,"downloaders":{"size":24,"mobile":0,"satellite":0,"tor":0,"tor_exit_nodes":0,"vpn":1,"relay":0,"proxy":0,"hosting":0,"service":0},"uploaders":{"size":11,"mobile":0,"satellite":0,"tor":0,"tor_exit_nodes":0,"vpn":0,"relay":0,"proxy":0,"hosting":0,"service":0}},"geometry":{"type":"Point","coordinates":[10.21076,56.15674]}},{"type":"Feature","properties":{"country_code":"COL","city":"Barrio San Luis","geoname_id":"9031040","h3_hexagon":600788833268662271,"downloaders":{"size":23,"mobile":0,"satellite":0,"tor":0,"tor_exit_nodes":0,"vpn":23,"relay":0,"proxy":0,"hosting":23,"service":23},"uploaders":{"size":19,"mobile":0,"satellite":0,"tor":0,"tor_exit_nodes":0,"vpn":19,"relay":0,"proxy":0,"hosting":19,"service":19}},"geometry":{"type":"Point","coordinates":[-74.08,4.7115]}},{"type":"Feature","properties":{"country_code":"DNK","city":"Sønderborg","geoname_id":"2613102","h3_hexagon":599527487273172991,"downloaders":{"size":23,"mobile":0,"satellite":0,"tor":0,"tor_exit_nodes":0,"vpn":0,"relay":0,"proxy":0,"hosting":0,"service":0},"uploaders":{"size":20,"mobile":0,"satellite":0,"tor":0,"tor_exit_nodes":0,"vpn":0,"relay":0,"proxy":0,"hosting":0,"service":0}},"geometry":{"type":"Point","coordinates":[9.78917,54.90896]}},{"type":"Feature","properties":{"country_code":"USA","city":"Lacey","geoname_id":"5800112","h3_hexagon":599699164632186879,"downloaders":{"size":23,"mobile":0,"satellite":0,"tor":0,"tor_exit_nodes":0,"vpn":0,"relay":0,"proxy":0,"hosting":0,"service":0},"uploaders":{"size":19,"mobile":0,"satellite":0,"tor":0,"tor_exit_nodes":0,"vpn":0,"relay":0,"proxy":0,"hosting":0,"service":0}},"geometry":{"type":"Point","coordinates":[-122.82319,47.03426]}},{"type":"Feature","properties":{"country_code":"IND","city":"Pune","geoname_id":"1259229","h3_hexagon":600676968697954303,"downloaders":{"size":23,"mobile":1,"satellite":0,"tor":0,"tor_exit_nodes":0,"vpn":0,"relay":0,"proxy":0,"hosting":0,"service":0},"uploaders":{"size":7,"mobile":0,"satellite":0,"tor":0,"tor_exit_nodes":0,"vpn":0,"relay":0,"proxy":0,"hosting":0,"service":0}},"geometry":{"type":"Point","coordinates":[73.85535,18.51957]}},{"type":"Feature","properties":{"country_code":"USA","city":"Louisville","geoname_id":"4299276","h3_hexagon":599654436842766335,"downloaders":{"size":23,"mobile":0,"satellite":1,"tor":0,"tor_exit_nodes":0,"vpn":2,"relay":0,"proxy":0,"hosting":1,"service":1},"uploaders":{"size":6,"mobile":0,"satellite":0,"tor":0,"tor_exit_nodes":0,"vpn":1,"relay":0,"proxy":0,"hosting":0,"service":0}},"geometry":{"type":"Point","coordinates":[-85.75941,38.25424]}},{"type":"Feature","properties":{"country_code":"TWN","city":"Zhubei","geoname_id":"1677112","h3_hexagon":600309164878594047,"downloaders":{"size":23,"mobile":0,"satellite":0,"tor":0,"tor_exit_nodes":0,"vpn":2,"relay":0,"proxy":0,"hosting":0,"service":0},"uploaders":{"size":4,"mobile":0,"satellite":0,"tor":0,"tor_exit_nodes":0,"vpn":0,"relay":0,"proxy":0,"hosting":0,"service":0}},"geometry":{"type":"Point","coordinates":[121.00778,24.83833]}},{"type":"Feature","properties":{"country_code":"CAN","city":"Markham","geoname_id":"6066513","h3_hexagon":599745689865420799,"downloaders":{"size":22,"mobile":1,"satellite":0,"tor":0,"tor_exit_nodes":0,"vpn":9,"relay":0,"proxy":0,"hosting":0,"service":0},"uploaders":{"size":10,"mobile":0,"satellite":0,"tor":0,"tor_exit_nodes":0,"vpn":9,"relay":0,"proxy":0,"hosting":0,"service":0}},"geometry":{"type":"Point","coordinates":[-79.2663,43.86682]}},{"type":"Feature","properties":{"country_code":"FRA","city":"Vif","geoname_id":"2969160","h3_hexagon":599534225003118591,"downloaders":{"size":22,"mobile":2,"satellite":0,"tor":0,"tor_exit_nodes":0,"vpn":0,"relay":0,"proxy":0,"hosting":0,"service":0},"uploaders":{"size":7,"mobile":0,"satellite":0,"tor":0,"tor_exit_nodes":0,"vpn":0,"relay":0,"proxy":0,"hosting":0,"service":0}},"geometry":{"type":"Point","coordinates":[5.67204,45.05654]}},{"type":"Feature","properties":{"country_code":"FRA","city":"Poissy","geoname_id":"2986501","h3_hexagon":599536508851978239,"downloaders":{"size":22,"mobile":2,"satellite":0,"tor":0,"tor_exit_nodes":0,"vpn":0,"relay":0,"proxy":0,"hosting":0,"service":0},"uploaders":{"size":5,"mobile":0,"satellite":0,"tor":0,"tor_exit_nodes":0,"vpn":0,"relay":0,"proxy":0,"hosting":0,"service":0}},"geometry":{"type":"Point","coordinates":[2.04952,48.92902]}},{"type":"Feature","properties":{"country_code":"USA","city":"Burbank","geoname_id":"5331835","h3_hexagon":599711147590942719,"downloaders":{"size":22,"mobile":0,"satellite":0,"tor":0,"tor_exit_nodes":0,"vpn":0,"relay":0,"proxy":0,"hosting":0,"service":0},"uploaders":{"size":12,"mobile":0,"satellite":0,"tor":0,"tor_exit_nodes":0,"vpn":0,"relay":0,"proxy":0,"hosting":0,"service":0}},"geometry":{"type":"Point","coordinates":[-118.30897,34.18084]}},{"type":"Feature","properties":{"country_code":"USA","city":"Patterson","geoname_id":"5381515","h3_hexagon":599686187388502015,"downloaders":{"size":22,"mobile":0,"satellite":0,"tor":0,"tor_exit_nodes":0,"vpn":0,"relay":0,"proxy":0,"hosting":0,"service":0},"uploaders":{"size":18,"mobile":0,"satellite":0,"tor":0,"tor_exit_nodes":0,"vpn":0,"relay":0,"proxy":0,"hosting":0,"service":0}},"geometry":{"type":"Point","coordinates":[-121.12966,37.4716]}},{"type":"Feature","properties":{"country_code":"USA","city":"Summit","geoname_id":"5105127","h3_hexagon":599718755051765759,"downloaders":{"size":22,"mobile":0,"satellite":0,"tor":0,"tor_exit_nodes":0,"vpn":1,"relay":0,"proxy":0,"hosting":0,"service":0},"uploaders":{"size":14,"mobile":0,"satellite":0,"tor":0,"tor_exit_nodes":0,"vpn":0,"relay":0,"proxy":0,"hosting":0,"service":0}},"geometry":{"type":"Point","coordinates":[-74.36468,40.71562]}},{"type":"Feature","properties":{"country_code":"USA","city":"Weatherford","geoname_id":"4740364","h3_hexagon":599661148802908159,"downloaders":{"size":22,"mobile":1,"satellite":0,"tor":0,"tor_exit_nodes":0,"vpn":0,"relay":0,"proxy":0,"hosting":0,"service":0},"uploaders":{"size":11,"mobile":0,"satellite":0,"tor":0,"tor_exit_nodes":0,"vpn":0,"relay":0,"proxy":0,"hosting":0,"service":0}},"geometry":{"type":"Point","coordinates":[-97.79725,32.7593]}},{"type":"Feature","properties":{"country_code":"USA","city":"Fairfield","geoname_id":"5347335","h3_hexagon":599685739638161407,"downloaders":{"size":22,"mobile":0,"satellite":0,"tor":0,"tor_exit_nodes":0,"vpn":0,"relay":0,"proxy":0,"hosting":0,"service":0},"uploaders":{"size":12,"mobile":0,"satellite":0,"tor":0,"tor_exit_nodes":0,"vpn":0,"relay":0,"proxy":0,"hosting":0,"service":0}},"geometry":{"type":"Point","coordinates":[-122.03997,38.24936]}},{"type":"Feature","properties":{"country_code":"DEU","city":"Dresden","geoname_id":"2935022","h3_hexagon":599525987255844863,"downloaders":{"size":22,"mobile":0,"satellite":0,"tor":0,"tor_exit_nodes":0,"vpn":0,"relay":0,"proxy":0,"hosting":0,"service":0},"uploaders":{"size":10,"mobile":0,"satellite":0,"tor":0,"tor_exit_nodes":0,"vpn":0,"relay":0,"proxy":0,"hosting":0,"service":0}},"geometry":{"type":"Point","coordinates":[13.73832,51.05089]}},{"type":"Feature","properties":{"country_code":"CAN","city":"Saskatoon","geoname_id":"6141256","h3_hexagon":599301529043730431,"downloaders":{"size":22,"mobile":4,"satellite":0,"tor":0,"tor_exit_nodes":0,"vpn":0,"relay":0,"proxy":0,"hosting":0,"service":0},"uploaders":{"size":10,"mobile":0,"satellite":0,"tor":0,"tor_exit_nodes":0,"vpn":0,"relay":0,"proxy":0,"hosting":0,"service":0}},"geometry":{"type":"Point","coordinates":[-106.66892,52.13238]}},{"type":"Feature","properties":{"country_code":"USA","city":"Brea","geoname_id":"5330582","h3_hexagon":599711070281531391,"downloaders":{"size":22,"mobile":0,"satellite":0,"tor":0,"tor_exit_nodes":0,"vpn":0,"relay":0,"proxy":0,"hosting":0,"service":0},"uploaders":{"size":8,"mobile":0,"satellite":0,"tor":0,"tor_exit_nodes":0,"vpn":0,"relay":0,"proxy":0,"hosting":0,"service":0}},"geometry":{"type":"Point","coordinates":[-117.90006,33.91668]}},{"type":"Feature","properties":{"country_code":"ROU","city":"Ploieşti","geoname_id":"670474","h3_hexagon":599522741334310911,"downloaders":{"size":22,"mobile":0,"satellite":0,"tor":0,"tor_exit_nodes":0,"vpn":4,"relay":0,"proxy":0,"hosting":0,"service":0},"uploaders":{"size":3,"mobile":0,"satellite":0,"tor":0,"tor_exit_nodes":0,"vpn":0,"relay":0,"proxy":0,"hosting":0,"service":0}},"geometry":{"type":"Point","coordinates":[26.01667,44.95]}},{"type":"Feature","properties":{"country_code":"USA","city":"Columbia","geoname_id":"4352053","h3_hexagon":599729222960807935,"downloaders":{"size":21,"mobile":0,"satellite":0,"tor":0,"tor_exit_nodes":0,"vpn":0,"relay":0,"proxy":0,"hosting":0,"service":0},"uploaders":{"size":14,"mobile":0,"satellite":0,"tor":0,"tor_exit_nodes":0,"vpn":0,"relay":0,"proxy":0,"hosting":0,"service":0}},"geometry":{"type":"Point","coordinates":[-76.83942,39.24038]}},{"type":"Feature","properties":{"country_code":"SWE","city":"Skellefteå","geoname_id":"602913","h3_hexagon":599135993487949823,"downloaders":{"size":21,"mobile":0,"satellite":0,"tor":0,"tor_exit_nodes":0,"vpn":0,"relay":0,"proxy":0,"hosting":0,"service":0},"uploaders":{"size":5,"mobile":0,"satellite":0,"tor":0,"tor_exit_nodes":0,"vpn":0,"relay":0,"proxy":0,"hosting":0,"service":0}},"geometry":{"type":"Point","coordinates":[20.95279,64.75067]}},{"type":"Feature","properties":{"country_code":"ISL","city":"Reykjanesbær","geoname_id":"8644037","h3_hexagon":599108287727665151,"downloaders":{"size":21,"mobile":0,"satellite":0,"tor":0,"tor_exit_nodes":0,"vpn":21,"relay":0,"proxy":0,"hosting":21,"service":21},"uploaders":{"size":13,"mobile":0,"satellite":0,"tor":0,"tor_exit_nodes":0,"vpn":13,"relay":0,"proxy":0,"hosting":13,"service":13}},"geometry":{"type":"Point","coordinates":[-22.56111,63.99813]}},{"type":"Feature","properties":{"country_code":"HRV","city":"Rijeka","geoname_id":"3191648","h3_hexagon":599507781963218943,"downloaders":{"size":21,"mobile":0,"satellite":0,"tor":0,"tor_exit_nodes":0,"vpn":0,"relay":0,"proxy":0,"hosting":0,"service":0},"uploaders":{"size":6,"mobile":0,"satellite":0,"tor":0,"tor_exit_nodes":0,"vpn":0,"relay":0,"proxy":0,"hosting":0,"service":0}},"geometry":{"type":"Point","coordinates":[14.44241,45.32673]}},{"type":"Feature","properties":{"country_code":"USA","city":"Rancho Cordova","geoname_id":"5385941","h3_hexagon":599685924321755135,"downloaders":{"size":21,"mobile":0,"satellite":0,"tor":0,"tor_exit_nodes":0,"vpn":0,"relay":0,"proxy":0,"hosting":0,"service":0},"uploaders":{"size":6,"mobile":0,"satellite":0,"tor":0,"tor_exit_nodes":0,"vpn":0,"relay":0,"proxy":0,"hosting":0,"service":0}},"geometry":{"type":"Point","coordinates":[-121.30273,38.58907]}},{"type":"Feature","properties":{"country_code":"USA","city":"Wichita","geoname_id":"4281730","h3_hexagon":599662906518274047,"downloaders":{"size":21,"mobile":2,"satellite":0,"tor":0,"tor_exit_nodes":0,"vpn":0,"relay":0,"proxy":0,"hosting":0,"service":0},"uploaders":{"size":8,"mobile":0,"satellite":0,"tor":0,"tor_exit_nodes":0,"vpn":0,"relay":0,"proxy":0,"hosting":0,"service":0}},"geometry":{"type":"Point","coordinates":[-97.33754,37.69224]}},{"type":"Feature","properties":{"country_code":"GBR","city":"Kingston upon Hull","geoname_id":"2645425","h3_hexagon":599422971391508479,"downloaders":{"size":21,"mobile":0,"satellite":0,"tor":0,"tor_exit_nodes":0,"vpn":0,"relay":0,"proxy":0,"hosting":0,"service":0},"uploaders":{"size":5,"mobile":0,"satellite":0,"tor":0,"tor_exit_nodes":0,"vpn":0,"relay":0,"proxy":0,"hosting":0,"service":0}},"geometry":{"type":"Point","coordinates":[-0.33525,53.7446]}},{"type":"Feature","properties":{"country_code":"USA","city":"Indianapolis","geoname_id":"4259418","h3_hexagon":599653963322621951,"downloaders":{"size":21,"mobile":9,"satellite":0,"tor":0,"tor_exit_nodes":0,"vpn":0,"relay":0,"proxy":0,"hosting":0,"service":0},"uploaders":{"size":5,"mobile":5,"satellite":0,"tor":0,"tor_exit_nodes":0,"vpn":0,"relay":0,"proxy":0,"hosting":0,"service":0}},"geometry":{"type":"Point","coordinates":[-86.15804,39.76838]}},{"type":"Feature","properties":{"country_code":"USA","city":"Duluth","geoname_id":"5024719","h3_hexagon":599670791004487679,"downloaders":{"size":21,"mobile":0,"satellite":0,"tor":0,"tor_exit_nodes":0,"vpn":0,"relay":0,"proxy":0,"hosting":0,"service":0},"uploaders":{"size":6,"mobile":0,"satellite":0,"tor":0,"tor_exit_nodes":0,"vpn":0,"relay":0,"proxy":0,"hosting":0,"service":0}},"geometry":{"type":"Point","coordinates":[-92.10658,46.78327]}},{"type":"Feature","properties":{"country_code":"CYP","city":"Nicosia","geoname_id":"146268","h3_hexagon":599781691355037695,"downloaders":{"size":21,"mobile":0,"satellite":0,"tor":0,"tor_exit_nodes":0,"vpn":1,"relay":0,"proxy":0,"hosting":1,"service":1},"uploaders":{"size":5,"mobile":0,"satellite":0,"tor":0,"tor_exit_nodes":0,"vpn":0,"relay":0,"proxy":0,"hosting":0,"service":0}},"geometry":{"type":"Point","coordinates":[33.35397,35.17284]}},{"type":"Feature","properties":{"country_code":"USA","city":"Fremont","geoname_id":"5350734","h3_hexagon":599686038138388479,"downloaders":{"size":21,"mobile":0,"satellite":0,"tor":0,"tor_exit_nodes":0,"vpn":3,"relay":0,"proxy":0,"hosting":6,"service":3},"uploaders":{"size":4,"mobile":0,"satellite":0,"tor":0,"tor_exit_nodes":0,"vpn":0,"relay":0,"proxy":0,"hosting":1,"service":0}},"geometry":{"type":"Point","coordinates":[-121.98857,37.54827]}},{"type":"Feature","properties":{"country_code":"FRA","city":"Aix-en-Provence","geoname_id":"3038354","h3_hexagon":599988702336253951,"downloaders":{"size":21,"mobile":1,"satellite":0,"tor":0,"tor_exit_nodes":0,"vpn":0,"relay":0,"proxy":0,"hosting":0,"service":0},"uploaders":{"size":3,"mobile":0,"satellite":0,"tor":0,"tor_exit_nodes":0,"vpn":0,"relay":0,"proxy":0,"hosting":0,"service":0}},"geometry":{"type":"Point","coordinates":[5.44973,43.5283]}},{"type":"Feature","properties":{"country_code":"SWE","city":"Linköping","geoname_id":"2694762","h3_hexagon":599131845623283711,"downloaders":{"size":20,"mobile":0,"satellite":0,"tor":0,"tor_exit_nodes":0,"vpn":1,"relay":0,"proxy":0,"hosting":0,"service":0},"uploaders":{"size":9,"mobile":0,"satellite":0,"tor":0,"tor_exit_nodes":0,"vpn":0,"relay":0,"proxy":0,"hosting":0,"service":0}},"geometry":{"type":"Point","coordinates":[15.62157,58.41086]}},{"type":"Feature","properties":{"country_code":"USA","city":"Cleveland","geoname_id":"5150529","h3_hexagon":599729961695182847,"downloaders":{"size":20,"mobile":7,"satellite":0,"tor":0,"tor_exit_nodes":0,"vpn":0,"relay":0,"proxy":0,"hosting":0,"service":0},"uploaders":{"size":9,"mobile":4,"satellite":0,"tor":0,"tor_exit_nodes":0,"vpn":0,"relay":0,"proxy":0,"hosting":0,"service":0}},"geometry":{"type":"Point","coordinates":[-81.69541,41.4995]}},{"type":"Feature","properties":{"country_code":"NLD","city":"Heerlen","geoname_id":"2754652","h3_hexagon":599535151642312703,"downloaders":{"size":20,"mobile":0,"satellite":0,"tor":0,"tor_exit_nodes":0,"vpn":0,"relay":0,"proxy":0,"hosting":16,"service":0},"uploaders":{"size":8,"mobile":0,"satellite":0,"tor":0,"tor_exit_nodes":0,"vpn":0,"relay":0,"proxy":0,"hosting":8,"service":0}},"geometry":{"type":"Point","coordinates":[5.98154,50.88365]}},{"type":"Feature","properties":{"country_code":"IND","city":"Puducherry","geoname_id":"1259425","h3_hexagon":600696976803102719,"downloaders":{"size":20,"mobile":0,"satellite":0,"tor":0,"tor_exit_nodes":0,"vpn":0,"relay":0,"proxy":0,"hosting":0,"service":0},"uploaders":{"size":6,"mobile":0,"satellite":0,"tor":0,"tor_exit_nodes":0,"vpn":0,"relay":0,"proxy":0,"hosting":0,"service":0}},"geometry":{"type":"Point","coordinates":[79.82979,11.93381]}},{"type":"Feature","properties":{"country_code":"USA","city":"Tampa","geoname_id":"4174757","h3_hexagon":600176843378655231,"downloaders":{"size":19,"mobile":0,"satellite":0,"tor":0,"tor_exit_nodes":0,"vpn":0,"relay":0,"proxy":0,"hosting":0,"service":0},"uploaders":{"size":3,"mobile":0,"satellite":0,"tor":0,"tor_exit_nodes":0,"vpn":0,"relay":0,"proxy":0,"hosting":0,"service":0}},"geometry":{"type":"Point","coordinates":[-82.45843,27.94752]}},{"type":"Feature","properties":{"country_code":"PAK","city":"Rawalpindi","geoname_id":"1166993","h3_hexagon":600147086771486719,"downloaders":{"size":19,"mobile":1,"satellite":0,"tor":0,"tor_exit_nodes":0,"vpn":0,"relay":0,"proxy":0,"hosting":0,"service":0},"uploaders":{"size":7,"mobile":0,"satellite":0,"tor":0,"tor_exit_nodes":0,"vpn":0,"relay":0,"proxy":0,"hosting":0,"service":0}},"geometry":{"type":"Point","coordinates":[73.0479,33.59733]}},{"type":"Feature","properties":{"country_code":"PRT","city":"Faro","geoname_id":"2268339","h3_hexagon":599982697971974143,"downloaders":{"size":19,"mobile":1,"satellite":0,"tor":0,"tor_exit_nodes":0,"vpn":0,"relay":0,"proxy":0,"hosting":0,"service":0},"uploaders":{"size":11,"mobile":0,"satellite":0,"tor":0,"tor_exit_nodes":0,"vpn":0,"relay":0,"proxy":0,"hosting":0,"service":0}},"geometry":{"type":"Point","coordinates":[-7.92716,37.01869]}},{"type":"Feature","properties":{"country_code":"CAN","city":"Niagara Falls","geoname_id":"6087892","h3_hexagon":599745879917723647,"downloaders":{"size":19,"mobile":0,"satellite":0,"tor":0,"tor_exit_nodes":0,"vpn":0,"relay":0,"proxy":0,"hosting":0,"service":0},"uploaders":{"size":12,"mobile":0,"satellite":0,"tor":0,"tor_exit_nodes":0,"vpn":0,"relay":0,"proxy":0,"hosting":0,"service":0}},"geometry":{"type":"Point","coordinates":[-79.06627,43.10012]}},{"type":"Feature","properties":{"country_code":"SVK","city":"Nitra","geoname_id":"3058531","h3_hexagon":599506702852685823,"downloaders":{"size":19,"mobile":0,"satellite":0,"tor":0,"tor_exit_nodes":0,"vpn":0,"relay":0,"proxy":0,"hosting":0,"service":0},"uploaders":{"size":6,"mobile":0,"satellite":0,"tor":0,"tor_exit_nodes":0,"vpn":0,"relay":0,"proxy":0,"hosting":0,"service":0}},"geometry":{"type":"Point","coordinates":[18.08453,48.30763]}},{"type":"Feature","properties":{"country_code":"USA","city":"Fort Wayne","geoname_id":"4920423","h3_hexagon":599727986010226687,"downloaders":{"size":19,"mobile":0,"satellite":0,"tor":0,"tor_exit_nodes":0,"vpn":0,"relay":0,"proxy":0,"hosting":0,"service":0},"uploaders":{"size":12,"mobile":0,"satellite":0,"tor":0,"tor_exit_nodes":0,"vpn":0,"relay":0,"proxy":0,"hosting":0,"service":0}},"geometry":{"type":"Point","coordinates":[-85.12886,41.1306]}},{"type":"Feature","properties":{"country_code":"USA","city":"New Haven","geoname_id":"4839366","h3_hexagon":599719007381094399,"downloaders":{"size":19,"mobile":0,"satellite":0,"tor":0,"tor_exit_nodes":0,"vpn":0,"relay":0,"proxy":0,"hosting":0,"service":0},"uploaders":{"size":9,"mobile":0,"satellite":0,"tor":0,"tor_exit_nodes":0,"vpn":0,"relay":0,"proxy":0,"hosting":0,"service":0}},"geometry":{"type":"Point","coordinates":[-72.92816,41.30815]}},{"type":"Feature","properties":{"country_code":"POL","city":"Gliwice","geoname_id":"3099230","h3_hexagon":599508933014454271,"downloaders":{"size":19,"mobile":0,"satellite":0,"tor":0,"tor_exit_nodes":0,"vpn":0,"relay":0,"proxy":0,"hosting":0,"service":0},"uploaders":{"size":8,"mobile":0,"satellite":0,"tor":0,"tor_exit_nodes":0,"vpn":0,"relay":0,"proxy":0,"hosting":0,"service":0}},"geometry":{"type":"Point","coordinates":[18.67658,50.29761]}},{"type":"Feature","properties":{"country_code":"FRA","city":"Champs-sur-Marne","geoname_id":"3027014","h3_hexagon":599536242564005887,"downloaders":{"size":19,"mobile":10,"satellite":0,"tor":0,"tor_exit_nodes":0,"vpn":0,"relay":0,"proxy":0,"hosting":0,"service":0},"uploaders":{"size":4,"mobile":1,"satellite":0,"tor":0,"tor_exit_nodes":0,"vpn":0,"relay":0,"proxy":0,"hosting":0,"service":0}},"geometry":{"type":"Point","coordinates":[2.6,48.85]}},{"type":"Feature","properties":{"country_code":"USA","city":"Oxford","geoname_id":"4520760","h3_hexagon":599727778778054655,"downloaders":{"size":19,"mobile":0,"satellite":0,"tor":0,"tor_exit_nodes":0,"vpn":0,"relay":0,"proxy":0,"hosting":0,"service":0},"uploaders":{"size":10,"mobile":0,"satellite":0,"tor":0,"tor_exit_nodes":0,"vpn":0,"relay":0,"proxy":0,"hosting":0,"service":0}},"geometry":{"type":"Point","coordinates":[-84.74523,39.507]}},{"type":"Feature","properties":{"country_code":"USA","city":"Carmel","geoname_id":"4255466","h3_hexagon":599727675698839551,"downloaders":{"size":18,"mobile":0,"satellite":0,"tor":0,"tor_exit_nodes":0,"vpn":0,"relay":0,"proxy":0,"hosting":0,"service":0},"uploaders":{"size":14,"mobile":0,"satellite":0,"tor":0,"tor_exit_nodes":0,"vpn":0,"relay":0,"proxy":0,"hosting":0,"service":0}},"geometry":{"type":"Point","coordinates":[-86.11804,39.97837]}},{"type":"Feature","properties":{"country_code":"USA","city":"Shrewsbury","geoname_id":"4950898","h3_hexagon":599721186003255295,"downloaders":{"size":18,"mobile":0,"satellite":0,"tor":0,"tor_exit_nodes":0,"vpn":0,"relay":0,"proxy":0,"hosting":0,"service":0},"uploaders":{"size":12,"mobile":0,"satellite":0,"tor":0,"tor_exit_nodes":0,"vpn":0,"relay":0,"proxy":0,"hosting":0,"service":0}},"geometry":{"type":"Point","coordinates":[-71.71285,42.29593]}},{"type":"Feature","properties":{"country_code":"USA","city":"Tulsa","geoname_id":"4553433","h3_hexagon":599663621630328831,"downloaders":{"size":18,"mobile":0,"satellite":0,"tor":0,"tor_exit_nodes":0,"vpn":0,"relay":0,"proxy":0,"hosting":0,"service":0},"uploaders":{"size":9,"mobile":0,"satellite":0,"tor":0,"tor_exit_nodes":0,"vpn":0,"relay":0,"proxy":0,"hosting":0,"service":0}},"geometry":{"type":"Point","coordinates":[-95.99277,36.15398]}},{"type":"Feature","properties":{"country_code":"POL","city":"Świdnik","geoname_id":"757692","h3_hexagon":599509612693028863,"downloaders":{"size":18,"mobile":0,"satellite":0,"tor":0,"tor_exit_nodes":0,"vpn":0,"relay":0,"proxy":0,"hosting":0,"service":0},"uploaders":{"size":10,"mobile":0,"satellite":0,"tor":0,"tor_exit_nodes":0,"vpn":0,"relay":0,"proxy":0,"hosting":0,"service":0}},"geometry":{"type":"Point","coordinates":[22.69621,51.21898]}},{"type":"Feature","properties":{"country_code":"USA","city":"New Orleans","geoname_id":"4335045","h3_hexagon":600179847708278783,"downloaders":{"size":18,"mobile":1,"satellite":0,"tor":0,"tor_exit_nodes":0,"vpn":1,"relay":0,"proxy":0,"hosting":0,"service":1},"uploaders":{"size":13,"mobile":0,"satellite":0,"tor":0,"tor_exit_nodes":0,"vpn":1,"relay":0,"proxy":0,"hosting":0,"service":1}},"geometry":{"type":"Point","coordinates":[-90.07507,29.95465]}},{"type":"Feature","properties":{"country_code":"USA","city":"Chambersburg","geoname_id":"4557109","h3_hexagon":599729603065413631,"downloaders":{"size":18,"mobile":0,"satellite":0,"tor":0,"tor_exit_nodes":0,"vpn":0,"relay":0,"proxy":0,"hosting":0,"service":0},"uploaders":{"size":8,"mobile":0,"satellite":0,"tor":0,"tor_exit_nodes":0,"vpn":0,"relay":0,"proxy":0,"hosting":0,"service":0}},"geometry":{"type":"Point","coordinates":[-77.6611,39.93759]}},{"type":"Feature","properties":{"country_code":"ROU","city":"Braşov","geoname_id":"683844","h3_hexagon":599512182157213695,"downloaders":{"size":18,"mobile":0,"satellite":0,"tor":0,"tor_exit_nodes":0,"vpn":0,"relay":0,"proxy":0,"hosting":0,"service":0},"uploaders":{"size":3,"mobile":0,"satellite":0,"tor":0,"tor_exit_nodes":0,"vpn":0,"relay":0,"proxy":0,"hosting":0,"service":0}},"geometry":{"type":"Point","coordinates":[25.60613,45.64861]}},{"type":"Feature","properties":{"country_code":"USA","city":"West Saint Paul","geoname_id":"5052467","h3_hexagon":599670510757871615,"downloaders":{"size":18,"mobile":0,"satellite":0,"tor":0,"tor_exit_nodes":0,"vpn":0,"relay":0,"proxy":0,"hosting":0,"service":0},"uploaders":{"size":12,"mobile":0,"satellite":0,"tor":0,"tor_exit_nodes":0,"vpn":0,"relay":0,"proxy":0,"hosting":0,"service":0}},"geometry":{"type":"Point","coordinates":[-93.10161,44.91608]}},{"type":"Feature","properties":{"country_code":"GBR","city":"Peterborough","geoname_id":"2640354","h3_hexagon":599423161443811327,"downloaders":{"size":18,"mobile":0,"satellite":0,"tor":0,"tor_exit_nodes":0,"vpn":0,"relay":0,"proxy":0,"hosting":18,"service":0},"uploaders":{"size":9,"mobile":0,"satellite":0,"tor":0,"tor_exit_nodes":0,"vpn":0,"relay":0,"proxy":0,"hosting":9,"service":0}},"geometry":{"type":"Point","coordinates":[-0.24777,52.57364]}},{"type":"Feature","properties":{"country_code":"USA","city":"Hillsborough","geoname_id":"5357155","h3_hexagon":599685776145383423,"downloaders":{"size":18,"mobile":0,"satellite":0,"tor":0,"tor_exit_nodes":0,"vpn":0,"relay":0,"proxy":0,"hosting":0,"service":0},"uploaders":{"size":12,"mobile":0,"satellite":0,"tor":0,"tor_exit_nodes":0,"vpn":0,"relay":0,"proxy":0,"hosting":0,"service":0}},"geometry":{"type":"Point","coordinates":[-122.37942,37.5741]}},{"type":"Feature","properties":{"country_code":"DOM","city":"Santo Domingo","geoname_id":"3492908","h3_hexagon":600330337993621503,"downloaders":{"size":18,"mobile":4,"satellite":0,"tor":0,"tor_exit_nodes":0,"vpn":0,"relay":0,"proxy":0,"hosting":0,"service":0},"uploaders":{"size":5,"mobile":0,"satellite":0,"tor":0,"tor_exit_nodes":0,"vpn":0,"relay":0,"proxy":0,"hosting":0,"service":0}},"geometry":{"type":"Point","coordinates":[-69.89232,18.47186]}},{"type":"Feature","properties":{"country_code":"USA","city":"Anaheim","geoname_id":"5323810","h3_hexagon":599711074576498687,"downloaders":{"size":17,"mobile":1,"satellite":0,"tor":0,"tor_exit_nodes":0,"vpn":1,"relay":0,"proxy":0,"hosting":0,"service":0},"uploaders":{"size":3,"mobile":0,"satellite":0,"tor":0,"tor_exit_nodes":0,"vpn":0,"relay":0,"proxy":0,"hosting":0,"service":0}},"geometry":{"type":"Point","coordinates":[-117.9145,33.83529]}},{"type":"Feature","properties":{"country_code":"NLD","city":"Amersfoort","geoname_id":"2759821","h3_hexagon":599425771710185471,"downloaders":{"size":17,"mobile":0,"satellite":0,"tor":0,"tor_exit_nodes":0,"vpn":0,"relay":0,"proxy":0,"hosting":0,"service":0},"uploaders":{"size":12,"mobile":0,"satellite":0,"tor":0,"tor_exit_nodes":0,"vpn":0,"relay":0,"proxy":0,"hosting":0,"service":0}},"geometry":{"type":"Point","coordinates":[5.3875,52.155]}},{"type":"Feature","properties":{"country_code":"POL","city":"Tarnów","geoname_id":"757026","h3_hexagon":599509438746853375,"downloaders":{"size":17,"mobile":0,"satellite":0,"tor":0,"tor_exit_nodes":0,"vpn":0,"relay":0,"proxy":0,"hosting":0,"service":0},"uploaders":{"size":7,"mobile":0,"satellite":0,"tor":0,"tor_exit_nodes":0,"vpn":0,"relay":0,"proxy":0,"hosting":0,"service":0}},"geometry":{"type":"Point","coordinates":[20.98698,50.01381]}},{"type":"Feature","properties":{"country_code":"GBR","city":"Cardiff","geoname_id":"2653822","h3_hexagon":599424631396368383,"downloaders":{"size":17,"mobile":4,"satellite":0,"tor":0,"tor_exit_nodes":0,"vpn":0,"relay":0,"proxy":0,"hosting":1,"service":0},"uploaders":{"size":3,"mobile":0,"satellite":0,"tor":0,"tor_exit_nodes":0,"vpn":0,"relay":0,"proxy":0,"hosting":0,"service":0}},"geometry":{"type":"Point","coordinates":[-3.18,51.48]}},{"type":"Feature","properties":{"country_code":"USA","city":"Fresno","geoname_id":"5350937","h3_hexagon":599711822974550015,"downloaders":{"size":17,"mobile":0,"satellite":0,"tor":0,"tor_exit_nodes":0,"vpn":0,"relay":0,"proxy":0,"hosting":0,"service":0},"uploaders":{"size":6,"mobile":0,"satellite":0,"tor":0,"tor_exit_nodes":0,"vpn":0,"relay":0,"proxy":0,"hosting":0,"service":0}},"geometry":{"type":"Point","coordinates":[-119.77237,36.74773]}},{"type":"Feature","properties":{"country_code":"NLD","city":"Nijmegen","geoname_id":"2750053","h3_hexagon":599425785668829183,"downloaders":{"size":17,"mobile":11,"satellite":0,"tor":0,"tor_exit_nodes":0,"vpn":0,"relay":0,"proxy":0,"hosting":1,"service":0},"uploaders":{"size":11,"mobile":11,"satellite":0,"tor":0,"tor_exit_nodes":0,"vpn":0,"relay":0,"proxy":0,"hosting":0,"service":0}},"geometry":{"type":"Point","coordinates":[5.85278,51.8425]}},{"type":"Feature","properties":{"country_code":"USA","city":"Huntington Beach","geoname_id":"5358705","h3_hexagon":599711390256594943,"downloaders":{"size":17,"mobile":0,"satellite":0,"tor":0,"tor_exit_nodes":0,"vpn":0,"relay":0,"proxy":0,"hosting":0,"service":0},"uploaders":{"size":9,"mobile":0,"satellite":0,"tor":0,"tor_exit_nodes":0,"vpn":0,"relay":0,"proxy":0,"hosting":0,"service":0}},"geometry":{"type":"Point","coordinates":[-117.99923,33.6603]}},{"type":"Feature","properties":{"country_code":"USA","city":"Pittsburg","geoname_id":"5383465","h3_hexagon":599685792251510783,"downloaders":{"size":16,"mobile":0,"satellite":0,"tor":0,"tor_exit_nodes":0,"vpn":0,"relay":0,"proxy":0,"hosting":0,"service":0},"uploaders":{"size":4,"mobile":0,"satellite":0,"tor":0,"tor_exit_nodes":0,"vpn":0,"relay":0,"proxy":0,"hosting":0,"service":0}},"geometry":{"type":"Point","coordinates":[-121.88468,38.02798]}},{"type":"Feature","properties":{"country_code":"PRI","city":"San Juan","geoname_id":"4568127","h3_hexagon":600332133289951231,"downloaders":{"size":16,"mobile":12,"satellite":0,"tor":0,"tor_exit_nodes":0,"vpn":0,"relay":0,"proxy":0,"hosting":0,"service":0},"uploaders":{"size":8,"mobile":8,"satellite":0,"tor":0,"tor_exit_nodes":0,"vpn":0,"relay":0,"proxy":0,"hosting":0,"service":0}},"geometry":{"type":"Point","coordinates":[-66.10572,18.46633]}},{"type":"Feature","properties":{"country_code":"ESP","city":"Vigo","geoname_id":"3105976","h3_hexagon":599983759902638079,"downloaders":{"size":16,"mobile":3,"satellite":0,"tor":0,"tor_exit_nodes":0,"vpn":0,"relay":0,"proxy":0,"hosting":0,"service":0},"uploaders":{"size":3,"mobile":0,"satellite":0,"tor":0,"tor_exit_nodes":0,"vpn":0,"relay":0,"proxy":0,"hosting":0,"service":0}},"geometry":{"type":"Point","coordinates":[-8.72264,42.23282]}},{"type":"Feature","properties":{"country_code":"FIN","city":"Turku","geoname_id":"633679","h3_hexagon":599130279033962495,"downloaders":{"size":16,"mobile":0,"satellite":0,"tor":0,"tor_exit_nodes":0,"vpn":0,"relay":0,"proxy":0,"hosting":0,"service":0},"uploaders":{"size":5,"mobile":0,"satellite":0,"tor":0,"tor_exit_nodes":0,"vpn":0,"relay":0,"proxy":0,"hosting":0,"service":0}},"geometry":{"type":"Point","coordinates":[22.26869,60.45148]}},{"type":"Feature","properties":{"country_code":"USA","city":"Milford","geoname_id":"4943958","h3_hexagon":599721184929513471,"downloaders":{"size":16,"mobile":0,"satellite":0,"tor":0,"tor_exit_nodes":0,"vpn":0,"relay":0,"proxy":0,"hosting":0,"service":0},"uploaders":{"size":13,"mobile":0,"satellite":0,"tor":0,"tor_exit_nodes":0,"vpn":0,"relay":0,"proxy":0,"hosting":0,"service":0}},"geometry":{"type":"Point","coordinates":[-71.51617,42.13982]}},{"type":"Feature","properties":{"country_code":"USA","city":"Colville","geoname_id":"5790660","h3_hexagon":599310286482046975,"downloaders":{"size":16,"mobile":0,"satellite":0,"tor":0,"tor_exit_nodes":0,"vpn":0,"relay":0,"proxy":0,"hosting":0,"service":0},"uploaders":{"size":8,"mobile":0,"satellite":0,"tor":0,"tor_exit_nodes":0,"vpn":0,"relay":0,"proxy":0,"hosting":0,"service":0}},"geometry":{"type":"Point","coordinates":[-117.90554,48.54657]}},{"type":"Feature","properties":{"country_code":"USA","city":"Beaverton","geoname_id":"5713376","h3_hexagon":599698936998920191,"downloaders":{"size":16,"mobile":0,"satellite":0,"tor":0,"tor_exit_nodes":0,"vpn":0,"relay":0,"proxy":0,"hosting":0,"service":0},"uploaders":{"size":5,"mobile":0,"satellite":0,"tor":0,"tor_exit_nodes":0,"vpn":0,"relay":0,"proxy":0,"hosting":0,"service":0}},"geometry":{"type":"Point","coordinates":[-122.80371,45.48706]}},{"type":"Feature","properties":{"country_code":"GBR","city":"Leicester","geoname_id":"2644668","h3_hexagon":599424926675369983,"downloaders":{"size":16,"mobile":1,"satellite":0,"tor":0,"tor_exit_nodes":0,"vpn":1,"relay":0,"proxy":0,"hosting":0,"service":0},"uploaders":{"size":4,"mobile":0,"satellite":0,"tor":0,"tor_exit_nodes":0,"vpn":0,"relay":0,"proxy":0,"hosting":0,"service":0}},"geometry":{"type":"Point","coordinates":[-1.13169,52.6386]}},{"type":"Feature","properties":{"country_code":"DEU","city":"Beilngries","geoname_id":"2951354","h3_hexagon":599535872123076607,"downloaders":{"size":16,"mobile":0,"satellite":0,"tor":0,"tor_exit_nodes":0,"vpn":0,"relay":0,"proxy":0,"hosting":0,"service":0},"uploaders":{"size":11,"mobile":0,"satellite":0,"tor":0,"tor_exit_nodes":0,"vpn":0,"relay":0,"proxy":0,"hosting":0,"service":0}},"geometry":{"type":"Point","coordinates":[11.47393,49.0341]}},{"type":"Feature","properties":{"country_code":"DEU","city":"Zossen","geoname_id":"2803870","h3_hexagon":599525803645992959,"downloaders":{"size":16,"mobile":0,"satellite":0,"tor":0,"tor_exit_nodes":0,"vpn":0,"relay":0,"proxy":0,"hosting":0,"service":0},"uploaders":{"size":11,"mobile":0,"satellite":0,"tor":0,"tor_exit_nodes":0,"vpn":0,"relay":0,"proxy":0,"hosting":0,"service":0}},"geometry":{"type":"Point","coordinates":[13.44909,52.216]}},{"type":"Feature","properties":{"country_code":"USA","city":"Hagerstown","geoname_id":"4357141","h3_hexagon":599729610581606399,"downloaders":{"size":16,"mobile":0,"satellite":0,"tor":0,"tor_exit_nodes":0,"vpn":0,"relay":0,"proxy":0,"hosting":0,"service":0},"uploaders":{"size":12,"mobile":0,"satellite":0,"tor":0,"tor_exit_nodes":0,"vpn":0,"relay":0,"proxy":0,"hosting":0,"service":0}},"geometry":{"type":"Point","coordinates":[-77.71999,39.64176]}},{"type":"Feature","properties":{"country_code":"SWE","city":"Gävle","geoname_id":"2712414","h3_hexagon":599128651241357311,"downloaders":{"size":16,"mobile":0,"satellite":0,"tor":0,"tor_exit_nodes":0,"vpn":0,"relay":0,"proxy":0,"hosting":0,"service":0},"uploaders":{"size":8,"mobile":0,"satellite":0,"tor":0,"tor_exit_nodes":0,"vpn":0,"relay":0,"proxy":0,"hosting":0,"service":0}},"geometry":{"type":"Point","coordinates":[17.14174,60.67452]}},{"type":"Feature","properties":{"country_code":"DEU","city":"Karlsruhe","geoname_id":"2892794","h3_hexagon":599535845279531007,"downloaders":{"size":16,"mobile":0,"satellite":0,"tor":0,"tor_exit_nodes":0,"vpn":0,"relay":0,"proxy":0,"hosting":2,"service":0},"uploaders":{"size":7,"mobile":0,"satellite":0,"tor":0,"tor_exit_nodes":0,"vpn":0,"relay":0,"proxy":0,"hosting":0,"service":0}},"geometry":{"type":"Point","coordinates":[8.40444,49.00937]}},{"type":"Feature","properties":{"country_code":"NLD","city":"Soest","geoname_id":"2747034","h3_hexagon":599425778152636415,"downloaders":{"size":16,"mobile":0,"satellite":0,"tor":0,"tor_exit_nodes":0,"vpn":0,"relay":0,"proxy":0,"hosting":0,"service":0},"uploaders":{"size":9,"mobile":0,"satellite":0,"tor":0,"tor_exit_nodes":0,"vpn":0,"relay":0,"proxy":0,"hosting":0,"service":0}},"geometry":{"type":"Point","coordinates":[5.29167,52.17333]}},{"type":"Feature","properties":{"country_code":"KHM","city":"Phnom Penh","geoname_id":"1821306","h3_hexagon":600764661192720383,"downloaders":{"size":16,"mobile":1,"satellite":0,"tor":0,"tor_exit_nodes":0,"vpn":0,"relay":0,"proxy":0,"hosting":0,"service":0},"uploaders":{"size":9,"mobile":0,"satellite":0,"tor":0,"tor_exit_nodes":0,"vpn":0,"relay":0,"proxy":0,"hosting":0,"service":0}},"geometry":{"type":"Point","coordinates":[104.91601,11.56245]}},{"type":"Feature","properties":{"country_code":"USA","city":"Troy","geoname_id":"5141502","h3_hexagon":599744635450949631,"downloaders":{"size":16,"mobile":0,"satellite":0,"tor":0,"tor_exit_nodes":0,"vpn":0,"relay":0,"proxy":0,"hosting":0,"service":0},"uploaders":{"size":10,"mobile":0,"satellite":0,"tor":0,"tor_exit_nodes":0,"vpn":0,"relay":0,"proxy":0,"hosting":0,"service":0}},"geometry":{"type":"Point","coordinates":[-73.69179,42.72841]}},{"type":"Feature","properties":{"country_code":"USA","city":"Pasadena","geoname_id":"5381396","h3_hexagon":599711146517200895,"downloaders":{"size":16,"mobile":0,"satellite":0,"tor":0,"tor_exit_nodes":0,"vpn":0,"relay":0,"proxy":0,"hosting":0,"service":0},"uploaders":{"size":11,"mobile":0,"satellite":0,"tor":0,"tor_exit_nodes":0,"vpn":0,"relay":0,"proxy":0,"hosting":0,"service":0}},"geometry":{"type":"Point","coordinates":[-118.14452,34.14778]}},{"type":"Feature","properties":{"country_code":"BRA","city":"Itajaí","geoname_id":"3460845","h3_hexagon":601937933515096063,"downloaders":{"size":16,"mobile":0,"satellite":0,"tor":0,"tor_exit_nodes":0,"vpn":0,"relay":0,"proxy":0,"hosting":0,"service":0},"uploaders":{"size":10,"mobile":0,"satellite":0,"tor":0,"tor_exit_nodes":0,"vpn":0,"relay":0,"proxy":0,"hosting":0,"service":0}},"geometry":{"type":"Point","coordinates":[-48.66194,-26.90778]}},{"type":"Feature","properties":{"country_code":"USA","city":"Garland","geoname_id":"4693003","h3_hexagon":599661009216471039,"downloaders":{"size":15,"mobile":0,"satellite":0,"tor":0,"tor_exit_nodes":0,"vpn":5,"relay":0,"proxy":0,"hosting":0,"service":0},"uploaders":{"size":5,"mobile":0,"satellite":0,"tor":0,"tor_exit_nodes":0,"vpn":3,"relay":0,"proxy":0,"hosting":0,"service":0}},"geometry":{"type":"Point","coordinates":[-96.63888,32.91262]}},{"type":"Feature","properties":{"country_code":"ALB","city":"Tirana","geoname_id":"3183875","h3_hexagon":599521085624418303,"downloaders":{"size":15,"mobile":0,"satellite":0,"tor":0,"tor_exit_nodes":0,"vpn":7,"relay":0,"proxy":0,"hosting":7,"service":7},"uploaders":{"size":3,"mobile":0,"satellite":0,"tor":0,"tor_exit_nodes":0,"vpn":0,"relay":0,"proxy":0,"hosting":0,"service":0}},"geometry":{"type":"Point","coordinates":[19.81866,41.32744]}},{"type":"Feature","properties":{"country_code":"USA","city":"Pompano Beach","geoname_id":"4169014","h3_hexagon":600186094738210815,"downloaders":{"size":15,"mobile":0,"satellite":0,"tor":0,"tor_exit_nodes":0,"vpn":0,"relay":0,"proxy":0,"hosting":0,"service":0},"uploaders":{"size":6,"mobile":0,"satellite":0,"tor":0,"tor_exit_nodes":0,"vpn":0,"relay":0,"proxy":0,"hosting":0,"service":0}},"geometry":{"type":"Point","coordinates":[-80.12477,26.23786]}},{"type":"Feature","properties":{"country_code":"USA","city":"Brentwood","geoname_id":"5110077","h3_hexagon":599718765789183999,"downloaders":{"size":15,"mobile":0,"satellite":0,"tor":0,"tor_exit_nodes":0,"vpn":0,"relay":0,"proxy":0,"hosting":0,"service":0},"uploaders":{"size":10,"mobile":0,"satellite":0,"tor":0,"tor_exit_nodes":0,"vpn":0,"relay":0,"proxy":0,"hosting":0,"service":0}},"geometry":{"type":"Point","coordinates":[-73.24623,40.78121]}},{"type":"Feature","properties":{"country_code":"USA","city":"Port Saint Lucie","geoname_id":"4169171","h3_hexagon":600186616576737279,"downloaders":{"size":15,"mobile":12,"satellite":0,"tor":0,"tor_exit_nodes":0,"vpn":0,"relay":0,"proxy":0,"hosting":0,"service":0},"uploaders":{"size":12,"mobile":12,"satellite":0,"tor":0,"tor_exit_nodes":0,"vpn":0,"relay":0,"proxy":0,"hosting":0,"service":0}},"geometry":{"type":"Point","coordinates":[-80.35033,27.29393]}},{"type":"Feature","properties":{"country_code":"CIV","city":"Abidjan","geoname_id":"2293538","h3_hexagon":601038760636841983,"downloaders":{"size":15,"mobile":1,"satellite":0,"tor":0,"tor_exit_nodes":0,"vpn":0,"relay":0,"proxy":0,"hosting":0,"service":0},"uploaders":{"size":3,"mobile":1,"satellite":0,"tor":0,"tor_exit_nodes":0,"vpn":0,"relay":0,"proxy":0,"hosting":0,"service":0}},"geometry":{"type":"Point","coordinates":[-4.00167,5.35444]}},{"type":"Feature","properties":{"country_code":"USA","city":"Wenatchee","geoname_id":"5815342","h3_hexagon":599697179283554303,"downloaders":{"size":15,"mobile":0,"satellite":0,"tor":0,"tor_exit_nodes":0,"vpn":0,"relay":0,"proxy":0,"hosting":0,"service":0},"uploaders":{"size":12,"mobile":0,"satellite":0,"tor":0,"tor_exit_nodes":0,"vpn":0,"relay":0,"proxy":0,"hosting":0,"service":0}},"geometry":{"type":"Point","coordinates":[-120.31035,47.42346]}},{"type":"Feature","properties":{"country_code":"ESP","city":"Ponteareas","geoname_id":"3112761","h3_hexagon":599983727690383359,"downloaders":{"size":15,"mobile":0,"satellite":0,"tor":0,"tor_exit_nodes":0,"vpn":0,"relay":0,"proxy":0,"hosting":0,"service":0},"uploaders":{"size":14,"mobile":0,"satellite":0,"tor":0,"tor_exit_nodes":0,"vpn":0,"relay":0,"proxy":0,"hosting":0,"service":0}},"geometry":{"type":"Point","coordinates":[-8.50398,42.17476]}},{"type":"Feature","properties":{"country_code":"NLD","city":"Assen","geoname_id":"2759633","h3_hexagon":599426089537765375,"downloaders":{"size":15,"mobile":0,"satellite":0,"tor":0,"tor_exit_nodes":0,"vpn":0,"relay":0,"proxy":0,"hosting":0,"service":0},"uploaders":{"size":9,"mobile":0,"satellite":0,"tor":0,"tor_exit_nodes":0,"vpn":0,"relay":0,"proxy":0,"hosting":0,"service":0}},"geometry":{"type":"Point","coordinates":[6.5625,52.99667]}},{"type":"Feature","properties":{"country_code":"USA","city":"Woodstock","geoname_id":"4917123","h3_hexagon":599670962803179519,"downloaders":{"size":15,"mobile":0,"satellite":0,"tor":0,"tor_exit_nodes":0,"vpn":0,"relay":0,"proxy":0,"hosting":0,"service":0},"uploaders":{"size":3,"mobile":0,"satellite":0,"tor":0,"tor_exit_nodes":0,"vpn":0,"relay":0,"proxy":0,"hosting":0,"service":0}},"geometry":{"type":"Point","coordinates":[-88.4487,42.31474]}},{"type":"Feature","properties":{"country_code":"BEL","city":"Mere","geoname_id":"2791317","h3_hexagon":599423895883218943,"downloaders":{"size":15,"mobile":1,"satellite":0,"tor":0,"tor_exit_nodes":0,"vpn":0,"relay":0,"proxy":0,"hosting":0,"service":0},"uploaders":{"size":6,"mobile":0,"satellite":0,"tor":0,"tor_exit_nodes":0,"vpn":0,"relay":0,"proxy":0,"hosting":0,"service":0}},"geometry":{"type":"Point","coordinates":[3.97134,50.92306]}},{"type":"Feature","properties":{"country_code":"NOR","city":"Jørpeland","geoname_id":"3150742","h3_hexagon":599146027605295103,"downloaders":{"size":14,"mobile":0,"satellite":0,"tor":0,"tor_exit_nodes":0,"vpn":1,"relay":0,"proxy":0,"hosting":0,"service":0},"uploaders":{"size":10,"mobile":0,"satellite":0,"tor":0,"tor_exit_nodes":0,"vpn":0,"relay":0,"proxy":0,"hosting":0,"service":0}},"geometry":{"type":"Point","coordinates":[6.04078,59.02251]}},{"type":"Feature","properties":{"country_code":"USA","city":"Spring","geoname_id":"4733624","h3_hexagon":600182451532201983,"downloaders":{"size":14,"mobile":3,"satellite":0,"tor":0,"tor_exit_nodes":0,"vpn":0,"relay":0,"proxy":0,"hosting":0,"service":0},"uploaders":{"size":9,"mobile":1,"satellite":0,"tor":0,"tor_exit_nodes":0,"vpn":0,"relay":0,"proxy":0,"hosting":0,"service":0}},"geometry":{"type":"Point","coordinates":[-95.41716,30.07994]}},{"type":"Feature","properties":{"country_code":"USA","city":"Kalamazoo","geoname_id":"4997787","h3_hexagon":599669821415620607,"downloaders":{"size":14,"mobile":0,"satellite":0,"tor":0,"tor_exit_nodes":0,"vpn":0,"relay":0,"proxy":0,"hosting":0,"service":0},"uploaders":{"size":8,"mobile":0,"satellite":0,"tor":0,"tor_exit_nodes":0,"vpn":0,"relay":0,"proxy":0,"hosting":0,"service":0}},"geometry":{"type":"Point","coordinates":[-85.58723,42.29171]}},{"type":"Feature","properties":{"country_code":"NLD","city":"Vlaardingen","geoname_id":"2745467","h3_hexagon":599425952098811903,"downloaders":{"size":14,"mobile":0,"satellite":0,"tor":0,"tor_exit_nodes":0,"vpn":0,"relay":0,"proxy":0,"hosting":0,"service":0},"uploaders":{"size":5,"mobile":0,"satellite":0,"tor":0,"tor_exit_nodes":0,"vpn":0,"relay":0,"proxy":0,"hosting":0,"service":0}},"geometry":{"type":"Point","coordinates":[4.34167,51.9125]}},{"type":"Feature","properties":{"country_code":"USA","city":"Mount Vernon","geoname_id":"5804127","h3_hexagon":599696822801268735,"downloaders":{"size":14,"mobile":0,"satellite":0,"tor":0,"tor_exit_nodes":0,"vpn":0,"relay":0,"proxy":0,"hosting":0,"service":0},"uploaders":{"size":10,"mobile":0,"satellite":0,"tor":0,"tor_exit_nodes":0,"vpn":0,"relay":0,"proxy":0,"hosting":0,"service":0}},"geometry":{"type":"Point","coordinates":[-122.33405,48.42122]}},{"type":"Feature","properties":{"country_code":"USA","city":"Chesterfield","geoname_id":"4752250","h3_hexagon":599727349281325055,"downloaders":{"size":14,"mobile":0,"satellite":0,"tor":0,"tor_exit_nodes":0,"vpn":0,"relay":0,"proxy":0,"hosting":0,"service":0},"uploaders":{"size":11,"mobile":0,"satellite":0,"tor":0,"tor_exit_nodes":0,"vpn":0,"relay":0,"proxy":0,"hosting":0,"service":0}},"geometry":{"type":"Point","coordinates":[-77.6343,37.3333]}},{"type":"Feature","properties":{"country_code":"USA","city":"San Marcos","geoname_id":"4726491","h3_hexagon":600256294904922111,"downloaders":{"size":14,"mobile":0,"satellite":0,"tor":0,"tor_exit_nodes":0,"vpn":0,"relay":0,"proxy":0,"hosting":0,"service":0},"uploaders":{"size":3,"mobile":0,"satellite":0,"tor":0,"tor_exit_nodes":0,"vpn":0,"relay":0,"proxy":0,"hosting":0,"service":0}},"geometry":{"type":"Point","coordinates":[-97.94139,29.88327]}},{"type":"Feature","properties":{"country_code":"USA","city":"West Lafayette","geoname_id":"4928096","h3_hexagon":599654223168143359,"downloaders":{"size":14,"mobile":0,"satellite":0,"tor":0,"tor_exit_nodes":0,"vpn":1,"relay":0,"proxy":0,"hosting":0,"service":0},"uploaders":{"size":10,"mobile":0,"satellite":0,"tor":0,"tor_exit_nodes":0,"vpn":0,"relay":0,"proxy":0,"hosting":0,"service":0}},"geometry":{"type":"Point","coordinates":[-86.90807,40.42587]}},{"type":"Feature","properties":{"country_code":"USA","city":"Simi Valley","geoname_id":"5396003","h3_hexagon":599711144369717247,"downloaders":{"size":14,"mobile":0,"satellite":0,"tor":0,"tor_exit_nodes":0,"vpn":0,"relay":0,"proxy":0,"hosting":0,"service":0},"uploaders":{"size":9,"mobile":0,"satellite":0,"tor":0,"tor_exit_nodes":0,"vpn":0,"relay":0,"proxy":0,"hosting":0,"service":0}},"geometry":{"type":"Point","coordinates":[-118.78148,34.26945]}},{"type":"Feature","properties":{"country_code":"USA","city":"Prichard","geoname_id":"4819067","h3_hexagon":599728371483541503,"downloaders":{"size":14,"mobile":0,"satellite":0,"tor":0,"tor_exit_nodes":0,"vpn":0,"relay":0,"proxy":0,"hosting":0,"service":0},"uploaders":{"size":7,"mobile":0,"satellite":0,"tor":0,"tor_exit_nodes":0,"vpn":0,"relay":0,"proxy":0,"hosting":0,"service":0}},"geometry":{"type":"Point","coordinates":[-82.59849,38.24008]}},{"type":"Feature","properties":{"country_code":"SWE","city":"Täby","geoname_id":"2669772","h3_hexagon":599128724255801343,"downloaders":{"size":14,"mobile":0,"satellite":0,"tor":0,"tor_exit_nodes":0,"vpn":10,"relay":0,"proxy":0,"hosting":0,"service":0},"uploaders":{"size":9,"mobile":0,"satellite":0,"tor":0,"tor_exit_nodes":0,"vpn":9,"relay":0,"proxy":0,"hosting":0,"service":0}},"geometry":{"type":"Point","coordinates":[18.06872,59.4439]}},{"type":"Feature","properties":{"country_code":"USA","city":"Blountville","geoname_id":"4607201","h3_hexagon":599728165325111295,"downloaders":{"size":14,"mobile":0,"satellite":0,"tor":0,"tor_exit_nodes":0,"vpn":0,"relay":0,"proxy":0,"hosting":0,"service":0},"uploaders":{"size":8,"mobile":0,"satellite":0,"tor":0,"tor_exit_nodes":0,"vpn":0,"relay":0,"proxy":0,"hosting":0,"service":0}},"geometry":{"type":"Point","coordinates":[-82.32681,36.53316]}},{"type":"Feature","properties":{"country_code":"NOR","city":"Ålesund","geoname_id":"3163392","h3_hexagon":599123222402695167,"downloaders":{"size":14,"mobile":0,"satellite":0,"tor":0,"tor_exit_nodes":0,"vpn":0,"relay":0,"proxy":0,"hosting":0,"service":0},"uploaders":{"size":5,"mobile":0,"satellite":0,"tor":0,"tor_exit_nodes":0,"vpn":0,"relay":0,"proxy":0,"hosting":0,"service":0}},"geometry":{"type":"Point","coordinates":[6.15492,62.47225]}},{"type":"Feature","properties":{"country_code":"NOR","city":"Horten","geoname_id":"3151770","h3_hexagon":599147618890678271,"downloaders":{"size":14,"mobile":0,"satellite":0,"tor":0,"tor_exit_nodes":0,"vpn":13,"relay":0,"proxy":0,"hosting":0,"service":0},"uploaders":{"size":12,"mobile":0,"satellite":0,"tor":0,"tor_exit_nodes":0,"vpn":12,"relay":0,"proxy":0,"hosting":0,"service":0}},"geometry":{"type":"Point","coordinates":[10.48343,59.41721]}},{"type":"Feature","properties":{"country_code":"USA","city":"Spokane","geoname_id":"5811696","h3_hexagon":599310491566735359,"downloaders":{"size":14,"mobile":0,"satellite":0,"tor":0,"tor_exit_nodes":0,"vpn":2,"relay":0,"proxy":0,"hosting":1,"service":0},"uploaders":{"size":7,"mobile":0,"satellite":0,"tor":0,"tor_exit_nodes":0,"vpn":1,"relay":0,"proxy":0,"hosting":0,"service":0}},"geometry":{"type":"Point","coordinates":[-117.42908,47.65966]}},{"type":"Feature","properties":{"country_code":"SWE","city":"Skövde","geoname_id":"2677234","h3_hexagon":599131640538595327,"downloaders":{"size":14,"mobile":0,"satellite":0,"tor":0,"tor_exit_nodes":0,"vpn":0,"relay":0,"proxy":0,"hosting":0,"service":0},"uploaders":{"size":4,"mobile":0,"satellite":0,"tor":0,"tor_exit_nodes":0,"vpn":0,"relay":0,"proxy":0,"hosting":0,"service":0}},"geometry":{"type":"Point","coordinates":[13.84506,58.39118]}},{"type":"Feature","properties":{"country_code":"USA","city":"Clay","geoname_id":"5112861","h3_hexagon":599744707391651839,"downloaders":{"size":14,"mobile":0,"satellite":0,"tor":0,"tor_exit_nodes":0,"vpn":0,"relay":0,"proxy":0,"hosting":0,"service":0},"uploaders":{"size":6,"mobile":0,"satellite":0,"tor":0,"tor_exit_nodes":0,"vpn":0,"relay":0,"proxy":0,"hosting":0,"service":0}},"geometry":{"type":"Point","coordinates":[-76.17243,43.1859]}},{"type":"Feature","properties":{"country_code":"USA","city":"Nashua","geoname_id":"5090046","h3_hexagon":599720942263861247,"downloaders":{"size":14,"mobile":0,"satellite":0,"tor":0,"tor_exit_nodes":0,"vpn":10,"relay":0,"proxy":0,"hosting":0,"service":0},"uploaders":{"size":3,"mobile":0,"satellite":0,"tor":0,"tor_exit_nodes":0,"vpn":3,"relay":0,"proxy":0,"hosting":0,"service":0}},"geometry":{"type":"Point","coordinates":[-71.46757,42.76537]}},{"type":"Feature","properties":{"country_code":"SVK","city":"Malá Maňa","geoname_id":"3058884","h3_hexagon":599506698557718527,"downloaders":{"size":14,"mobile":0,"satellite":0,"tor":0,"tor_exit_nodes":0,"vpn":0,"relay":0,"proxy":0,"hosting":0,"service":0},"uploaders":{"size":9,"mobile":0,"satellite":0,"tor":0,"tor_exit_nodes":0,"vpn":0,"relay":0,"proxy":0,"hosting":0,"service":0}},"geometry":{"type":"Point","coordinates":[18.26453,48.1452]}},{"type":"Feature","properties":{"country_code":"NOR","city":"Larvik","geoname_id":"3148129","h3_hexagon":599147557687394303,"downloaders":{"size":14,"mobile":0,"satellite":0,"tor":0,"tor_exit_nodes":0,"vpn":0,"relay":0,"proxy":0,"hosting":0,"service":0},"uploaders":{"size":11,"mobile":0,"satellite":0,"tor":0,"tor_exit_nodes":0,"vpn":0,"relay":0,"proxy":0,"hosting":0,"service":0}},"geometry":{"type":"Point","coordinates":[10.03517,59.05328]}},{"type":"Feature","properties":{"country_code":"USA","city":"West Jordan","geoname_id":"5784549","h3_hexagon":599657563578957823,"downloaders":{"size":13,"mobile":8,"satellite":0,"tor":0,"tor_exit_nodes":0,"vpn":0,"relay":0,"proxy":0,"hosting":0,"service":0},"uploaders":{"size":8,"mobile":8,"satellite":0,"tor":0,"tor_exit_nodes":0,"vpn":0,"relay":0,"proxy":0,"hosting":0,"service":0}},"geometry":{"type":"Point","coordinates":[-111.9391,40.60967]}},{"type":"Feature","properties":{"country_code":"USA","city":"Waco","geoname_id":"4739526","h3_hexagon":600255982446051327,"downloaders":{"size":13,"mobile":0,"satellite":0,"tor":0,"tor_exit_nodes":0,"vpn":0,"relay":0,"proxy":0,"hosting":0,"service":0},"uploaders":{"size":6,"mobile":0,"satellite":0,"tor":0,"tor_exit_nodes":0,"vpn":0,"relay":0,"proxy":0,"hosting":0,"service":0}},"geometry":{"type":"Point","coordinates":[-97.14667,31.54933]}},{"type":"Feature","properties":{"country_code":"USA","city":"Rancho Cucamonga","geoname_id":"5385955","h3_hexagon":599711039143018495,"downloaders":{"size":13,"mobile":0,"satellite":0,"tor":0,"tor_exit_nodes":0,"vpn":0,"relay":0,"proxy":0,"hosting":0,"service":0},"uploaders":{"size":4,"mobile":0,"satellite":0,"tor":0,"tor_exit_nodes":0,"vpn":0,"relay":0,"proxy":0,"hosting":0,"service":0}},"geometry":{"type":"Point","coordinates":[-117.59311,34.1064]}},{"type":"Feature","properties":{"country_code":"PRT","city":"Oliveira de Azemeis","geoname_id":"2737046","h3_hexagon":599983868350562303,"downloaders":{"size":13,"mobile":0,"satellite":0,"tor":0,"tor_exit_nodes":0,"vpn":0,"relay":0,"proxy":0,"hosting":0,"service":0},"uploaders":{"size":4,"mobile":0,"satellite":0,"tor":0,"tor_exit_nodes":0,"vpn":0,"relay":0,"proxy":0,"hosting":0,"service":0}},"geometry":{"type":"Point","coordinates":[-8.47555,40.84101]}},{"type":"Feature","properties":{"country_code":"ITA","city":"Vicenza","geoname_id":"3164419","h3_hexagon":599517802121920511,"downloaders":{"size":13,"mobile":0,"satellite":0,"tor":0,"tor_exit_nodes":0,"vpn":0,"relay":0,"proxy":0,"hosting":0,"service":0},"uploaders":{"size":10,"mobile":0,"satellite":0,"tor":0,"tor_exit_nodes":0,"vpn":0,"relay":0,"proxy":0,"hosting":0,"service":0}},"geometry":{"type":"Point","coordinates":[11.5475,45.54672]}},{"type":"Feature","properties":{"country_code":"USA","city":"Auburn","geoname_id":"5107505","h3_hexagon":599728934124257279,"downloaders":{"size":13,"mobile":0,"satellite":0,"tor":0,"tor_exit_nodes":0,"vpn":0,"relay":0,"proxy":0,"hosting":0,"service":0},"uploaders":{"size":3,"mobile":0,"satellite":0,"tor":0,"tor_exit_nodes":0,"vpn":0,"relay":0,"proxy":0,"hosting":0,"service":0}},"geometry":{"type":"Point","coordinates":[-76.56605,42.93173]}},{"type":"Feature","properties":{"country_code":"FRA","city":"Cherbourg","geoname_id":"3025466","h3_hexagon":599408019536609279,"downloaders":{"size":13,"mobile":10,"satellite":0,"tor":0,"tor_exit_nodes":0,"vpn":0,"relay":0,"proxy":0,"hosting":0,"service":0},"uploaders":{"size":7,"mobile":7,"satellite":0,"tor":0,"tor_exit_nodes":0,"vpn":0,"relay":0,"proxy":0,"hosting":0,"service":0}},"geometry":{"type":"Point","coordinates":[-1.61636,49.63984]}},{"type":"Feature","properties":{"country_code":"USA","city":"Harrisburg","geoname_id":"5192726","h3_hexagon":599729619171540991,"downloaders":{"size":13,"mobile":0,"satellite":0,"tor":0,"tor_exit_nodes":0,"vpn":0,"relay":0,"proxy":0,"hosting":0,"service":0},"uploaders":{"size":9,"mobile":0,"satellite":0,"tor":0,"tor_exit_nodes":0,"vpn":0,"relay":0,"proxy":0,"hosting":0,"service":0}},"geometry":{"type":"Point","coordinates":[-76.88442,40.2737]}},{"type":"Feature","properties":{"country_code":"USA","city":"Evans","geoname_id":"4193699","h3_hexagon":600188362480943103,"downloaders":{"size":13,"mobile":0,"satellite":0,"tor":0,"tor_exit_nodes":0,"vpn":0,"relay":0,"proxy":0,"hosting":0,"service":0},"uploaders":{"size":11,"mobile":0,"satellite":0,"tor":0,"tor_exit_nodes":0,"vpn":0,"relay":0,"proxy":0,"hosting":0,"service":0}},"geometry":{"type":"Point","coordinates":[-82.13067,33.53375]}},{"type":"Feature","properties":{"country_code":"USA","city":"Lake Lorraine","geoname_id":"4161296","h3_hexagon":600180713144188927,"downloaders":{"size":13,"mobile":0,"satellite":0,"tor":0,"tor_exit_nodes":0,"vpn":0,"relay":0,"proxy":0,"hosting":0,"service":0},"uploaders":{"size":11,"mobile":0,"satellite":0,"tor":0,"tor_exit_nodes":0,"vpn":0,"relay":0,"proxy":0,"hosting":0,"service":0}},"geometry":{"type":"Point","coordinates":[-86.56523,30.44159]}},{"type":"Feature","properties":{"country_code":"USA","city":"Carpentersville","geoname_id":"4886676","h3_hexagon":599670977835565055,"downloaders":{"size":13,"mobile":0,"satellite":0,"tor":0,"tor_exit_nodes":0,"vpn":0,"relay":0,"proxy":0,"hosting":0,"service":0},"uploaders":{"size":10,"mobile":0,"satellite":0,"tor":0,"tor_exit_nodes":0,"vpn":0,"relay":0,"proxy":0,"hosting":0,"service":0}},"geometry":{"type":"Point","coordinates":[-88.25786,42.12114]}},{"type":"Feature","properties":{"country_code":"USA","city":"Glassboro","geoname_id":"4501931","h3_hexagon":599718956915228671,"downloaders":{"size":13,"mobile":0,"satellite":0,"tor":0,"tor_exit_nodes":0,"vpn":11,"relay":0,"proxy":0,"hosting":0,"service":0},"uploaders":{"size":9,"mobile":0,"satellite":0,"tor":0,"tor_exit_nodes":0,"vpn":9,"relay":0,"proxy":0,"hosting":0,"service":0}},"geometry":{"type":"Point","coordinates":[-75.11184,39.70289]}},{"type":"Feature","properties":{"country_code":"USA","city":"Rahway","geoname_id":"5103055","h3_hexagon":599718748609314815,"downloaders":{"size":13,"mobile":0,"satellite":0,"tor":0,"tor_exit_nodes":0,"vpn":0,"relay":0,"proxy":0,"hosting":0,"service":0},"uploaders":{"size":10,"mobile":0,"satellite":0,"tor":0,"tor_exit_nodes":0,"vpn":0,"relay":0,"proxy":0,"hosting":0,"service":0}},"geometry":{"type":"Point","coordinates":[-74.27765,40.60816]}},{"type":"Feature","properties":{"country_code":"SWE","city":"Karlskoga","geoname_id":"2701715","h3_hexagon":599131693151944703,"downloaders":{"size":13,"mobile":0,"satellite":0,"tor":0,"tor_exit_nodes":0,"vpn":0,"relay":0,"proxy":0,"hosting":0,"service":0},"uploaders":{"size":3,"mobile":0,"satellite":0,"tor":0,"tor_exit_nodes":0,"vpn":0,"relay":0,"proxy":0,"hosting":0,"service":0}},"geometry":{"type":"Point","coordinates":[14.52386,59.32667]}},{"type":"Feature","properties":{"country_code":"USA","city":"Fort Smith","geoname_id":"4111410","h3_hexagon":599663320982618111,"downloaders":{"size":13,"mobile":0,"satellite":0,"tor":0,"tor_exit_nodes":0,"vpn":0,"relay":0,"proxy":0,"hosting":0,"service":0},"uploaders":{"size":8,"mobile":0,"satellite":0,"tor":0,"tor_exit_nodes":0,"vpn":0,"relay":0,"proxy":0,"hosting":0,"service":0}},"geometry":{"type":"Point","coordinates":[-94.39855,35.38592]}},{"type":"Feature","properties":{"country_code":"USA","city":"North Bend","geoname_id":"5804915","h3_hexagon":599697019296022527,"downloaders":{"size":13,"mobile":0,"satellite":0,"tor":0,"tor_exit_nodes":0,"vpn":0,"relay":0,"proxy":0,"hosting":0,"service":0},"uploaders":{"size":9,"mobile":0,"satellite":0,"tor":0,"tor_exit_nodes":0,"vpn":0,"relay":0,"proxy":0,"hosting":0,"service":0}},"geometry":{"type":"Point","coordinates":[-121.78678,47.49566]}},{"type":"Feature","properties":{"country_code":"USA","city":"Hialeah","geoname_id":"4158476","h3_hexagon":600186089369501695,"downloaders":{"size":13,"mobile":0,"satellite":0,"tor":0,"tor_exit_nodes":0,"vpn":0,"relay":0,"proxy":0,"hosting":0,"service":0},"uploaders":{"size":9,"mobile":0,"satellite":0,"tor":0,"tor_exit_nodes":0,"vpn":0,"relay":0,"proxy":0,"hosting":0,"service":0}},"geometry":{"type":"Point","coordinates":[-80.27811,25.8576]}},{"type":"Feature","properties":{"country_code":"BRA","city":"Balneário Camboriú","geoname_id":"3471039","h3_hexagon":601937937810063359,"downloaders":{"size":13,"mobile":0,"satellite":0,"tor":0,"tor_exit_nodes":0,"vpn":0,"relay":0,"proxy":0,"hosting":0,"service":0},"uploaders":{"size":3,"mobile":0,"satellite":0,"tor":0,"tor_exit_nodes":0,"vpn":0,"relay":0,"proxy":0,"hosting":0,"service":0}},"geometry":{"type":"Point","coordinates":[-48.63472,-26.99056]}},{"type":"Feature","properties":{"country_code":"USA","city":"Centerville","geoname_id":"4508204","h3_hexagon":599727765893152767,"downloaders":{"size":13,"mobile":0,"satellite":0,"tor":0,"tor_exit_nodes":0,"vpn":0,"relay":0,"proxy":0,"hosting":0,"service":0},"uploaders":{"size":7,"mobile":0,"satellite":0,"tor":0,"tor_exit_nodes":0,"vpn":0,"relay":0,"proxy":0,"hosting":0,"service":0}},"geometry":{"type":"Point","coordinates":[-84.15938,39.62839]}},{"type":"Feature","properties":{"country_code":"USA","city":"Cape Coral","geoname_id":"4149962","h3_hexagon":600176329056321535,"downloaders":{"size":13,"mobile":0,"satellite":0,"tor":0,"tor_exit_nodes":0,"vpn":0,"relay":0,"proxy":0,"hosting":0,"service":0},"uploaders":{"size":4,"mobile":0,"satellite":0,"tor":0,"tor_exit_nodes":0,"vpn":0,"relay":0,"proxy":0,"hosting":0,"service":0}},"geometry":{"type":"Point","coordinates":[-81.94953,26.56285]}},{"type":"Feature","properties":{"country_code":"USA","city":"Ozark","geoname_id":"4402245","h3_hexagon":599652972258918399,"downloaders":{"size":13,"mobile":0,"satellite":0,"tor":0,"tor_exit_nodes":0,"vpn":0,"relay":0,"proxy":0,"hosting":0,"service":0},"uploaders":{"size":11,"mobile":0,"satellite":0,"tor":0,"tor_exit_nodes":0,"vpn":0,"relay":0,"proxy":0,"hosting":0,"service":0}},"geometry":{"type":"Point","coordinates":[-93.20602,37.02089]}},{"type":"Feature","properties":{"country_code":"PHL","city":"San Fernando","geoname_id":"1690039","h3_hexagon":600830427879440383,"downloaders":{"size":13,"mobile":0,"satellite":0,"tor":0,"tor_exit_nodes":0,"vpn":0,"relay":0,"proxy":0,"hosting":0,"service":0},"uploaders":{"size":12,"mobile":0,"satellite":0,"tor":0,"tor_exit_nodes":0,"vpn":0,"relay":0,"proxy":0,"hosting":0,"service":0}},"geometry":{"type":"Point","coordinates":[120.68445,15.03425]}},{"type":"Feature","properties":{"country_code":"USA","city":"West Torrington","geoname_id":"4845519","h3_hexagon":599718997717417983,"downloaders":{"size":13,"mobile":0,"satellite":0,"tor":0,"tor_exit_nodes":0,"vpn":0,"relay":0,"proxy":0,"hosting":0,"service":0},"uploaders":{"size":10,"mobile":0,"satellite":0,"tor":0,"tor_exit_nodes":0,"vpn":0,"relay":0,"proxy":0,"hosting":0,"service":0}},"geometry":{"type":"Point","coordinates":[-73.14372,41.81843]}},{"type":"Feature","properties":{"country_code":"CAN","city":"Quinte West","geoname_id":"6115355","h3_hexagon":599746030241579007,"downloaders":{"size":13,"mobile":0,"satellite":0,"tor":0,"tor_exit_nodes":0,"vpn":0,"relay":0,"proxy":0,"hosting":0,"service":0},"uploaders":{"size":9,"mobile":0,"satellite":0,"tor":0,"tor_exit_nodes":0,"vpn":0,"relay":0,"proxy":0,"hosting":0,"service":0}},"geometry":{"type":"Point","coordinates":[-77.56618,44.18342]}},{"type":"Feature","properties":{"country_code":"GBR","city":"Wolverhampton","geoname_id":"2633691","h3_hexagon":599424881578213375,"downloaders":{"size":13,"mobile":2,"satellite":0,"tor":0,"tor_exit_nodes":0,"vpn":0,"relay":0,"proxy":0,"hosting":9,"service":0},"uploaders":{"size":9,"mobile":0,"satellite":0,"tor":0,"tor_exit_nodes":0,"vpn":0,"relay":0,"proxy":0,"hosting":9,"service":0}},"geometry":{"type":"Point","coordinates":[-2.12296,52.58547]}},{"type":"Feature","properties":{"country_code":"NLD","city":"Veenendaal","geoname_id":"2745774","h3_hexagon":599425772783927295,"downloaders":{"size":13,"mobile":0,"satellite":0,"tor":0,"tor_exit_nodes":0,"vpn":0,"relay":0,"proxy":0,"hosting":0,"service":0},"uploaders":{"size":6,"mobile":0,"satellite":0,"tor":0,"tor_exit_nodes":0,"vpn":0,"relay":0,"proxy":0,"hosting":0,"service":0}},"geometry":{"type":"Point","coordinates":[5.55891,52.02863]}},{"type":"Feature","properties":{"country_code":"USA","city":"Sioux Falls","geoname_id":"5231851","h3_hexagon":599647301828345855,"downloaders":{"size":13,"mobile":0,"satellite":0,"tor":0,"tor_exit_nodes":0,"vpn":0,"relay":0,"proxy":0,"hosting":0,"service":0},"uploaders":{"size":11,"mobile":0,"satellite":0,"tor":0,"tor_exit_nodes":0,"vpn":0,"relay":0,"proxy":0,"hosting":0,"service":0}},"geometry":{"type":"Point","coordinates":[-96.72796,43.54369]}},{"type":"Feature","properties":{"country_code":"CHE","city":"Liestal","geoname_id":"2659891","h3_hexagon":599533149113810943,"downloaders":{"size":13,"mobile":0,"satellite":0,"tor":0,"tor_exit_nodes":0,"vpn":0,"relay":0,"proxy":0,"hosting":0,"service":0},"uploaders":{"size":6,"mobile":0,"satellite":0,"tor":0,"tor_exit_nodes":0,"vpn":0,"relay":0,"proxy":0,"hosting":0,"service":0}},"geometry":{"type":"Point","coordinates":[7.73446,47.48455]}},{"type":"Feature","properties":{"country_code":"USA","city":"Stafford","geoname_id":"4787247","h3_hexagon":599729428045496319,"downloaders":{"size":13,"mobile":0,"satellite":0,"tor":0,"tor_exit_nodes":0,"vpn":0,"relay":0,"proxy":0,"hosting":0,"service":0},"uploaders":{"size":3,"mobile":0,"satellite":0,"tor":0,"tor_exit_nodes":0,"vpn":0,"relay":0,"proxy":0,"hosting":0,"service":0}},"geometry":{"type":"Point","coordinates":[-77.40832,38.42207]}},{"type":"Feature","properties":{"country_code":"CAN","city":"Drummondville","geoname_id":"5942845","h3_hexagon":599746937553420287,"downloaders":{"size":13,"mobile":0,"satellite":0,"tor":0,"tor_exit_nodes":0,"vpn":0,"relay":0,"proxy":0,"hosting":0,"service":0},"uploaders":{"size":4,"mobile":0,"satellite":0,"tor":0,"tor_exit_nodes":0,"vpn":0,"relay":0,"proxy":0,"hosting":0,"service":0}},"geometry":{"type":"Point","coordinates":[-72.48241,45.88336]}},{"type":"Feature","properties":{"country_code":"POL","city":"Balice","geoname_id":"3103896","h3_hexagon":599506909011116031,"downloaders":{"size":12,"mobile":0,"satellite":0,"tor":0,"tor_exit_nodes":0,"vpn":0,"relay":0,"proxy":0,"hosting":0,"service":0},"uploaders":{"size":11,"mobile":0,"satellite":0,"tor":0,"tor_exit_nodes":0,"vpn":0,"relay":0,"proxy":0,"hosting":0,"service":0}},"geometry":{"type":"Point","coordinates":[19.79462,50.08799]}},{"type":"Feature","properties":{"country_code":"USA","city":"Muncie","geoname_id":"4924006","h3_hexagon":599727708984836095,"downloaders":{"size":12,"mobile":12,"satellite":0,"tor":0,"tor_exit_nodes":0,"vpn":0,"relay":0,"proxy":0,"hosting":0,"service":0},"uploaders":{"size":11,"mobile":11,"satellite":0,"tor":0,"tor_exit_nodes":0,"vpn":0,"relay":0,"proxy":0,"hosting":0,"service":0}},"geometry":{"type":"Point","coordinates":[-85.38636,40.19338]}},{"type":"Feature","properties":{"country_code":"USA","city":"Maineville","geoname_id":"4517441","h3_hexagon":599727762671927295,"downloaders":{"size":12,"mobile":0,"satellite":0,"tor":0,"tor_exit_nodes":0,"vpn":12,"relay":0,"proxy":0,"hosting":0,"service":0},"uploaders":{"size":12,"mobile":0,"satellite":0,"tor":0,"tor_exit_nodes":0,"vpn":12,"relay":0,"proxy":0,"hosting":0,"service":0}},"geometry":{"type":"Point","coordinates":[-84.22077,39.31506]}},{"type":"Feature","properties":{"country_code":"BHR","city":"Manama","geoname_id":"290340","h3_hexagon":600446465319370751,"downloaders":{"size":12,"mobile":0,"satellite":0,"tor":0,"tor_exit_nodes":0,"vpn":1,"relay":0,"proxy":0,"hosting":0,"service":0},"uploaders":{"size":3,"mobile":0,"satellite":0,"tor":0,"tor_exit_nodes":0,"vpn":0,"relay":0,"proxy":0,"hosting":0,"service":0}},"geometry":{"type":"Point","coordinates":[50.58565,26.22787]}},{"type":"Feature","properties":{"country_code":"IND","city":"Thāne","geoname_id":"1254661","h3_hexagon":600677170561417215,"downloaders":{"size":12,"mobile":0,"satellite":0,"tor":0,"tor_exit_nodes":0,"vpn":0,"relay":0,"proxy":0,"hosting":0,"service":0},"uploaders":{"size":3,"mobile":0,"satellite":0,"tor":0,"tor_exit_nodes":0,"vpn":0,"relay":0,"proxy":0,"hosting":0,"service":0}},"geometry":{"type":"Point","coordinates":[72.96355,19.19704]}},{"type":"Feature","properties":{"country_code":"MYS","city":"Rawang","geoname_id":"1735150","h3_hexagon":600755938114142207,"downloaders":{"size":12,"mobile":0,"satellite":0,"tor":0,"tor_exit_nodes":0,"vpn":0,"relay":0,"proxy":0,"hosting":0,"service":0},"uploaders":{"size":4,"mobile":0,"satellite":0,"tor":0,"tor_exit_nodes":0,"vpn":0,"relay":0,"proxy":0,"hosting":0,"service":0}},"geometry":{"type":"Point","coordinates":[101.5767,3.3213]}},{"type":"Feature","properties":{"country_code":"NOR","city":"Asker","geoname_id":"3162657","h3_hexagon":599147595268358143,"downloaders":{"size":12,"mobile":0,"satellite":0,"tor":0,"tor_exit_nodes":0,"vpn":0,"relay":0,"proxy":0,"hosting":0,"service":0},"uploaders":{"size":10,"mobile":0,"satellite":0,"tor":0,"tor_exit_nodes":0,"vpn":0,"relay":0,"proxy":0,"hosting":0,"service":0}},"geometry":{"type":"Point","coordinates":[10.43721,59.83333]}},{"type":"Feature","properties":{"country_code":"PHL","city":"Las Piñas","geoname_id":"1707174","h3_hexagon":600831344854958079,"downloaders":{"size":12,"mobile":4,"satellite":0,"tor":0,"tor_exit_nodes":0,"vpn":0,"relay":0,"proxy":0,"hosting":0,"service":0},"uploaders":{"size":4,"mobile":2,"satellite":0,"tor":0,"tor_exit_nodes":0,"vpn":0,"relay":0,"proxy":0,"hosting":0,"service":0}},"geometry":{"type":"Point","coordinates":[120.98278,14.45056]}},{"type":"Feature","properties":{"country_code":"USA","city":"Columbia","geoname_id":"4575352","h3_hexagon":600190315617320959,"downloaders":{"size":12,"mobile":9,"satellite":0,"tor":0,"tor_exit_nodes":0,"vpn":2,"relay":0,"proxy":0,"hosting":2,"service":2},"uploaders":{"size":9,"mobile":9,"satellite":0,"tor":0,"tor_exit_nodes":0,"vpn":0,"relay":0,"proxy":0,"hosting":0,"service":0}},"geometry":{"type":"Point","coordinates":[-81.03481,34.00071]}},{"type":"Feature","properties":{"country_code":"USA","city":"Montrose","geoname_id":"5431710","h3_hexagon":599657984485752831,"downloaders":{"size":12,"mobile":0,"satellite":0,"tor":0,"tor_exit_nodes":0,"vpn":0,"relay":0,"proxy":0,"hosting":0,"service":0},"uploaders":{"size":11,"mobile":0,"satellite":0,"tor":0,"tor_exit_nodes":0,"vpn":0,"relay":0,"proxy":0,"hosting":0,"service":0}},"geometry":{"type":"Point","coordinates":[-107.87617,38.47832]}},{"type":"Feature","properties":{"country_code":"USA","city":"Charleston","geoname_id":"4612805","h3_hexagon":600188768355352575,"downloaders":{"size":12,"mobile":12,"satellite":0,"tor":0,"tor_exit_nodes":0,"vpn":0,"relay":0,"proxy":0,"hosting":0,"service":0},"uploaders":{"size":10,"mobile":10,"satellite":0,"tor":0,"tor_exit_nodes":0,"vpn":0,"relay":0,"proxy":0,"hosting":0,"service":0}},"geometry":{"type":"Point","coordinates":[-84.75827,35.2873]}},{"type":"Feature","properties":{"country_code":"USA","city":"De Pere","geoname_id":"5250201","h3_hexagon":599669468154560511,"downloaders":{"size":12,"mobile":0,"satellite":0,"tor":0,"tor_exit_nodes":0,"vpn":0,"relay":0,"proxy":0,"hosting":0,"service":0},"uploaders":{"size":12,"mobile":0,"satellite":0,"tor":0,"tor_exit_nodes":0,"vpn":0,"relay":0,"proxy":0,"hosting":0,"service":0}},"geometry":{"type":"Point","coordinates":[-88.06038,44.44888]}},{"type":"Feature","properties":{"country_code":"CZE","city":"Ochoz u Brna","geoname_id":"3069167","h3_hexagon":599506969140658175,"downloaders":{"size":12,"mobile":0,"satellite":0,"tor":0,"tor_exit_nodes":0,"vpn":0,"relay":0,"proxy":0,"hosting":0,"service":0},"uploaders":{"size":9,"mobile":0,"satellite":0,"tor":0,"tor_exit_nodes":0,"vpn":0,"relay":0,"proxy":0,"hosting":0,"service":0}},"geometry":{"type":"Point","coordinates":[16.73733,49.25447]}},{"type":"Feature","properties":{"country_code":"USA","city":"Vashon","geoname_id":"5814647","h3_hexagon":599697130965172223,"downloaders":{"size":12,"mobile":0,"satellite":0,"tor":0,"tor_exit_nodes":0,"vpn":0,"relay":0,"proxy":0,"hosting":0,"service":0},"uploaders":{"size":10,"mobile":0,"satellite":0,"tor":0,"tor_exit_nodes":0,"vpn":0,"relay":0,"proxy":0,"hosting":0,"service":0}},"geometry":{"type":"Point","coordinates":[-122.45985,47.44732]}},{"type":"Feature","properties":{"country_code":"NLD","city":"Vaals","geoname_id":"2745906","h3_hexagon":599535147347345407,"downloaders":{"size":12,"mobile":0,"satellite":0,"tor":0,"tor_exit_nodes":0,"vpn":0,"relay":0,"proxy":0,"hosting":0,"service":0},"uploaders":{"size":3,"mobile":0,"satellite":0,"tor":0,"tor_exit_nodes":0,"vpn":0,"relay":0,"proxy":0,"hosting":0,"service":0}},"geometry":{"type":"Point","coordinates":[6.01806,50.77083]}},{"type":"Feature","properties":{"country_code":"CAN","city":"Regina","geoname_id":"6119109","h3_hexagon":599675854770929663,"downloaders":{"size":12,"mobile":4,"satellite":0,"tor":4,"tor_exit_nodes":0,"vpn":0,"relay":0,"proxy":0,"hosting":0,"service":0},"uploaders":{"size":5,"mobile":1,"satellite":0,"tor":4,"tor_exit_nodes":0,"vpn":0,"relay":0,"proxy":0,"hosting":0,"service":0}},"geometry":{"type":"Point","coordinates":[-104.6178,50.45008]}},{"type":"Feature","properties":{"country_code":"USA","city":"Alhambra","geoname_id":"5323060","h3_hexagon":599711150812168191,"downloaders":{"size":12,"mobile":0,"satellite":0,"tor":0,"tor_exit_nodes":0,"vpn":0,"relay":3,"proxy":0,"hosting":3,"service":3},"uploaders":{"size":3,"mobile":0,"satellite":0,"tor":0,"tor_exit_nodes":0,"vpn":0,"relay":0,"proxy":0,"hosting":0,"service":0}},"geometry":{"type":"Point","coordinates":[-118.12701,34.09529]}},{"type":"Feature","properties":{"country_code":"CZE","city":"Frenštát pod Radhoštěm","geoname_id":"3076132","h3_hexagon":599506801636933631,"downloaders":{"size":12,"mobile":0,"satellite":0,"tor":0,"tor_exit_nodes":0,"vpn":0,"relay":0,"proxy":0,"hosting":0,"service":0},"uploaders":{"size":9,"mobile":0,"satellite":0,"tor":0,"tor_exit_nodes":0,"vpn":0,"relay":0,"proxy":0,"hosting":0,"service":0}},"geometry":{"type":"Point","coordinates":[18.21078,49.54835]}},{"type":"Feature","properties":{"country_code":"USA","city":"Santa Rosa","geoname_id":"5393287","h3_hexagon":599685751449321471,"downloaders":{"size":12,"mobile":0,"satellite":0,"tor":0,"tor_exit_nodes":0,"vpn":0,"relay":0,"proxy":0,"hosting":0,"service":0},"uploaders":{"size":9,"mobile":0,"satellite":0,"tor":0,"tor_exit_nodes":0,"vpn":0,"relay":0,"proxy":0,"hosting":0,"service":0}},"geometry":{"type":"Point","coordinates":[-122.71443,38.44047]}},{"type":"Feature","properties":{"country_code":"ARG","city":"Berazategui","geoname_id":"3436043","h3_hexagon":602407286467461119,"downloaders":{"size":12,"mobile":0,"satellite":0,"tor":0,"tor_exit_nodes":0,"vpn":0,"relay":0,"proxy":0,"hosting":0,"service":0},"uploaders":{"size":5,"mobile":0,"satellite":0,"tor":0,"tor_exit_nodes":0,"vpn":0,"relay":0,"proxy":0,"hosting":0,"service":0}},"geometry":{"type":"Point","coordinates":[-58.21278,-34.76531]}},{"type":"Feature","properties":{"country_code":"UKR","city":"Boryspil","geoname_id":"711660","h3_hexagon":599513364346961919,"downloaders":{"size":12,"mobile":0,"satellite":0,"tor":0,"tor_exit_nodes":0,"vpn":0,"relay":0,"proxy":0,"hosting":0,"service":0},"uploaders":{"size":10,"mobile":0,"satellite":0,"tor":0,"tor_exit_nodes":0,"vpn":0,"relay":0,"proxy":0,"hosting":0,"service":0}},"geometry":{"type":"Point","coordinates":[30.95501,50.35269]}},{"type":"Feature","properties":{"country_code":"USA","city":"Oxford","geoname_id":"5004817","h3_hexagon":599670181119131647,"downloaders":{"size":12,"mobile":0,"satellite":0,"tor":0,"tor_exit_nodes":0,"vpn":0,"relay":0,"proxy":0,"hosting":0,"service":0},"uploaders":{"size":11,"mobile":0,"satellite":0,"tor":0,"tor_exit_nodes":0,"vpn":0,"relay":0,"proxy":0,"hosting":0,"service":0}},"geometry":{"type":"Point","coordinates":[-83.26466,42.82475]}},{"type":"Feature","properties":{"country_code":"USA","city":"Baton Rouge","geoname_id":"4315588","h3_hexagon":600179469751156735,"downloaders":{"size":12,"mobile":1,"satellite":0,"tor":0,"tor_exit_nodes":0,"vpn":0,"relay":0,"proxy":0,"hosting":0,"service":0},"uploaders":{"size":5,"mobile":0,"satellite":0,"tor":0,"tor_exit_nodes":0,"vpn":0,"relay":0,"proxy":0,"hosting":0,"service":0}},"geometry":{"type":"Point","coordinates":[-91.18747,30.44332]}},{"type":"Feature","properties":{"country_code":"JPN","city":"Tsukuba","geoname_id":"2110681","h3_hexagon":599811799075782655,"downloaders":{"size":12,"mobile":1,"satellite":0,"tor":0,"tor_exit_nodes":0,"vpn":0,"relay":0,"proxy":0,"hosting":0,"service":0},"uploaders":{"size":3,"mobile":0,"satellite":0,"tor":0,"tor_exit_nodes":0,"vpn":0,"relay":0,"proxy":0,"hosting":0,"service":0}},"geometry":{"type":"Point","coordinates":[140.11667,36.08333]}},{"type":"Feature","properties":{"country_code":"USA","city":"Round Rock","geoname_id":"4724129","h3_hexagon":600256256250216447,"downloaders":{"size":12,"mobile":0,"satellite":0,"tor":0,"tor_exit_nodes":0,"vpn":1,"relay":0,"proxy":0,"hosting":0,"service":0},"uploaders":{"size":11,"mobile":0,"satellite":0,"tor":0,"tor_exit_nodes":0,"vpn":1,"relay":0,"proxy":0,"hosting":0,"service":0}},"geometry":{"type":"Point","coordinates":[-97.6789,30.50826]}},{"type":"Feature","properties":{"country_code":"USA","city":"Fairview","geoname_id":"5539005","h3_hexagon":599657331650723839,"downloaders":{"size":12,"mobile":0,"satellite":0,"tor":0,"tor_exit_nodes":0,"vpn":0,"relay":0,"proxy":0,"hosting":0,"service":0},"uploaders":{"size":11,"mobile":0,"satellite":0,"tor":0,"tor_exit_nodes":0,"vpn":0,"relay":0,"proxy":0,"hosting":0,"service":0}},"geometry":{"type":"Point","coordinates":[-111.43963,39.62635]}},{"type":"Feature","properties":{"country_code":"USA","city":"Napa","geoname_id":"5376095","h3_hexagon":599685738564419583,"downloaders":{"size":12,"mobile":0,"satellite":0,"tor":0,"tor_exit_nodes":0,"vpn":0,"relay":0,"proxy":0,"hosting":0,"service":0},"uploaders":{"size":9,"mobile":0,"satellite":0,"tor":0,"tor_exit_nodes":0,"vpn":0,"relay":0,"proxy":0,"hosting":0,"service":0}},"geometry":{"type":"Point","coordinates":[-122.28553,38.29714]}},{"type":"Feature","properties":{"country_code":"IND","city":"Hugli","geoname_id":"1269910","h3_hexagon":600050951444758527,"downloaders":{"size":11,"mobile":0,"satellite":0,"tor":0,"tor_exit_nodes":0,"vpn":0,"relay":0,"proxy":0,"hosting":0,"service":0},"uploaders":{"size":7,"mobile":0,"satellite":0,"tor":0,"tor_exit_nodes":0,"vpn":0,"relay":0,"proxy":0,"hosting":0,"service":0}},"geometry":{"type":"Point","coordinates":[88.39674,22.90877]}},{"type":"Feature","properties":{"country_code":"USA","city":"Waterford","geoname_id":"5014130","h3_hexagon":599670184340357119,"downloaders":{"size":11,"mobile":0,"satellite":0,"tor":0,"tor_exit_nodes":0,"vpn":0,"relay":0,"proxy":0,"hosting":0,"service":0},"uploaders":{"size":9,"mobile":0,"satellite":0,"tor":0,"tor_exit_nodes":0,"vpn":0,"relay":0,"proxy":0,"hosting":0,"service":0}},"geometry":{"type":"Point","coordinates":[-83.41181,42.69303]}},{"type":"Feature","properties":{"country_code":"USA","city":"Fishers","geoname_id":"4257494","h3_hexagon":599727676772581375,"downloaders":{"size":11,"mobile":0,"satellite":0,"tor":0,"tor_exit_nodes":0,"vpn":0,"relay":0,"proxy":0,"hosting":0,"service":0},"uploaders":{"size":10,"mobile":0,"satellite":0,"tor":0,"tor_exit_nodes":0,"vpn":0,"relay":0,"proxy":0,"hosting":0,"service":0}},"geometry":{"type":"Point","coordinates":[-86.01387,39.95559]}},{"type":"Feature","properties":{"country_code":"USA","city":"Chattanooga","geoname_id":"4612862","h3_hexagon":600189131280089087,"downloaders":{"size":11,"mobile":0,"satellite":0,"tor":0,"tor_exit_nodes":0,"vpn":0,"relay":0,"proxy":0,"hosting":0,"service":0},"uploaders":{"size":3,"mobile":0,"satellite":0,"tor":0,"tor_exit_nodes":0,"vpn":0,"relay":0,"proxy":0,"hosting":0,"service":0}},"geometry":{"type":"Point","coordinates":[-85.30968,35.04563]}},{"type":"Feature","properties":{"country_code":"USA","city":"Hickory Hills","geoname_id":"4895767","h3_hexagon":599654148006215679,"downloaders":{"size":11,"mobile":5,"satellite":0,"tor":0,"tor_exit_nodes":0,"vpn":0,"relay":0,"proxy":0,"hosting":0,"service":0},"uploaders":{"size":4,"mobile":4,"satellite":0,"tor":0,"tor_exit_nodes":0,"vpn":0,"relay":0,"proxy":0,"hosting":0,"service":0}},"geometry":{"type":"Point","coordinates":[-87.82506,41.72559]}},{"type":"Feature","properties":{"country_code":"USA","city":"Fort Worth","geoname_id":"4691930","h3_hexagon":599661262619541503,"downloaders":{"size":11,"mobile":2,"satellite":0,"tor":0,"tor_exit_nodes":0,"vpn":0,"relay":0,"proxy":0,"hosting":0,"service":0},"uploaders":{"size":4,"mobile":0,"satellite":0,"tor":0,"tor_exit_nodes":0,"vpn":0,"relay":0,"proxy":0,"hosting":0,"service":0}},"geometry":{"type":"Point","coordinates":[-97.32085,32.72541]}},{"type":"Feature","properties":{"country_code":"DNK","city":"Skive","geoname_id":"2613731","h3_hexagon":599526720621510655,"downloaders":{"size":11,"mobile":0,"satellite":0,"tor":0,"tor_exit_nodes":0,"vpn":0,"relay":0,"proxy":0,"hosting":11,"service":0},"uploaders":{"size":9,"mobile":0,"satellite":0,"tor":0,"tor_exit_nodes":0,"vpn":0,"relay":0,"proxy":0,"hosting":9,"service":0}},"geometry":{"type":"Point","coordinates":[9.02707,56.56699]}},{"type":"Feature","properties":{"country_code":"USA","city":"Raleigh","geoname_id":"4487042","h3_hexagon":599727064739741695,"downloaders":{"size":11,"mobile":0,"satellite":0,"tor":0,"tor_exit_nodes":0,"vpn":0,"relay":0,"proxy":0,"hosting":11,"service":0},"uploaders":{"size":10,"mobile":0,"satellite":0,"tor":0,"tor_exit_nodes":0,"vpn":0,"relay":0,"proxy":0,"hosting":10,"service":0}},"geometry":{"type":"Point","coordinates":[-78.5381,35.8673]}},{"type":"Feature","properties":{"country_code":"USA","city":"New York City","geoname_id":"5128581","h3_hexagon":599718726060736511,"downloaders":{"size":11,"mobile":0,"satellite":0,"tor":0,"tor_exit_nodes":0,"vpn":0,"relay":0,"proxy":0,"hosting":0,"service":0},"uploaders":{"size":3,"mobile":0,"satellite":0,"tor":0,"tor_exit_nodes":0,"vpn":0,"relay":0,"proxy":0,"hosting":0,"service":0}},"geometry":{"type":"Point","coordinates":[-73.9657,40.7571]}},{"type":"Feature","properties":{"country_code":"USA","city":"Bloomington","geoname_id":"4254679","h3_hexagon":599654699909513215,"downloaders":{"size":11,"mobile":0,"satellite":0,"tor":0,"tor_exit_nodes":0,"vpn":0,"relay":0,"proxy":0,"hosting":0,"service":0},"uploaders":{"size":11,"mobile":0,"satellite":0,"tor":0,"tor_exit_nodes":0,"vpn":0,"relay":0,"proxy":0,"hosting":0,"service":0}},"geometry":{"type":"Point","coordinates":[-86.52639,39.16533]}},{"type":"Feature","properties":{"country_code":"CAN","city":"Collingwood","geoname_id":"5925975","h3_hexagon":599745850926694399,"downloaders":{"size":11,"mobile":0,"satellite":0,"tor":0,"tor_exit_nodes":0,"vpn":0,"relay":0,"proxy":0,"hosting":0,"service":0},"uploaders":{"size":3,"mobile":0,"satellite":0,"tor":0,"tor_exit_nodes":0,"vpn":0,"relay":0,"proxy":0,"hosting":0,"service":0}},"geometry":{"type":"Point","coordinates":[-80.21638,44.4834]}},{"type":"Feature","properties":{"country_code":"USA","city":"Ann Arbor","geoname_id":"4984247","h3_hexagon":599669903019999231,"downloaders":{"size":11,"mobile":3,"satellite":0,"tor":0,"tor_exit_nodes":0,"vpn":0,"relay":0,"proxy":0,"hosting":0,"service":0},"uploaders":{"size":3,"mobile":2,"satellite":0,"tor":0,"tor_exit_nodes":0,"vpn":0,"relay":0,"proxy":0,"hosting":0,"service":0}},"geometry":{"type":"Point","coordinates":[-83.74088,42.27756]}},{"type":"Feature","properties":{"country_code":"GBR","city":"Cheltenham","geoname_id":"2653261","h3_hexagon":599424638912561151,"downloaders":{"size":11,"mobile":0,"satellite":0,"tor":0,"tor_exit_nodes":0,"vpn":0,"relay":0,"proxy":0,"hosting":0,"service":0},"uploaders":{"size":3,"mobile":0,"satellite":0,"tor":0,"tor_exit_nodes":0,"vpn":0,"relay":0,"proxy":0,"hosting":0,"service":0}},"geometry":{"type":"Point","coordinates":[-2.07972,51.90006]}},{"type":"Feature","properties":{"country_code":"ITA","city":"Ottaviano","geoname_id":"3171778","h3_hexagon":599515531157962751,"downloaders":{"size":11,"mobile":0,"satellite":0,"tor":0,"tor_exit_nodes":0,"vpn":0,"relay":0,"proxy":0,"hosting":0,"service":0},"uploaders":{"size":3,"mobile":0,"satellite":0,"tor":0,"tor_exit_nodes":0,"vpn":0,"relay":0,"proxy":0,"hosting":0,"service":0}},"geometry":{"type":"Point","coordinates":[14.47826,40.85193]}},{"type":"Feature","properties":{"country_code":"ARG","city":"La Plata","geoname_id":"3432043","h3_hexagon":602407212379275263,"downloaders":{"size":11,"mobile":1,"satellite":0,"tor":0,"tor_exit_nodes":0,"vpn":0,"relay":0,"proxy":0,"hosting":0,"service":0},"uploaders":{"size":3,"mobile":0,"satellite":0,"tor":0,"tor_exit_nodes":0,"vpn":0,"relay":0,"proxy":0,"hosting":0,"service":0}},"geometry":{"type":"Point","coordinates":[-57.95442,-34.92126]}},{"type":"Feature","properties":{"country_code":"USA","city":"Jewett City","geoname_id":"4836993","h3_hexagon":599721153791000575,"downloaders":{"size":11,"mobile":0,"satellite":0,"tor":0,"tor_exit_nodes":0,"vpn":0,"relay":0,"proxy":0,"hosting":0,"service":0},"uploaders":{"size":8,"mobile":0,"satellite":0,"tor":0,"tor_exit_nodes":0,"vpn":0,"relay":0,"proxy":0,"hosting":0,"service":0}},"geometry":{"type":"Point","coordinates":[-71.98091,41.60677]}},{"type":"Feature","properties":{"country_code":"USA","city":"Wheaton","geoname_id":"4916288","h3_hexagon":599670974614339583,"downloaders":{"size":11,"mobile":0,"satellite":0,"tor":0,"tor_exit_nodes":0,"vpn":0,"relay":11,"proxy":0,"hosting":11,"service":11},"uploaders":{"size":4,"mobile":0,"satellite":0,"tor":0,"tor_exit_nodes":0,"vpn":0,"relay":4,"proxy":0,"hosting":4,"service":4}},"geometry":{"type":"Point","coordinates":[-88.10701,41.86614]}},{"type":"Feature","properties":{"country_code":"USA","city":"South Bend","geoname_id":"4926563","h3_hexagon":599670018984116223,"downloaders":{"size":11,"mobile":10,"satellite":0,"tor":0,"tor_exit_nodes":0,"vpn":0,"relay":0,"proxy":0,"hosting":0,"service":0},"uploaders":{"size":9,"mobile":9,"satellite":0,"tor":0,"tor_exit_nodes":0,"vpn":0,"relay":0,"proxy":0,"hosting":0,"service":0}},"geometry":{"type":"Point","coordinates":[-86.25001,41.68338]}},{"type":"Feature","properties":{"country_code":"BRA","city":"Nova Lima","geoname_id":"3456147","h3_hexagon":601943149752877055,"downloaders":{"size":11,"mobile":0,"satellite":0,"tor":0,"tor_exit_nodes":0,"vpn":0,"relay":0,"proxy":0,"hosting":0,"service":0},"uploaders":{"size":5,"mobile":0,"satellite":0,"tor":0,"tor_exit_nodes":0,"vpn":0,"relay":0,"proxy":0,"hosting":0,"service":0}},"geometry":{"type":"Point","coordinates":[-43.84667,-19.98556]}},{"type":"Feature","properties":{"country_code":"ITA","city":"Gerenzano","geoname_id":"6534236","h3_hexagon":599534674900942847,"downloaders":{"size":11,"mobile":10,"satellite":0,"tor":0,"tor_exit_nodes":0,"vpn":0,"relay":0,"proxy":0,"hosting":0,"service":0},"uploaders":{"size":9,"mobile":9,"satellite":0,"tor":0,"tor_exit_nodes":0,"vpn":0,"relay":0,"proxy":0,"hosting":0,"service":0}},"geometry":{"type":"Point","coordinates":[9.00104,45.63967]}},{"type":"Feature","properties":{"country_code":"USA","city":"Marietta","geoname_id":"4207783","h3_hexagon":600189096920350719,"downloaders":{"size":11,"mobile":4,"satellite":0,"tor":0,"tor_exit_nodes":0,"vpn":0,"relay":0,"proxy":0,"hosting":0,"service":0},"uploaders":{"size":4,"mobile":0,"satellite":0,"tor":0,"tor_exit_nodes":0,"vpn":0,"relay":0,"proxy":0,"hosting":0,"service":0}},"geometry":{"type":"Point","coordinates":[-84.54993,33.9526]}},{"type":"Feature","properties":{"country_code":"NZL","city":"Dunedin","geoname_id":"2191562","h3_hexagon":602822933001273343,"downloaders":{"size":11,"mobile":0,"satellite":0,"tor":0,"tor_exit_nodes":0,"vpn":0,"relay":0,"proxy":0,"hosting":11,"service":0},"uploaders":{"size":11,"mobile":0,"satellite":0,"tor":0,"tor_exit_nodes":0,"vpn":0,"relay":0,"proxy":0,"hosting":11,"service":0}},"geometry":{"type":"Point","coordinates":[170.50361,-45.87416]}},{"type":"Feature","properties":{"country_code":"USA","city":"Manchester","geoname_id":"4838174","h3_hexagon":599719044962058239,"downloaders":{"size":11,"mobile":0,"satellite":0,"tor":0,"tor_exit_nodes":0,"vpn":0,"relay":0,"proxy":0,"hosting":0,"service":0},"uploaders":{"size":10,"mobile":0,"satellite":0,"tor":0,"tor_exit_nodes":0,"vpn":0,"relay":0,"proxy":0,"hosting":0,"service":0}},"geometry":{"type":"Point","coordinates":[-72.52148,41.77593]}},{"type":"Feature","properties":{"country_code":"NZL","city":"Paraparaumu","geoname_id":"2184904","h3_hexagon":602271493560205311,"downloaders":{"size":11,"mobile":0,"satellite":0,"tor":0,"tor_exit_nodes":0,"vpn":0,"relay":0,"proxy":0,"hosting":10,"service":0},"uploaders":{"size":10,"mobile":0,"satellite":0,"tor":0,"tor_exit_nodes":0,"vpn":0,"relay":0,"proxy":0,"hosting":10,"service":0}},"geometry":{"type":"Point","coordinates":[175.01667,-40.91667]}},{"type":"Feature","properties":{"country_code":"USA","city":"Newton","geoname_id":"4868907","h3_hexagon":599655386030538751,"downloaders":{"size":11,"mobile":0,"satellite":0,"tor":0,"tor_exit_nodes":0,"vpn":0,"relay":0,"proxy":0,"hosting":0,"service":0},"uploaders":{"size":7,"mobile":0,"satellite":0,"tor":0,"tor_exit_nodes":0,"vpn":0,"relay":0,"proxy":0,"hosting":0,"service":0}},"geometry":{"type":"Point","coordinates":[-93.04798,41.69971]}},{"type":"Feature","properties":{"country_code":"USA","city":"Mission Hills","geoname_id":"5373650","h3_hexagon":599701369024151551,"downloaders":{"size":11,"mobile":0,"satellite":0,"tor":0,"tor_exit_nodes":0,"vpn":10,"relay":0,"proxy":0,"hosting":0,"service":0},"uploaders":{"size":10,"mobile":0,"satellite":0,"tor":0,"tor_exit_nodes":0,"vpn":10,"relay":0,"proxy":0,"hosting":0,"service":0}},"geometry":{"type":"Point","coordinates":[-120.43683,34.68609]}},{"type":"Feature","properties":{"country_code":"USA","city":"Alpharetta","geoname_id":"4179574","h3_hexagon":600188291613982719,"downloaders":{"size":10,"mobile":8,"satellite":0,"tor":0,"tor_exit_nodes":0,"vpn":0,"relay":0,"proxy":0,"hosting":0,"service":0},"uploaders":{"size":8,"mobile":8,"satellite":0,"tor":0,"tor_exit_nodes":0,"vpn":0,"relay":0,"proxy":0,"hosting":0,"service":0}},"geometry":{"type":"Point","coordinates":[-84.29409,34.07538]}},{"type":"Feature","properties":{"country_code":"MRT","city":"Nouakchott","geoname_id":"2377450","h3_hexagon":600457903891021823,"downloaders":{"size":10,"mobile":0,"satellite":0,"tor":0,"tor_exit_nodes":0,"vpn":0,"relay":0,"proxy":0,"hosting":0,"service":0},"uploaders":{"size":8,"mobile":0,"satellite":0,"tor":0,"tor_exit_nodes":0,"vpn":0,"relay":0,"proxy":0,"hosting":0,"service":0}},"geometry":{"type":"Point","coordinates":[-15.9785,18.08581]}},{"type":"Feature","properties":{"country_code":"USA","city":"Port Orchard","geoname_id":"5807236","h3_hexagon":599697082646790143,"downloaders":{"size":10,"mobile":0,"satellite":0,"tor":0,"tor_exit_nodes":0,"vpn":0,"relay":0,"proxy":0,"hosting":0,"service":0},"uploaders":{"size":5,"mobile":0,"satellite":0,"tor":0,"tor_exit_nodes":0,"vpn":0,"relay":0,"proxy":0,"hosting":0,"service":0}},"geometry":{"type":"Point","coordinates":[-122.63625,47.54037]}},{"type":"Feature","properties":{"country_code":"USA","city":"Madison","geoname_id":"5261457","h3_hexagon":599670894083702783,"downloaders":{"size":10,"mobile":1,"satellite":0,"tor":0,"tor_exit_nodes":0,"vpn":0,"relay":0,"proxy":0,"hosting":0,"service":0},"uploaders":{"size":5,"mobile":0,"satellite":0,"tor":0,"tor_exit_nodes":0,"vpn":0,"relay":0,"proxy":0,"hosting":0,"service":0}},"geometry":{"type":"Point","coordinates":[-89.40123,43.07305]}},{"type":"Feature","properties":{"country_code":"DEU","city":"Bonn","geoname_id":"2946447","h3_hexagon":599535177412116479,"downloaders":{"size":10,"mobile":0,"satellite":0,"tor":0,"tor_exit_nodes":0,"vpn":0,"relay":0,"proxy":0,"hosting":0,"service":0},"uploaders":{"size":5,"mobile":0,"satellite":0,"tor":0,"tor_exit_nodes":0,"vpn":0,"relay":0,"proxy":0,"hosting":0,"service":0}},"geometry":{"type":"Point","coordinates":[7.09549,50.73438]}},{"type":"Feature","properties":{"country_code":"USA","city":"Reno","geoname_id":"5511077","h3_hexagon":599709448931377151,"downloaders":{"size":10,"mobile":0,"satellite":0,"tor":0,"tor_exit_nodes":0,"vpn":0,"relay":0,"proxy":0,"hosting":0,"service":0},"uploaders":{"size":3,"mobile":0,"satellite":0,"tor":0,"tor_exit_nodes":0,"vpn":0,"relay":0,"proxy":0,"hosting":0,"service":0}},"geometry":{"type":"Point","coordinates":[-119.8138,39.52963]}},{"type":"Feature","properties":{"country_code":"BRA","city":"Cachoeiro de Itapemirim","geoname_id":"3468376","h3_hexagon":601943472949166079,"downloaders":{"size":10,"mobile":0,"satellite":0,"tor":0,"tor_exit_nodes":0,"vpn":0,"relay":0,"proxy":0,"hosting":0,"service":0},"uploaders":{"size":7,"mobile":0,"satellite":0,"tor":0,"tor_exit_nodes":0,"vpn":0,"relay":0,"proxy":0,"hosting":0,"service":0}},"geometry":{"type":"Point","coordinates":[-41.11278,-20.84889]}},{"type":"Feature","properties":{"country_code":"SWE","city":"Karlskrona","geoname_id":"2701713","h3_hexagon":599526861281689599,"downloaders":{"size":10,"mobile":0,"satellite":0,"tor":0,"tor_exit_nodes":0,"vpn":0,"relay":0,"proxy":0,"hosting":0,"service":0},"uploaders":{"size":8,"mobile":0,"satellite":0,"tor":0,"tor_exit_nodes":0,"vpn":0,"relay":0,"proxy":0,"hosting":0,"service":0}},"geometry":{"type":"Point","coordinates":[15.58661,56.16156]}},{"type":"Feature","properties":{"country_code":"USA","city":"Eldersburg","geoname_id":"4354163","h3_hexagon":599729594475479039,"downloaders":{"size":10,"mobile":0,"satellite":0,"tor":0,"tor_exit_nodes":0,"vpn":0,"relay":0,"proxy":0,"hosting":0,"service":0},"uploaders":{"size":3,"mobile":0,"satellite":0,"tor":0,"tor_exit_nodes":0,"vpn":0,"relay":0,"proxy":0,"hosting":0,"service":0}},"geometry":{"type":"Point","coordinates":[-76.95026,39.40371]}},{"type":"Feature","properties":{"country_code":"USA","city":"Bristol","geoname_id":"5282835","h3_hexagon":599718998791159807,"downloaders":{"size":10,"mobile":0,"satellite":0,"tor":0,"tor_exit_nodes":0,"vpn":0,"relay":0,"proxy":0,"hosting":0,"service":0},"uploaders":{"size":8,"mobile":0,"satellite":0,"tor":0,"tor_exit_nodes":0,"vpn":0,"relay":0,"proxy":0,"hosting":0,"service":0}},"geometry":{"type":"Point","coordinates":[-72.94927,41.67176]}},{"type":"Feature","properties":{"country_code":"USA","city":"Stevens Point","geoname_id":"5274644","h3_hexagon":599671222648700927,"downloaders":{"size":10,"mobile":0,"satellite":0,"tor":0,"tor_exit_nodes":0,"vpn":0,"relay":0,"proxy":0,"hosting":0,"service":0},"uploaders":{"size":9,"mobile":0,"satellite":0,"tor":0,"tor_exit_nodes":0,"vpn":0,"relay":0,"proxy":0,"hosting":0,"service":0}},"geometry":{"type":"Point","coordinates":[-89.57456,44.52358]}},{"type":"Feature","properties":{"country_code":"USA","city":"Livingston","geoname_id":"4707173","h3_hexagon":600182166990618623,"downloaders":{"size":10,"mobile":0,"satellite":0,"tor":0,"tor_exit_nodes":0,"vpn":0,"relay":0,"proxy":0,"hosting":0,"service":0},"uploaders":{"size":9,"mobile":0,"satellite":0,"tor":0,"tor_exit_nodes":0,"vpn":0,"relay":0,"proxy":0,"hosting":0,"service":0}},"geometry":{"type":"Point","coordinates":[-94.93299,30.71103]}},{"type":"Feature","properties":{"country_code":"AUT","city":"Haag","geoname_id":"2777164","h3_hexagon":599507938729525247,"downloaders":{"size":10,"mobile":0,"satellite":0,"tor":0,"tor_exit_nodes":0,"vpn":0,"relay":0,"proxy":0,"hosting":0,"service":0},"uploaders":{"size":8,"mobile":0,"satellite":0,"tor":0,"tor_exit_nodes":0,"vpn":0,"relay":0,"proxy":0,"hosting":0,"service":0}},"geometry":{"type":"Point","coordinates":[14.56753,48.11362]}},{"type":"Feature","properties":{"country_code":"USA","city":"Athens","geoname_id":"4830668","h3_hexagon":599652272179249151,"downloaders":{"size":10,"mobile":10,"satellite":0,"tor":0,"tor_exit_nodes":0,"vpn":0,"relay":0,"proxy":0,"hosting":0,"service":0},"uploaders":{"size":8,"mobile":8,"satellite":0,"tor":0,"tor_exit_nodes":0,"vpn":0,"relay":0,"proxy":0,"hosting":0,"service":0}},"geometry":{"type":"Point","coordinates":[-86.97219,34.80243]}},{"type":"Feature","properties":{"country_code":"USA","city":"Loves Park","geoname_id":"4900579","h3_hexagon":599670982130532351,"downloaders":{"size":10,"mobile":0,"satellite":0,"tor":0,"tor_exit_nodes":0,"vpn":0,"relay":0,"proxy":0,"hosting":0,"service":0},"uploaders":{"size":6,"mobile":0,"satellite":0,"tor":0,"tor_exit_nodes":0,"vpn":0,"relay":0,"proxy":0,"hosting":0,"service":0}},"geometry":{"type":"Point","coordinates":[-89.05816,42.32002]}},{"type":"Feature","properties":{"country_code":"USA","city":"Alsea","geoname_id":"5711124","h3_hexagon":599684322298953727,"downloaders":{"size":10,"mobile":0,"satellite":0,"tor":0,"tor_exit_nodes":0,"vpn":0,"relay":0,"proxy":0,"hosting":0,"service":0},"uploaders":{"size":8,"mobile":0,"satellite":0,"tor":0,"tor_exit_nodes":0,"vpn":0,"relay":0,"proxy":0,"hosting":0,"service":0}},"geometry":{"type":"Point","coordinates":[-123.59649,44.38151]}},{"type":"Feature","properties":{"country_code":"USA","city":"Honolulu","geoname_id":"5856195","h3_hexagon":600215398226329599,"downloaders":{"size":10,"mobile":0,"satellite":0,"tor":0,"tor_exit_nodes":0,"vpn":0,"relay":0,"proxy":0,"hosting":0,"service":0},"uploaders":{"size":5,"mobile":0,"satellite":0,"tor":0,"tor_exit_nodes":0,"vpn":0,"relay":0,"proxy":0,"hosting":0,"service":0}},"geometry":{"type":"Point","coordinates":[-157.85833,21.30694]}},{"type":"Feature","properties":{"country_code":"USA","city":"Somerset","geoname_id":"5273620","h3_hexagon":599670496799227903,"downloaders":{"size":10,"mobile":0,"satellite":0,"tor":0,"tor_exit_nodes":0,"vpn":0,"relay":0,"proxy":0,"hosting":0,"service":0},"uploaders":{"size":9,"mobile":0,"satellite":0,"tor":0,"tor_exit_nodes":0,"vpn":0,"relay":0,"proxy":0,"hosting":0,"service":0}},"geometry":{"type":"Point","coordinates":[-92.67354,45.12441]}},{"type":"Feature","properties":{"country_code":"GBR","city":"Glasgow","geoname_id":"2648579","h3_hexagon":599419220811317247,"downloaders":{"size":10,"mobile":0,"satellite":0,"tor":0,"tor_exit_nodes":0,"vpn":8,"relay":0,"proxy":0,"hosting":2,"service":8},"uploaders":{"size":5,"mobile":0,"satellite":0,"tor":0,"tor_exit_nodes":0,"vpn":5,"relay":0,"proxy":0,"hosting":1,"service":5}},"geometry":{"type":"Point","coordinates":[-4.25763,55.86515]}},{"type":"Feature","properties":{"country_code":"NLD","city":"Enkhuizen","geoname_id":"2756077","h3_hexagon":599426074505379839,"downloaders":{"size":10,"mobile":0,"satellite":0,"tor":0,"tor_exit_nodes":0,"vpn":0,"relay":0,"proxy":0,"hosting":0,"service":0},"uploaders":{"size":3,"mobile":0,"satellite":0,"tor":0,"tor_exit_nodes":0,"vpn":0,"relay":0,"proxy":0,"hosting":0,"service":0}},"geometry":{"type":"Point","coordinates":[5.29167,52.70333]}},{"type":"Feature","properties":{"country_code":"USA","city":"Kalispell","geoname_id":"5660340","h3_hexagon":599693108728299519,"downloaders":{"size":10,"mobile":0,"satellite":0,"tor":0,"tor_exit_nodes":0,"vpn":0,"relay":0,"proxy":0,"hosting":0,"service":0},"uploaders":{"size":3,"mobile":0,"satellite":0,"tor":0,"tor_exit_nodes":0,"vpn":0,"relay":0,"proxy":0,"hosting":0,"service":0}},"geometry":{"type":"Point","coordinates":[-114.31291,48.19579]}},{"type":"Feature","properties":{"country_code":"USA","city":"Escondido","geoname_id":"5346827","h3_hexagon":599711331200794623,"downloaders":{"size":10,"mobile":0,"satellite":0,"tor":0,"tor_exit_nodes":0,"vpn":0,"relay":0,"proxy":0,"hosting":0,"service":0},"uploaders":{"size":5,"mobile":0,"satellite":0,"tor":0,"tor_exit_nodes":0,"vpn":0,"relay":0,"proxy":0,"hosting":0,"service":0}},"geometry":{"type":"Point","coordinates":[-117.08642,33.11921]}},{"type":"Feature","properties":{"country_code":"USA","city":"Stuart","geoname_id":"4174201","h3_hexagon":600186623019188223,"downloaders":{"size":10,"mobile":0,"satellite":0,"tor":0,"tor_exit_nodes":0,"vpn":0,"relay":0,"proxy":0,"hosting":0,"service":0},"uploaders":{"size":9,"mobile":0,"satellite":0,"tor":0,"tor_exit_nodes":0,"vpn":0,"relay":0,"proxy":0,"hosting":0,"service":0}},"geometry":{"type":"Point","coordinates":[-80.25283,27.19755]}},{"type":"Feature","properties":{"country_code":"USA","city":"Lewisville","geoname_id":"4706057","h3_hexagon":599661024248856575,"downloaders":{"size":9,"mobile":0,"satellite":0,"tor":0,"tor_exit_nodes":0,"vpn":1,"relay":0,"proxy":0,"hosting":0,"service":0},"uploaders":{"size":6,"mobile":0,"satellite":0,"tor":0,"tor_exit_nodes":0,"vpn":0,"relay":0,"proxy":0,"hosting":0,"service":0}},"geometry":{"type":"Point","coordinates":[-96.99417,33.04623]}},{"type":"Feature","properties":{"country_code":"USA","city":"Pueblo West","geoname_id":"5435477","h3_hexagon":599656604727508991,"downloaders":{"size":9,"mobile":0,"satellite":0,"tor":0,"tor_exit_nodes":0,"vpn":0,"relay":0,"proxy":0,"hosting":0,"service":0},"uploaders":{"size":9,"mobile":0,"satellite":0,"tor":0,"tor_exit_nodes":0,"vpn":0,"relay":0,"proxy":0,"hosting":0,"service":0}},"geometry":{"type":"Point","coordinates":[-104.72275,38.35]}},{"type":"Feature","properties":{"country_code":"ARG","city":"Villa Constitución","geoname_id":"3832778","h3_hexagon":602407825485856767,"downloaders":{"size":9,"mobile":0,"satellite":0,"tor":0,"tor_exit_nodes":0,"vpn":0,"relay":0,"proxy":0,"hosting":0,"service":0},"uploaders":{"size":9,"mobile":0,"satellite":0,"tor":0,"tor_exit_nodes":0,"vpn":0,"relay":0,"proxy":0,"hosting":0,"service":0}},"geometry":{"type":"Point","coordinates":[-60.32994,-33.22795]}},{"type":"Feature","properties":{"country_code":"USA","city":"Bozeman","geoname_id":"5641727","h3_hexagon":599692484884299775,"downloaders":{"size":9,"mobile":0,"satellite":0,"tor":0,"tor_exit_nodes":0,"vpn":0,"relay":0,"proxy":0,"hosting":0,"service":0},"uploaders":{"size":7,"mobile":0,"satellite":0,"tor":0,"tor_exit_nodes":0,"vpn":0,"relay":0,"proxy":0,"hosting":0,"service":0}},"geometry":{"type":"Point","coordinates":[-111.03856,45.67965]}},{"type":"Feature","properties":{"country_code":"USA","city":"Greensboro","geoname_id":"4469146","h3_hexagon":599727178556375039,"downloaders":{"size":9,"mobile":0,"satellite":0,"tor":0,"tor_exit_nodes":0,"vpn":0,"relay":0,"proxy":0,"hosting":0,"service":0},"uploaders":{"size":9,"mobile":0,"satellite":0,"tor":0,"tor_exit_nodes":0,"vpn":0,"relay":0,"proxy":0,"hosting":0,"service":0}},"geometry":{"type":"Point","coordinates":[-79.7821,36.022]}},{"type":"Feature","properties":{"country_code":"CAN","city":"Saint-Lin-Laurentides","geoname_id":"6138643","h3_hexagon":599746921447292927,"downloaders":{"size":9,"mobile":0,"satellite":0,"tor":0,"tor_exit_nodes":0,"vpn":0,"relay":0,"proxy":0,"hosting":0,"service":0},"uploaders":{"size":3,"mobile":0,"satellite":0,"tor":0,"tor_exit_nodes":0,"vpn":0,"relay":0,"proxy":0,"hosting":0,"service":0}},"geometry":{"type":"Point","coordinates":[-73.76588,45.85008]}},{"type":"Feature","properties":{"country_code":"EGY","city":"Al Mansurah","geoname_id":"360761","h3_hexagon":600076520458813439,"downloaders":{"size":9,"mobile":0,"satellite":0,"tor":0,"tor_exit_nodes":0,"vpn":0,"relay":0,"proxy":0,"hosting":0,"service":0},"uploaders":{"size":5,"mobile":0,"satellite":0,"tor":0,"tor_exit_nodes":0,"vpn":0,"relay":0,"proxy":0,"hosting":0,"service":0}},"geometry":{"type":"Point","coordinates":[31.38069,31.03637]}},{"type":"Feature","properties":{"country_code":"SWE","city":"Sundsvall","geoname_id":"2670781","h3_hexagon":599131034948206591,"downloaders":{"size":9,"mobile":0,"satellite":0,"tor":0,"tor_exit_nodes":0,"vpn":1,"relay":0,"proxy":0,"hosting":1,"service":1},"uploaders":{"size":3,"mobile":0,"satellite":0,"tor":0,"tor_exit_nodes":0,"vpn":0,"relay":0,"proxy":0,"hosting":0,"service":0}},"geometry":{"type":"Point","coordinates":[17.3063,62.39129]}},{"type":"Feature","properties":{"country_code":"USA","city":"Hillsboro","geoname_id":"5731371","h3_hexagon":599698976727367679,"downloaders":{"size":9,"mobile":0,"satellite":0,"tor":0,"tor_exit_nodes":0,"vpn":1,"relay":0,"proxy":0,"hosting":0,"service":0},"uploaders":{"size":3,"mobile":0,"satellite":0,"tor":0,"tor_exit_nodes":0,"vpn":0,"relay":0,"proxy":0,"hosting":0,"service":0}},"geometry":{"type":"Point","coordinates":[-122.98983,45.52289]}},{"type":"Feature","properties":{"country_code":"IND","city":"Kanpur","geoname_id":"1267995","h3_hexagon":600061498810695679,"downloaders":{"size":9,"mobile":1,"satellite":0,"tor":0,"tor_exit_nodes":0,"vpn":0,"relay":0,"proxy":0,"hosting":0,"service":0},"uploaders":{"size":3,"mobile":0,"satellite":0,"tor":0,"tor_exit_nodes":0,"vpn":0,"relay":0,"proxy":0,"hosting":0,"service":0}},"geometry":{"type":"Point","coordinates":[80.34975,26.46523]}},{"type":"Feature","properties":{"country_code":"USA","city":"Longview","geoname_id":"4707814","h3_hexagon":600180350219452415,"downloaders":{"size":9,"mobile":0,"satellite":0,"tor":0,"tor_exit_nodes":0,"vpn":0,"relay":0,"proxy":0,"hosting":0,"service":0},"uploaders":{"size":6,"mobile":0,"satellite":0,"tor":0,"tor_exit_nodes":0,"vpn":0,"relay":0,"proxy":0,"hosting":0,"service":0}},"geometry":{"type":"Point","coordinates":[-94.74049,32.5007]}},{"type":"Feature","properties":{"country_code":"USA","city":"Saint Pete Beach","geoname_id":"4171522","h3_hexagon":600176845526138879,"downloaders":{"size":9,"mobile":0,"satellite":0,"tor":0,"tor_exit_nodes":0,"vpn":0,"relay":0,"proxy":0,"hosting":0,"service":0},"uploaders":{"size":3,"mobile":0,"satellite":0,"tor":0,"tor_exit_nodes":0,"vpn":0,"relay":0,"proxy":0,"hosting":0,"service":0}},"geometry":{"type":"Point","coordinates":[-82.74121,27.72531]}},{"type":"Feature","properties":{"country_code":"ITA","city":"Fasano","geoname_id":"3177171","h3_hexagon":599516107757322239,"downloaders":{"size":9,"mobile":0,"satellite":0,"tor":0,"tor_exit_nodes":0,"vpn":0,"relay":0,"proxy":0,"hosting":0,"service":0},"uploaders":{"size":9,"mobile":0,"satellite":0,"tor":0,"tor_exit_nodes":0,"vpn":0,"relay":0,"proxy":0,"hosting":0,"service":0}},"geometry":{"type":"Point","coordinates":[17.36007,40.83625]}},{"type":"Feature","properties":{"country_code":"NPL","city":"Kathmandu","geoname_id":"1283240","h3_hexagon":600034460917825535,"downloaders":{"size":9,"mobile":0,"satellite":0,"tor":0,"tor_exit_nodes":0,"vpn":0,"relay":0,"proxy":0,"hosting":0,"service":0},"uploaders":{"size":9,"mobile":0,"satellite":0,"tor":0,"tor_exit_nodes":0,"vpn":0,"relay":0,"proxy":0,"hosting":0,"service":0}},"geometry":{"type":"Point","coordinates":[85.3206,27.70169]}},{"type":"Feature","properties":{"country_code":"USA","city":"Cedar City","geoname_id":"5536630","h3_hexagon":599710049153056767,"downloaders":{"size":9,"mobile":0,"satellite":0,"tor":0,"tor_exit_nodes":0,"vpn":0,"relay":0,"proxy":0,"hosting":0,"service":0},"uploaders":{"size":8,"mobile":0,"satellite":0,"tor":0,"tor_exit_nodes":0,"vpn":0,"relay":0,"proxy":0,"hosting":0,"service":0}},"geometry":{"type":"Point","coordinates":[-113.06189,37.67748]}},{"type":"Feature","properties":{"country_code":"USA","city":"York","geoname_id":"4562407","h3_hexagon":599729462405234687,"downloaders":{"size":9,"mobile":0,"satellite":0,"tor":0,"tor_exit_nodes":0,"vpn":0,"relay":0,"proxy":0,"hosting":0,"service":0},"uploaders":{"size":3,"mobile":0,"satellite":0,"tor":0,"tor_exit_nodes":0,"vpn":0,"relay":0,"proxy":0,"hosting":0,"service":0}},"geometry":{"type":"Point","coordinates":[-76.72774,39.9626]}},{"type":"Feature","properties":{"country_code":"DEU","city":"Pegnitz","geoname_id":"2855065","h3_hexagon":599535750790250495,"downloaders":{"size":9,"mobile":0,"satellite":0,"tor":0,"tor_exit_nodes":0,"vpn":0,"relay":0,"proxy":0,"hosting":0,"service":0},"uploaders":{"size":8,"mobile":0,"satellite":0,"tor":0,"tor_exit_nodes":0,"vpn":0,"relay":0,"proxy":0,"hosting":0,"service":0}},"geometry":{"type":"Point","coordinates":[11.54187,49.75216]}},{"type":"Feature","properties":{"country_code":"CAN","city":"Nepean","geoname_id":"6087029","h3_hexagon":599744260715053055,"downloaders":{"size":8,"mobile":1,"satellite":0,"tor":0,"tor_exit_nodes":0,"vpn":0,"relay":0,"proxy":0,"hosting":0,"service":0},"uploaders":{"size":4,"mobile":0,"satellite":0,"tor":0,"tor_exit_nodes":0,"vpn":0,"relay":0,"proxy":0,"hosting":0,"service":0}},"geometry":{"type":"Point","coordinates":[-75.7225,45.33619]}},{"type":"Feature","properties":{"country_code":"DEU","city":"Mering","geoname_id":"2871813","h3_hexagon":599533739671814143,"downloaders":{"size":8,"mobile":0,"satellite":0,"tor":0,"tor_exit_nodes":0,"vpn":0,"relay":0,"proxy":0,"hosting":0,"service":0},"uploaders":{"size":3,"mobile":0,"satellite":0,"tor":0,"tor_exit_nodes":0,"vpn":0,"relay":0,"proxy":0,"hosting":0,"service":0}},"geometry":{"type":"Point","coordinates":[10.98461,48.2656]}},{"type":"Feature","properties":{"country_code":"USA","city":"South Jordan","geoname_id":"5781770","h3_hexagon":599657575390117887,"downloaders":{"size":8,"mobile":0,"satellite":0,"tor":0,"tor_exit_nodes":0,"vpn":0,"relay":0,"proxy":0,"hosting":0,"service":0},"uploaders":{"size":3,"mobile":0,"satellite":0,"tor":0,"tor_exit_nodes":0,"vpn":0,"relay":0,"proxy":0,"hosting":0,"service":0}},"geometry":{"type":"Point","coordinates":[-111.92966,40.56217]}},{"type":"Feature","properties":{"country_code":"IDN","city":"Soreang","geoname_id":"1626560","h3_hexagon":601443057719574527,"downloaders":{"size":8,"mobile":0,"satellite":0,"tor":0,"tor_exit_nodes":0,"vpn":0,"relay":0,"proxy":0,"hosting":0,"service":0},"uploaders":{"size":8,"mobile":0,"satellite":0,"tor":0,"tor_exit_nodes":0,"vpn":0,"relay":0,"proxy":0,"hosting":0,"service":0}},"geometry":{"type":"Point","coordinates":[107.51833,-7.03306]}},{"type":"Feature","properties":{"country_code":"USA","city":"Zionsville","geoname_id":"4267336","h3_hexagon":599653955806429183,"downloaders":{"size":8,"mobile":0,"satellite":0,"tor":0,"tor_exit_nodes":0,"vpn":0,"relay":0,"proxy":0,"hosting":0,"service":0},"uploaders":{"size":5,"mobile":0,"satellite":0,"tor":0,"tor_exit_nodes":0,"vpn":0,"relay":0,"proxy":0,"hosting":0,"service":0}},"geometry":{"type":"Point","coordinates":[-86.26194,39.95087]}},{"type":"Feature","properties":{"country_code":"USA","city":"Champlin","geoname_id":"5020859","h3_hexagon":599670513979097087,"downloaders":{"size":8,"mobile":0,"satellite":0,"tor":0,"tor_exit_nodes":0,"vpn":0,"relay":0,"proxy":0,"hosting":0,"service":0},"uploaders":{"size":3,"mobile":0,"satellite":0,"tor":0,"tor_exit_nodes":0,"vpn":0,"relay":0,"proxy":0,"hosting":0,"service":0}},"geometry":{"type":"Point","coordinates":[-93.39745,45.18885]}},{"type":"Feature","properties":{"country_code":"IND","city":"Kurikuppi","geoname_id":"10973824","h3_hexagon":600678670578745343,"downloaders":{"size":8,"mobile":0,"satellite":0,"tor":0,"tor_exit_nodes":0,"vpn":0,"relay":8,"proxy":0,"hosting":8,"service":8},"uploaders":{"size":8,"mobile":0,"satellite":0,"tor":0,"tor_exit_nodes":0,"vpn":0,"relay":8,"proxy":0,"hosting":8,"service":8}},"geometry":{"type":"Point","coordinates":[76.8155,15.3205]}},{"type":"Feature","properties":{"country_code":"NPL","city":"Wāliṅ","geoname_id":"1282616","h3_hexagon":600037832467152895,"downloaders":{"size":8,"mobile":0,"satellite":0,"tor":0,"tor_exit_nodes":0,"vpn":0,"relay":0,"proxy":0,"hosting":0,"service":0},"uploaders":{"size":4,"mobile":0,"satellite":0,"tor":0,"tor_exit_nodes":0,"vpn":0,"relay":0,"proxy":0,"hosting":0,"service":0}},"geometry":{"type":"Point","coordinates":[83.75925,27.9837]}},{"type":"Feature","properties":{"country_code":"DEU","city":"Wetzlar","geoname_id":"2809889","h3_hexagon":599535946211262463,"downloaders":{"size":8,"mobile":0,"satellite":0,"tor":0,"tor_exit_nodes":0,"vpn":0,"relay":0,"proxy":0,"hosting":0,"service":0},"uploaders":{"size":8,"mobile":0,"satellite":0,"tor":0,"tor_exit_nodes":0,"vpn":0,"relay":0,"proxy":0,"hosting":0,"service":0}},"geometry":{"type":"Point","coordinates":[8.50495,50.56109]}},{"type":"Feature","properties":{"country_code":"USA","city":"Boone","geoname_id":"4456703","h3_hexagon":600189960208777215,"downloaders":{"size":7,"mobile":0,"satellite":0,"tor":0,"tor_exit_nodes":0,"vpn":0,"relay":0,"proxy":0,"hosting":0,"service":0},"uploaders":{"size":5,"mobile":0,"satellite":0,"tor":0,"tor_exit_nodes":0,"vpn":0,"relay":0,"proxy":0,"hosting":0,"service":0}},"geometry":{"type":"Point","coordinates":[-81.67455,36.21679]}},{"type":"Feature","properties":{"country_code":"USA","city":"Huntington Station","geoname_id":"5121650","h3_hexagon":599718772231634943,"downloaders":{"size":7,"mobile":0,"satellite":0,"tor":0,"tor_exit_nodes":0,"vpn":0,"relay":0,"proxy":0,"hosting":0,"service":0},"uploaders":{"size":3,"mobile":0,"satellite":0,"tor":0,"tor_exit_nodes":0,"vpn":0,"relay":0,"proxy":0,"hosting":0,"service":0}},"geometry":{"type":"Point","coordinates":[-73.41151,40.85343]}},{"type":"Feature","properties":{"country_code":"USA","city":"Fairborn","geoname_id":"4511263","h3_hexagon":599727550071046143,"downloaders":{"size":7,"mobile":0,"satellite":0,"tor":0,"tor_exit_nodes":0,"vpn":0,"relay":0,"proxy":0,"hosting":0,"service":0},"uploaders":{"size":3,"mobile":0,"satellite":0,"tor":0,"tor_exit_nodes":0,"vpn":0,"relay":0,"proxy":0,"hosting":0,"service":0}},"geometry":{"type":"Point","coordinates":[-84.01938,39.82089]}},{"type":"Feature","properties":{"country_code":"GBR","city":"Wigan","geoname_id":"2633948","h3_hexagon":599424171834867711,"downloaders":{"size":7,"mobile":3,"satellite":0,"tor":0,"tor_exit_nodes":0,"vpn":0,"relay":0,"proxy":0,"hosting":0,"service":0},"uploaders":{"size":4,"mobile":2,"satellite":0,"tor":0,"tor_exit_nodes":0,"vpn":0,"relay":0,"proxy":0,"hosting":0,"service":0}},"geometry":{"type":"Point","coordinates":[-2.63706,53.54296]}},{"type":"Feature","properties":{"country_code":"USA","city":"Lindon","geoname_id":"5777332","h3_hexagon":599657572168892415,"downloaders":{"size":7,"mobile":0,"satellite":0,"tor":0,"tor_exit_nodes":0,"vpn":0,"relay":0,"proxy":0,"hosting":1,"service":0},"uploaders":{"size":3,"mobile":0,"satellite":0,"tor":0,"tor_exit_nodes":0,"vpn":0,"relay":0,"proxy":0,"hosting":0,"service":0}},"geometry":{"type":"Point","coordinates":[-111.72076,40.34329]}},{"type":"Feature","properties":{"country_code":"USA","city":"Jasmine Estates","geoname_id":"4160100","h3_hexagon":600176851968589823,"downloaders":{"size":7,"mobile":0,"satellite":0,"tor":0,"tor_exit_nodes":0,"vpn":0,"relay":0,"proxy":0,"hosting":0,"service":0},"uploaders":{"size":3,"mobile":0,"satellite":0,"tor":0,"tor_exit_nodes":0,"vpn":0,"relay":0,"proxy":0,"hosting":0,"service":0}},"geometry":{"type":"Point","coordinates":[-82.6901,28.29306]}},{"type":"Feature","properties":{"country_code":"SWE","city":"Nyköping","geoname_id":"2687700","h3_hexagon":599131800526127103,"downloaders":{"size":7,"mobile":0,"satellite":0,"tor":0,"tor_exit_nodes":0,"vpn":2,"relay":0,"proxy":0,"hosting":0,"service":0},"uploaders":{"size":5,"mobile":0,"satellite":0,"tor":0,"tor_exit_nodes":0,"vpn":0,"relay":0,"proxy":0,"hosting":0,"service":0}},"geometry":{"type":"Point","coordinates":[17.00788,58.753]}},{"type":"Feature","properties":{"country_code":"USA","city":"Clearwater","geoname_id":"4151316","h3_hexagon":600176842304913407,"downloaders":{"size":7,"mobile":0,"satellite":0,"tor":0,"tor_exit_nodes":0,"vpn":0,"relay":0,"proxy":0,"hosting":0,"service":0},"uploaders":{"size":3,"mobile":0,"satellite":0,"tor":0,"tor_exit_nodes":0,"vpn":0,"relay":0,"proxy":0,"hosting":0,"service":0}},"geometry":{"type":"Point","coordinates":[-82.8001,27.96585]}},{"type":"Feature","properties":{"country_code":"SVN","city":"Radovljica","geoname_id":"3192063","h3_hexagon":599507788405669887,"downloaders":{"size":7,"mobile":0,"satellite":0,"tor":0,"tor_exit_nodes":0,"vpn":0,"relay":0,"proxy":0,"hosting":0,"service":0},"uploaders":{"size":3,"mobile":0,"satellite":0,"tor":0,"tor_exit_nodes":0,"vpn":0,"relay":0,"proxy":0,"hosting":0,"service":0}},"geometry":{"type":"Point","coordinates":[14.17547,46.34347]}},{"type":"Feature","properties":{"country_code":"ZAF","city":"Pretoria","geoname_id":"964137","h3_hexagon":602301236208730111,"downloaders":{"size":7,"mobile":0,"satellite":0,"tor":0,"tor_exit_nodes":0,"vpn":0,"relay":0,"proxy":0,"hosting":0,"service":0},"uploaders":{"size":3,"mobile":0,"satellite":0,"tor":0,"tor_exit_nodes":0,"vpn":0,"relay":0,"proxy":0,"hosting":0,"service":0}},"geometry":{"type":"Point","coordinates":[28.18783,-25.74486]}},{"type":"Feature","properties":{"country_code":"LKA","city":"Colombo","geoname_id":"1248991","h3_hexagon":600687164950315007,"downloaders":{"size":7,"mobile":2,"satellite":0,"tor":0,"tor_exit_nodes":0,"vpn":0,"relay":0,"proxy":0,"hosting":0,"service":0},"uploaders":{"size":3,"mobile":0,"satellite":0,"tor":0,"tor_exit_nodes":0,"vpn":0,"relay":0,"proxy":0,"hosting":0,"service":0}},"geometry":{"type":"Point","coordinates":[79.84868,6.93548]}},{"type":"Feature","properties":{"country_code":"BEL","city":"Hasselt","geoname_id":"2796491","h3_hexagon":599535143052378111,"downloaders":{"size":6,"mobile":0,"satellite":0,"tor":0,"tor_exit_nodes":0,"vpn":0,"relay":0,"proxy":0,"hosting":0,"service":0},"uploaders":{"size":3,"mobile":0,"satellite":0,"tor":0,"tor_exit_nodes":0,"vpn":0,"relay":0,"proxy":0,"hosting":0,"service":0}},"geometry":{"type":"Point","coordinates":[5.33781,50.93106]}},{"type":"Feature","properties":{"country_code":"PHL","city":"Calamba","geoname_id":"1720681","h3_hexagon":600831308347736063,"downloaders":{"size":6,"mobile":1,"satellite":0,"tor":0,"tor_exit_nodes":0,"vpn":0,"relay":0,"proxy":0,"hosting":0,"service":0},"uploaders":{"size":3,"mobile":1,"satellite":0,"tor":0,"tor_exit_nodes":0,"vpn":0,"relay":0,"proxy":0,"hosting":0,"service":0}},"geometry":{"type":"Point","coordinates":[121.16528,14.21167]}},{"type":"Feature","properties":{"country_code":"IND","city":"Vadodara","geoname_id":"1253573","h3_hexagon":600153754708213759,"downloaders":{"size":6,"mobile":4,"satellite":0,"tor":0,"tor_exit_nodes":0,"vpn":0,"relay":0,"proxy":0,"hosting":0,"service":0},"uploaders":{"size":3,"mobile":2,"satellite":0,"tor":0,"tor_exit_nodes":0,"vpn":0,"relay":0,"proxy":0,"hosting":0,"service":0}},"geometry":{"type":"Point","coordinates":[73.20812,22.29941]}},{"type":"Feature","properties":{"country_code":"USA","city":"Wichita Falls","geoname_id":"4741752","h3_hexagon":599662488832704511,"downloaders":{"size":6,"mobile":0,"satellite":0,"tor":0,"tor_exit_nodes":0,"vpn":0,"relay":0,"proxy":0,"hosting":0,"service":0},"uploaders":{"size":3,"mobile":0,"satellite":0,"tor":0,"tor_exit_nodes":0,"vpn":0,"relay":0,"proxy":0,"hosting":0,"service":0}},"geometry":{"type":"Point","coordinates":[-98.49339,33.91371]}},{"type":"Feature","properties":{"country_code":"USA","city":"Bath","geoname_id":"4957570","h3_hexagon":599721233247895551,"downloaders":{"size":6,"mobile":0,"satellite":0,"tor":0,"tor_exit_nodes":0,"vpn":0,"relay":0,"proxy":0,"hosting":0,"service":0},"uploaders":{"size":4,"mobile":0,"satellite":0,"tor":0,"tor_exit_nodes":0,"vpn":0,"relay":0,"proxy":0,"hosting":0,"service":0}},"geometry":{"type":"Point","coordinates":[-69.8206,43.91064]}},{"type":"Feature","properties":{"country_code":"USA","city":"Gaithersburg","geoname_id":"4355843","h3_hexagon":599729191822295039,"downloaders":{"size":6,"mobile":0,"satellite":0,"tor":0,"tor_exit_nodes":0,"vpn":0,"relay":0,"proxy":0,"hosting":0,"service":0},"uploaders":{"size":3,"mobile":0,"satellite":0,"tor":0,"tor_exit_nodes":0,"vpn":0,"relay":0,"proxy":0,"hosting":0,"service":0}},"geometry":{"type":"Point","coordinates":[-77.20137,39.14344]}},{"type":"Feature","properties":{"country_code":"USA","city":"Winter Haven","geoname_id":"4178552","h3_hexagon":600186673485053951,"downloaders":{"size":6,"mobile":0,"satellite":0,"tor":0,"tor_exit_nodes":0,"vpn":0,"relay":0,"proxy":0,"hosting":0,"service":0},"uploaders":{"size":3,"mobile":0,"satellite":0,"tor":0,"tor_exit_nodes":0,"vpn":0,"relay":0,"proxy":0,"hosting":0,"service":0}},"geometry":{"type":"Point","coordinates":[-81.73286,28.02224]}},{"type":"Feature","properties":{"country_code":"USA","city":"West Chester","geoname_id":"4562144","h3_hexagon":599729480658845695,"downloaders":{"size":6,"mobile":0,"satellite":0,"tor":0,"tor_exit_nodes":0,"vpn":0,"relay":0,"proxy":0,"hosting":0,"service":0},"uploaders":{"size":5,"mobile":0,"satellite":0,"tor":0,"tor_exit_nodes":0,"vpn":0,"relay":0,"proxy":0,"hosting":0,"service":0}},"geometry":{"type":"Point","coordinates":[-75.60804,39.96097]}},{"type":"Feature","properties":{"country_code":"PAK","city":"Peshawar","geoname_id":"1168197","h3_hexagon":600147362723135487,"downloaders":{"size":6,"mobile":0,"satellite":0,"tor":0,"tor_exit_nodes":0,"vpn":0,"relay":0,"proxy":0,"hosting":0,"service":0},"uploaders":{"size":3,"mobile":0,"satellite":0,"tor":0,"tor_exit_nodes":0,"vpn":0,"relay":0,"proxy":0,"hosting":0,"service":0}},"geometry":{"type":"Point","coordinates":[71.57849,34.008]}},{"type":"Feature","properties":{"country_code":"USA","city":"Mooresville","geoname_id":"4480125","h3_hexagon":600190125565018111,"downloaders":{"size":6,"mobile":0,"satellite":0,"tor":0,"tor_exit_nodes":0,"vpn":0,"relay":0,"proxy":0,"hosting":0,"service":0},"uploaders":{"size":4,"mobile":0,"satellite":0,"tor":0,"tor_exit_nodes":0,"vpn":0,"relay":0,"proxy":0,"hosting":0,"service":0}},"geometry":{"type":"Point","coordinates":[-80.81007,35.58486]}},{"type":"Feature","properties":{"country_code":"USA","city":"Tucker","geoname_id":"4227213","h3_hexagon":600188298056433663,"downloaders":{"size":6,"mobile":6,"satellite":0,"tor":0,"tor_exit_nodes":0,"vpn":0,"relay":0,"proxy":0,"hosting":0,"service":0},"uploaders":{"size":3,"mobile":3,"satellite":0,"tor":0,"tor_exit_nodes":0,"vpn":0,"relay":0,"proxy":0,"hosting":0,"service":0}},"geometry":{"type":"Point","coordinates":[-84.21714,33.85455]}},{"type":"Feature","properties":{"country_code":"USA","city":"Bay City","geoname_id":"4985180","h3_hexagon":599672227671048191,"downloaders":{"size":6,"mobile":0,"satellite":0,"tor":0,"tor_exit_nodes":0,"vpn":0,"relay":0,"proxy":0,"hosting":0,"service":0},"uploaders":{"size":6,"mobile":0,"satellite":0,"tor":0,"tor_exit_nodes":0,"vpn":0,"relay":0,"proxy":0,"hosting":0,"service":0}},"geometry":{"type":"Point","coordinates":[-83.88886,43.59447]}},{"type":"Feature","properties":{"country_code":"BRA","city":"Santa Rosa","geoname_id":"3449822","h3_hexagon":601957650636210175,"downloaders":{"size":6,"mobile":0,"satellite":0,"tor":0,"tor_exit_nodes":0,"vpn":0,"relay":0,"proxy":0,"hosting":0,"service":0},"uploaders":{"size":3,"mobile":0,"satellite":0,"tor":0,"tor_exit_nodes":0,"vpn":0,"relay":0,"proxy":0,"hosting":0,"service":0}},"geometry":{"type":"Point","coordinates":[-54.48139,-27.87083]}},{"type":"Feature","properties":{"country_code":"CAN","city":"Caledon","geoname_id":"5913414","h3_hexagon":599745806903279615,"downloaders":{"size":5,"mobile":0,"satellite":0,"tor":0,"tor_exit_nodes":0,"vpn":0,"relay":0,"proxy":0,"hosting":0,"service":0},"uploaders":{"size":4,"mobile":0,"satellite":0,"tor":0,"tor_exit_nodes":0,"vpn":0,"relay":0,"proxy":0,"hosting":0,"service":0}},"geometry":{"type":"Point","coordinates":[-79.99322,43.86544]}},{"type":"Feature","properties":{"country_code":"USA","city":"Redwood City","geoname_id":"5386834","h3_hexagon":599686023106002943,"downloaders":{"size":5,"mobile":0,"satellite":0,"tor":0,"tor_exit_nodes":0,"vpn":0,"relay":0,"proxy":0,"hosting":0,"service":0},"uploaders":{"size":3,"mobile":0,"satellite":0,"tor":0,"tor_exit_nodes":0,"vpn":0,"relay":0,"proxy":0,"hosting":0,"service":0}},"geometry":{"type":"Point","coordinates":[-122.23635,37.48522]}},{"type":"Feature","properties":{"country_code":"USA","city":"Prescott","geoname_id":"5268045","h3_hexagon":599650312600420351,"downloaders":{"size":5,"mobile":0,"satellite":0,"tor":0,"tor_exit_nodes":0,"vpn":0,"relay":0,"proxy":0,"hosting":0,"service":0},"uploaders":{"size":4,"mobile":0,"satellite":0,"tor":0,"tor_exit_nodes":0,"vpn":0,"relay":0,"proxy":0,"hosting":0,"service":0}},"geometry":{"type":"Point","coordinates":[-92.80215,44.74886]}},{"type":"Feature","properties":{"country_code":"USA","city":"Anchorage","geoname_id":"5879400","h3_hexagon":599197775518760959,"downloaders":{"size":5,"mobile":0,"satellite":0,"tor":0,"tor_exit_nodes":0,"vpn":0,"relay":0,"proxy":0,"hosting":0,"service":0},"uploaders":{"size":4,"mobile":0,"satellite":0,"tor":0,"tor_exit_nodes":0,"vpn":0,"relay":0,"proxy":0,"hosting":0,"service":0}},"geometry":{"type":"Point","coordinates":[-149.90028,61.21806]}},{"type":"Feature","properties":{"country_code":"GBR","city":"Poole","geoname_id":"2640101","h3_hexagon":599424704410812415,"downloaders":{"size":5,"mobile":2,"satellite":0,"tor":0,"tor_exit_nodes":0,"vpn":0,"relay":0,"proxy":0,"hosting":0,"service":0},"uploaders":{"size":3,"mobile":1,"satellite":0,"tor":0,"tor_exit_nodes":0,"vpn":0,"relay":0,"proxy":0,"hosting":0,"service":0}},"geometry":{"type":"Point","coordinates":[-1.98458,50.71429]}},{"type":"Feature","properties":{"country_code":"CHE","city":"Wil","geoname_id":"2657996","h3_hexagon":599533920060440575,"downloaders":{"size":5,"mobile":0,"satellite":0,"tor":0,"tor_exit_nodes":0,"vpn":0,"relay":0,"proxy":0,"hosting":0,"service":0},"uploaders":{"size":4,"mobile":0,"satellite":0,"tor":0,"tor_exit_nodes":0,"vpn":0,"relay":0,"proxy":0,"hosting":0,"service":0}},"geometry":{"type":"Point","coordinates":[9.04552,47.46152]}},{"type":"Feature","properties":{"country_code":"NLD","city":"Ede","geoname_id":"2756429","h3_hexagon":599425816807342079,"downloaders":{"size":5,"mobile":0,"satellite":0,"tor":0,"tor_exit_nodes":0,"vpn":0,"relay":0,"proxy":0,"hosting":0,"service":0},"uploaders":{"size":3,"mobile":0,"satellite":0,"tor":0,"tor_exit_nodes":0,"vpn":0,"relay":0,"proxy":0,"hosting":0,"service":0}},"geometry":{"type":"Point","coordinates":[5.65833,52.03333]}},{"type":"Feature","properties":{"country_code":"USA","city":"Suffolk","geoname_id":"4788158","h3_hexagon":599734292095959039,"downloaders":{"size":5,"mobile":0,"satellite":0,"tor":0,"tor_exit_nodes":0,"vpn":0,"relay":0,"proxy":0,"hosting":0,"service":0},"uploaders":{"size":3,"mobile":0,"satellite":0,"tor":0,"tor_exit_nodes":0,"vpn":0,"relay":0,"proxy":0,"hosting":0,"service":0}},"geometry":{"type":"Point","coordinates":[-76.58496,36.72836]}},{"type":"Feature","properties":{"country_code":"USA","city":"Red Bank","geoname_id":"5103159","h3_hexagon":599718967652646911,"downloaders":{"size":5,"mobile":0,"satellite":0,"tor":0,"tor_exit_nodes":0,"vpn":0,"relay":0,"proxy":0,"hosting":0,"service":0},"uploaders":{"size":3,"mobile":0,"satellite":0,"tor":0,"tor_exit_nodes":0,"vpn":0,"relay":0,"proxy":0,"hosting":0,"service":0}},"geometry":{"type":"Point","coordinates":[-74.06431,40.34705]}},{"type":"Feature","properties":{"country_code":"USA","city":"Woodstock","geoname_id":"4231874","h3_hexagon":600189092625383423,"downloaders":{"size":5,"mobile":1,"satellite":0,"tor":0,"tor_exit_nodes":0,"vpn":0,"relay":0,"proxy":0,"hosting":0,"service":0},"uploaders":{"size":3,"mobile":0,"satellite":0,"tor":0,"tor_exit_nodes":0,"vpn":0,"relay":0,"proxy":0,"hosting":0,"service":0}},"geometry":{"type":"Point","coordinates":[-84.51938,34.10149]}},{"type":"Feature","properties":{"country_code":"ITA","city":"Melzo","geoname_id":"3173599","h3_hexagon":599534629803786239,"downloaders":{"size":5,"mobile":0,"satellite":0,"tor":0,"tor_exit_nodes":0,"vpn":0,"relay":0,"proxy":0,"hosting":0,"service":0},"uploaders":{"size":3,"mobile":0,"satellite":0,"tor":0,"tor_exit_nodes":0,"vpn":0,"relay":0,"proxy":0,"hosting":0,"service":0}},"geometry":{"type":"Point","coordinates":[9.42043,45.4981]}},{"type":"Feature","properties":{"country_code":"USA","city":"The Colony","geoname_id":"4736388","h3_hexagon":599661029617565695,"downloaders":{"size":4,"mobile":4,"satellite":0,"tor":0,"tor_exit_nodes":0,"vpn":0,"relay":0,"proxy":0,"hosting":0,"service":0},"uploaders":{"size":3,"mobile":3,"satellite":0,"tor":0,"tor_exit_nodes":0,"vpn":0,"relay":0,"proxy":0,"hosting":0,"service":0}},"geometry":{"type":"Point","coordinates":[-96.88639,33.08901]}},{"type":"Feature","properties":{"country_code":"USA","city":"Vineland","geoname_id":"4504621","h3_hexagon":599718957988970495,"downloaders":{"size":4,"mobile":0,"satellite":0,"tor":0,"tor_exit_nodes":0,"vpn":0,"relay":0,"proxy":0,"hosting":0,"service":0},"uploaders":{"size":4,"mobile":0,"satellite":0,"tor":0,"tor_exit_nodes":0,"vpn":0,"relay":0,"proxy":0,"hosting":0,"service":0}},"geometry":{"type":"Point","coordinates":[-75.02573,39.48623]}},{"type":"Feature","properties":{"country_code":"NOR","city":"Haugesund","geoname_id":"3153623","h3_hexagon":599145907346210815,"downloaders":{"size":4,"mobile":0,"satellite":0,"tor":0,"tor_exit_nodes":0,"vpn":0,"relay":0,"proxy":0,"hosting":0,"service":0},"uploaders":{"size":3,"mobile":0,"satellite":0,"tor":0,"tor_exit_nodes":0,"vpn":0,"relay":0,"proxy":0,"hosting":0,"service":0}},"geometry":{"type":"Point","coordinates":[5.268,59.41378]}},{"type":"Feature","properties":{"country_code":"CAN","city":"Zephyr","geoname_id":"6186038","h3_hexagon":599745693086646271,"downloaders":{"size":4,"mobile":0,"satellite":0,"tor":0,"tor_exit_nodes":0,"vpn":0,"relay":0,"proxy":0,"hosting":0,"service":0},"uploaders":{"size":4,"mobile":0,"satellite":0,"tor":0,"tor_exit_nodes":0,"vpn":0,"relay":0,"proxy":0,"hosting":0,"service":0}},"geometry":{"type":"Point","coordinates":[-79.2663,44.20011]}},{"type":"Feature","properties":{"country_code":"USA","city":"New Caney","geoname_id":"4714149","h3_hexagon":600182453679685631,"downloaders":{"size":4,"mobile":0,"satellite":0,"tor":0,"tor_exit_nodes":0,"vpn":0,"relay":0,"proxy":0,"hosting":0,"service":0},"uploaders":{"size":3,"mobile":0,"satellite":0,"tor":0,"tor_exit_nodes":0,"vpn":0,"relay":0,"proxy":0,"hosting":0,"service":0}},"geometry":{"type":"Point","coordinates":[-95.21132,30.15522]}},{"type":"Feature","properties":{"country_code":"USA","city":"Bel Air","geoname_id":"4348240","h3_hexagon":599729472068911103,"downloaders":{"size":4,"mobile":0,"satellite":0,"tor":0,"tor_exit_nodes":0,"vpn":0,"relay":0,"proxy":0,"hosting":0,"service":0},"uploaders":{"size":4,"mobile":0,"satellite":0,"tor":0,"tor_exit_nodes":0,"vpn":0,"relay":0,"proxy":0,"hosting":0,"service":0}},"geometry":{"type":"Point","coordinates":[-76.34829,39.53594]}},{"type":"Feature","properties":{"country_code":"USA","city":"Winchester","geoname_id":"4794120","h3_hexagon":599729360399761407,"downloaders":{"size":4,"mobile":0,"satellite":0,"tor":0,"tor_exit_nodes":0,"vpn":0,"relay":0,"proxy":0,"hosting":0,"service":0},"uploaders":{"size":3,"mobile":0,"satellite":0,"tor":0,"tor_exit_nodes":0,"vpn":0,"relay":0,"proxy":0,"hosting":0,"service":0}},"geometry":{"type":"Point","coordinates":[-78.16333,39.18566]}},{"type":"Feature","properties":{"country_code":"USA","city":"Baxter","geoname_id":"4604411","h3_hexagon":600188837074829311,"downloaders":{"size":4,"mobile":0,"satellite":0,"tor":0,"tor_exit_nodes":0,"vpn":0,"relay":0,"proxy":0,"hosting":0,"service":0},"uploaders":{"size":4,"mobile":0,"satellite":0,"tor":0,"tor_exit_nodes":0,"vpn":0,"relay":0,"proxy":0,"hosting":0,"service":0}},"geometry":{"type":"Point","coordinates":[-85.64359,36.15367]}},{"type":"Feature","properties":{"country_code":"USA","city":"Kansas","geoname_id":"5159405","h3_hexagon":599727798105407487,"downloaders":{"size":4,"mobile":0,"satellite":0,"tor":0,"tor_exit_nodes":0,"vpn":4,"relay":0,"proxy":0,"hosting":4,"service":4},"uploaders":{"size":4,"mobile":0,"satellite":0,"tor":0,"tor_exit_nodes":0,"vpn":4,"relay":0,"proxy":0,"hosting":4,"service":4}},"geometry":{"type":"Point","coordinates":[-83.28465,41.24505]}},{"type":"Feature","properties":{"country_code":"LKA","city":"Kandy","geoname_id":"1241622","h3_hexagon":600686405814845439,"downloaders":{"size":4,"mobile":0,"satellite":0,"tor":0,"tor_exit_nodes":0,"vpn":0,"relay":0,"proxy":0,"hosting":0,"service":0},"uploaders":{"size":4,"mobile":0,"satellite":0,"tor":0,"tor_exit_nodes":0,"vpn":0,"relay":0,"proxy":0,"hosting":0,"service":0}},"geometry":{"type":"Point","coordinates":[80.6336,7.2906]}},{"type":"Feature","properties":{"country_code":"USA","city":"Pennington","geoname_id":"5102535","h3_hexagon":599718982685032447,"downloaders":{"size":4,"mobile":0,"satellite":0,"tor":0,"tor_exit_nodes":0,"vpn":0,"relay":0,"proxy":0,"hosting":0,"service":0},"uploaders":{"size":3,"mobile":0,"satellite":0,"tor":0,"tor_exit_nodes":0,"vpn":0,"relay":0,"proxy":0,"hosting":0,"service":0}},"geometry":{"type":"Point","coordinates":[-74.79072,40.32844]}},{"type":"Feature","properties":{"country_code":"USA","city":"Columbus","geoname_id":"5066001","h3_hexagon":599649296840654847,"downloaders":{"size":4,"mobile":0,"satellite":0,"tor":0,"tor_exit_nodes":0,"vpn":0,"relay":0,"proxy":0,"hosting":0,"service":0},"uploaders":{"size":3,"mobile":0,"satellite":0,"tor":0,"tor_exit_nodes":0,"vpn":0,"relay":0,"proxy":0,"hosting":0,"service":0}},"geometry":{"type":"Point","coordinates":[-97.36838,41.42973]}},{"type":"Feature","properties":{"country_code":"FRA","city":"Elbeuf","geoname_id":"3020307","h3_hexagon":599407940079714303,"downloaders":{"size":4,"mobile":1,"satellite":0,"tor":0,"tor_exit_nodes":0,"vpn":0,"relay":0,"proxy":0,"hosting":0,"service":0},"uploaders":{"size":3,"mobile":0,"satellite":0,"tor":0,"tor_exit_nodes":0,"vpn":0,"relay":0,"proxy":0,"hosting":0,"service":0}},"geometry":{"type":"Point","coordinates":[1.00288,49.28669]}},{"type":"Feature","properties":{"country_code":"USA","city":"Buies Creek","geoname_id":"4458033","h3_hexagon":599732334664613887,"downloaders":{"size":4,"mobile":0,"satellite":0,"tor":0,"tor_exit_nodes":0,"vpn":0,"relay":0,"proxy":0,"hosting":0,"service":0},"uploaders":{"size":4,"mobile":0,"satellite":0,"tor":0,"tor_exit_nodes":0,"vpn":0,"relay":0,"proxy":0,"hosting":0,"service":0}},"geometry":{"type":"Point","coordinates":[-78.73557,35.41322]}},{"type":"Feature","properties":{"country_code":"USA","city":"Sterling","geoname_id":"4912499","h3_hexagon":599671115274518527,"downloaders":{"size":4,"mobile":0,"satellite":0,"tor":0,"tor_exit_nodes":0,"vpn":0,"relay":0,"proxy":0,"hosting":0,"service":0},"uploaders":{"size":3,"mobile":0,"satellite":0,"tor":0,"tor_exit_nodes":0,"vpn":0,"relay":0,"proxy":0,"hosting":0,"service":0}},"geometry":{"type":"Point","coordinates":[-89.69622,41.78864]}},{"type":"Feature","properties":{"country_code":"USA","city":"Great Falls","geoname_id":"5655240","h3_hexagon":599674765996720127,"downloaders":{"size":4,"mobile":0,"satellite":0,"tor":0,"tor_exit_nodes":0,"vpn":0,"relay":0,"proxy":0,"hosting":0,"service":0},"uploaders":{"size":3,"mobile":0,"satellite":0,"tor":0,"tor_exit_nodes":0,"vpn":0,"relay":0,"proxy":0,"hosting":0,"service":0}},"geometry":{"type":"Point","coordinates":[-111.30081,47.50024]}},{"type":"Feature","properties":{"country_code":"USA","city":"Loghill Village","geoname_id":"5429156","h3_hexagon":599658063942647807,"downloaders":{"size":4,"mobile":0,"satellite":0,"tor":0,"tor_exit_nodes":0,"vpn":0,"relay":0,"proxy":0,"hosting":0,"service":0},"uploaders":{"size":3,"mobile":0,"satellite":0,"tor":0,"tor_exit_nodes":0,"vpn":0,"relay":0,"proxy":0,"hosting":0,"service":0}},"geometry":{"type":"Point","coordinates":[-107.7795,38.19527]}},{"type":"Feature","properties":{"country_code":"USA","city":"McPherson","geoname_id":"4275261","h3_hexagon":599662668147589119,"downloaders":{"size":4,"mobile":0,"satellite":0,"tor":0,"tor_exit_nodes":0,"vpn":0,"relay":0,"proxy":0,"hosting":0,"service":0},"uploaders":{"size":3,"mobile":0,"satellite":0,"tor":0,"tor_exit_nodes":0,"vpn":0,"relay":0,"proxy":0,"hosting":0,"service":0}},"geometry":{"type":"Point","coordinates":[-97.66421,38.37084]}},{"type":"Feature","properties":{"country_code":"BRA","city":"Porto Seguro","geoname_id":"3452640","h3_hexagon":601891806640078847,"downloaders":{"size":4,"mobile":0,"satellite":0,"tor":0,"tor_exit_nodes":0,"vpn":0,"relay":0,"proxy":0,"hosting":0,"service":0},"uploaders":{"size":3,"mobile":0,"satellite":0,"tor":0,"tor_exit_nodes":0,"vpn":0,"relay":0,"proxy":0,"hosting":0,"service":0}},"geometry":{"type":"Point","coordinates":[-39.06472,-16.44972]}},{"type":"Feature","properties":{"country_code":"USA","city":"Anderson","geoname_id":"4917592","h3_hexagon":599727678920065023,"downloaders":{"size":4,"mobile":0,"satellite":0,"tor":0,"tor_exit_nodes":0,"vpn":0,"relay":0,"proxy":0,"hosting":0,"service":0},"uploaders":{"size":4,"mobile":0,"satellite":0,"tor":0,"tor_exit_nodes":0,"vpn":0,"relay":0,"proxy":0,"hosting":0,"service":0}},"geometry":{"type":"Point","coordinates":[-85.68025,40.10532]}},{"type":"Feature","properties":{"country_code":"FRA","city":"Mehun-sur-Yèvre","geoname_id":"2994756","h3_hexagon":599536359601864703,"downloaders":{"size":4,"mobile":4,"satellite":0,"tor":0,"tor_exit_nodes":0,"vpn":0,"relay":0,"proxy":0,"hosting":0,"service":0},"uploaders":{"size":3,"mobile":3,"satellite":0,"tor":0,"tor_exit_nodes":0,"vpn":0,"relay":0,"proxy":0,"hosting":0,"service":0}},"geometry":{"type":"Point","coordinates":[2.21105,47.13782]}},{"type":"Feature","properties":{"country_code":"IDN","city":"Samarinda","geoname_id":"1629001","h3_hexagon":600817861878874111,"downloaders":{"size":4,"mobile":0,"satellite":0,"tor":0,"tor_exit_nodes":0,"vpn":0,"relay":0,"proxy":0,"hosting":0,"service":0},"uploaders":{"size":3,"mobile":0,"satellite":0,"tor":0,"tor_exit_nodes":0,"vpn":0,"relay":0,"proxy":0,"hosting":0,"service":0}},"geometry":{"type":"Point","coordinates":[117.14583,-0.49167]}},{"type":"Feature","properties":{"country_code":"USA","city":"Trussville","geoname_id":"4094212","h3_hexagon":600190974894800895,"downloaders":{"size":4,"mobile":0,"satellite":0,"tor":0,"tor_exit_nodes":0,"vpn":0,"relay":0,"proxy":0,"hosting":0,"service":0},"uploaders":{"size":3,"mobile":0,"satellite":0,"tor":0,"tor_exit_nodes":0,"vpn":0,"relay":0,"proxy":0,"hosting":0,"service":0}},"geometry":{"type":"Point","coordinates":[-86.60888,33.61983]}},{"type":"Feature","properties":{"country_code":"USA","city":"Dripping Springs","geoname_id":"4686903","h3_hexagon":600255890104254463,"downloaders":{"size":3,"mobile":0,"satellite":0,"tor":0,"tor_exit_nodes":0,"vpn":0,"relay":0,"proxy":0,"hosting":0,"service":0},"uploaders":{"size":3,"mobile":0,"satellite":0,"tor":0,"tor_exit_nodes":0,"vpn":0,"relay":0,"proxy":0,"hosting":0,"service":0}},"geometry":{"type":"Point","coordinates":[-98.08668,30.19021]}},{"type":"Feature","properties":{"country_code":"USA","city":"Lake Saint Louis","geoname_id":"4394302","h3_hexagon":599652096085590015,"downloaders":{"size":3,"mobile":0,"satellite":0,"tor":0,"tor_exit_nodes":0,"vpn":0,"relay":0,"proxy":0,"hosting":0,"service":0},"uploaders":{"size":3,"mobile":0,"satellite":0,"tor":0,"tor_exit_nodes":0,"vpn":0,"relay":0,"proxy":0,"hosting":0,"service":0}},"geometry":{"type":"Point","coordinates":[-90.78568,38.79755]}},{"type":"Feature","properties":{"country_code":"NZL","city":"Wanaka","geoname_id":"2184707","h3_hexagon":602822891125342207,"downloaders":{"size":3,"mobile":3,"satellite":0,"tor":0,"tor_exit_nodes":0,"vpn":0,"relay":0,"proxy":0,"hosting":0,"service":0},"uploaders":{"size":3,"mobile":3,"satellite":0,"tor":0,"tor_exit_nodes":0,"vpn":0,"relay":0,"proxy":0,"hosting":0,"service":0}},"geometry":{"type":"Point","coordinates":[169.15,-44.7]}},{"type":"Feature","properties":{"country_code":"GBR","city":"Oswestry","geoname_id":"2640861","h3_hexagon":599425055524388863,"downloaders":{"size":3,"mobile":3,"satellite":0,"tor":0,"tor_exit_nodes":0,"vpn":0,"relay":0,"proxy":0,"hosting":0,"service":0},"uploaders":{"size":3,"mobile":3,"satellite":0,"tor":0,"tor_exit_nodes":0,"vpn":0,"relay":0,"proxy":0,"hosting":0,"service":0}},"geometry":{"type":"Point","coordinates":[-3.05497,52.86195]}},{"type":"Feature","properties":{"country_code":"GRC","city":"Chalandrítsa","geoname_id":"260171","h3_hexagon":600090169864880127,"downloaders":{"size":3,"mobile":3,"satellite":0,"tor":0,"tor_exit_nodes":0,"vpn":0,"relay":0,"proxy":0,"hosting":0,"service":0},"uploaders":{"size":3,"mobile":3,"satellite":0,"tor":0,"tor_exit_nodes":0,"vpn":0,"relay":0,"proxy":0,"hosting":0,"service":0}},"geometry":{"type":"Point","coordinates":[21.78349,38.10843]}},{"type":"Feature","properties":{"country_code":"CAN","city":"Cranbrook","geoname_id":"5931800","h3_hexagon":599310642964332543,"downloaders":{"size":3,"mobile":0,"satellite":0,"tor":0,"tor_exit_nodes":0,"vpn":0,"relay":0,"proxy":0,"hosting":0,"service":0},"uploaders":{"size":3,"mobile":0,"satellite":0,"tor":0,"tor_exit_nodes":0,"vpn":0,"relay":0,"proxy":0,"hosting":0,"service":0}},"geometry":{"type":"Point","coordinates":[-115.76879,49.49991]}}]}